experiment,algorithm,seed,independentVariable,submittedTasks,completedTasks,deadlineMetTasks,totalCost,dsr,act,cue,avgActiveVms,creditStarvationEvents,fallbackActiveVmSlots,runtimeMs
active_vm_count,BADP,10000,2000.0,3000,3000,3000,6.937493333332836,100.0,2.5246666666666666,81.57099697885197,3.03125,11.0,4316.0,0.006492850678733031
active_vm_count,BADP,10001,2000.0,3000,3000,3000,6.866879999999512,100.0,2.674,85.05636689725851,3.001388888888889,11.0,4271.0,0.012368465116279068
active_vm_count,BADP,10002,2000.0,3000,3000,3000,7.058773333332817,100.0,2.4326666666666665,81.48266496245405,3.079861111111111,4.0,4397.0,0.007935117967332124
active_vm_count,BADP,10003,2000.0,3000,3000,3000,6.916639999999499,100.0,2.144,79.68379446640316,3.0076388888888888,0.0,4319.0,0.00862354521038496
active_vm_count,BADP,10004,2000.0,3000,3000,3000,6.948319999999496,100.0,2.6696666666666666,82.9704567113848,3.040277777777778,9.0,4318.0,0.00973179347826087
active_vm_count,BADP,10005,2000.0,3000,3000,3000,6.825226666666187,100.0,2.8273333333333333,84.18370813234593,2.9923611111111112,12.0,4235.0,0.005681384892086331
active_vm_count,BADP,10006,2000.0,3000,2999,2999,6.916906666666172,99.96666666666667,2.653551183727909,79.99134948096886,3.0215277777777776,9.0,4304.0,0.009294686411149826
active_vm_count,BADP,10007,2000.0,3000,2998,2998,7.070933333332821,99.93333333333334,2.597731821214143,82.86367660076719,3.0875,11.0,4402.0,0.006477217553688142
active_vm_count,BADP,10008,2000.0,3000,2999,2999,6.9489066666661685,99.96666666666667,2.851950650216739,82.88892162639954,3.035416666666667,9.0,4324.0,0.005293881278538813
active_vm_count,BADP,10009,2000.0,3000,2998,2998,6.985653333332835,99.93333333333334,2.822881921280854,86.01256356565958,3.060416666666667,18.0,4337.0,0.006228240740740741
active_vm_count,BADP,10010,2000.0,3000,3000,3000,6.856799999999518,100.0,2.9553333333333334,80.25608194622279,3.0076388888888888,20.0,4253.0,0.008267432950191571
active_vm_count,BADP,10011,2000.0,3000,3000,3000,6.98266666666617,100.0,3.0933333333333333,81.92310691725805,3.0701388888888888,24.0,4323.0,0.00864808888888889
active_vm_count,BADP,10012,2000.0,3000,3000,3000,6.961919999999501,100.0,2.888,81.54164675903806,3.040277777777778,11.0,4333.0,0.039850597976080954
active_vm_count,BADP,10013,2000.0,3000,2996,2996,6.990559999999494,99.86666666666666,2.2907209612817088,79.79030144167758,3.0444444444444443,2.0,4360.0,0.007503386809269161
active_vm_count,BADP,10014,2000.0,3000,2999,2999,6.912693333332837,99.96666666666667,2.5421807269089696,79.87820791648542,3.0145833333333334,2.0,4307.0,0.009142587601078167
active_vm_count,BADP,10015,2000.0,3000,2999,2999,7.086933333332815,99.96666666666667,2.0480160053351115,79.69271290605795,3.0819444444444444,0.0,4425.0,0.005277463581833762
active_vm_count,BADP,10016,2000.0,3000,3000,3000,6.951786666666167,100.0,2.874,85.991611743559,3.04375,19.0,4318.0,0.036063305322128855
active_vm_count,BADP,10017,2000.0,3000,2997,2997,7.119199999999478,99.9,2.1254587921254586,79.73718791064388,3.098611111111111,4.0,4443.0,0.010551694915254237
active_vm_count,BADP,10018,2000.0,3000,2998,2998,7.035999999999487,99.93333333333334,2.0053368912608405,79.73718791064388,3.0625,2.0,4391.0,0.01241739879414298
active_vm_count,BADP,10019,2000.0,3000,2999,2999,6.817226666666178,99.96666666666667,2.217739246415472,79.70162351908732,2.9652777777777777,0.0,4256.0,0.013312104787714543
active_vm_count,BADP,10020,2000.0,3000,3000,3000,7.193226666666136,100.0,1.9646666666666666,79.70162351908732,3.1284722222222223,2.0,4491.0,0.0068114617940199336
active_vm_count,BADP,10021,2000.0,3000,2999,2999,7.013706666666159,99.96666666666667,2.2970990330110035,79.86068785372224,3.057638888888889,2.0,4371.0,0.011241970802919707
active_vm_count,BADP,10022,2000.0,3000,3000,3000,7.079733333332817,100.0,2.194,79.82555604012211,3.084722222222222,4.0,4414.0,0.013823661485319516
active_vm_count,BADP,10023,2000.0,3000,3000,3000,7.094933333332815,100.0,2.6193333333333335,82.86367660076719,3.0972222222222223,4.0,4417.0,0.006651872659176029
active_vm_count,BADP,10024,2000.0,3000,3000,3000,6.918559999999501,100.0,2.630333333333333,85.94529606251876,3.025,7.0,4302.0,0.013223170731707316
active_vm_count,BADP,10025,2000.0,3000,2998,2998,6.850293333332842,99.93333333333334,2.309873248832555,79.87820791648542,2.9875,5.0,4268.0,0.015007362534948743
active_vm_count,BADP,10026,2000.0,3000,2999,2999,6.963519999999495,99.96666666666667,2.1593864621540515,79.71052631578948,3.029166666666667,1.0,4347.0,0.009198995433789955
active_vm_count,BADP,10027,2000.0,3000,3000,3000,7.03898666666616,100.0,2.65,85.9283779717123,3.0756944444444443,10.0,4379.0,0.013006761565836298
active_vm_count,BADP,10028,2000.0,3000,2998,2998,7.053919999999486,99.93333333333334,2.313542361574383,79.84313725490196,3.075,3.0,4397.0,0.009917935258092737
active_vm_count,BADP,10029,2000.0,3000,3000,3000,6.880746666666175,100.0,2.4516666666666667,79.93928881179532,3.0034722222222223,3.0,4284.0,0.011045166959578207
active_vm_count,BADP_PLUS,10000,2000.0,3000,3000,3000,6.925599999999499,100.0,2.5816666666666666,86.58306132966842,3.013888888888889,0.0,4322.0,0.04663076923076923
active_vm_count,BADP_PLUS,10001,2000.0,3000,3000,3000,6.858186666666174,100.0,2.744666666666667,87.92652265380471,2.986111111111111,0.0,4279.0,0.06203451162790698
active_vm_count,BADP_PLUS,10002,2000.0,3000,3000,3000,7.063413333332817,100.0,2.4926666666666666,84.88695990153526,3.0729166666666665,0.0,4409.0,0.05926941923774954
active_vm_count,BADP_PLUS,10003,2000.0,3000,3000,3000,6.916639999999499,100.0,2.144,79.68379446640316,3.0076388888888888,0.0,4319.0,0.05936714413607879
active_vm_count,BADP_PLUS,10004,2000.0,3000,3000,3000,6.933173333332831,100.0,2.731333333333333,89.01696490820356,3.020138888888889,0.0,4325.0,0.09597726449275362
active_vm_count,BADP_PLUS,10005,2000.0,3000,3000,3000,6.819573333332844,100.0,2.8053333333333335,89.01696490820356,2.970138888888889,0.0,4254.0,0.04207535971223021
active_vm_count,BADP_PLUS,10006,2000.0,3000,2999,2999,6.907733333332834,99.96666666666667,2.6608869623207734,81.30343603807064,3.004166666666667,0.0,4313.0,0.03744756097560976
active_vm_count,BADP_PLUS,10007,2000.0,3000,2998,2998,7.0660533333328175,99.93333333333334,2.5783855903935957,86.19703358594049,3.075,0.0,4410.0,0.040852567693744166
active_vm_count,BADP_PLUS,10008,2000.0,3000,2999,2999,6.931093333332833,99.96666666666667,2.8966322107369122,87.29162156310889,3.0166666666666666,0.0,4325.0,0.06114438356164384
active_vm_count,BADP_PLUS,10009,2000.0,3000,2998,2998,6.977066666666161,99.93333333333334,2.885256837891928,89.48863636363635,3.0395833333333333,0.0,4352.0,0.04293175925925926
active_vm_count,BADP_PLUS,10010,2000.0,3000,3000,3000,6.851013333332842,100.0,3.0113333333333334,89.70891488853675,2.984027777777778,0.0,4273.0,0.06717116858237548
active_vm_count,BADP_PLUS,10011,2000.0,3000,3000,3000,7.00351999999949,100.0,2.5596666666666668,83.8602329450915,3.046527777777778,0.0,4372.0,0.0718575111111111
active_vm_count,BADP_PLUS,10012,2000.0,3000,3000,3000,6.955573333332831,100.0,2.883,89.01696490820356,3.0305555555555554,0.0,4339.0,0.08689484820607175
active_vm_count,BADP_PLUS,10013,2000.0,3000,2996,2996,6.982239999999493,99.86666666666666,2.294392523364486,79.68379446640316,3.036111111111111,0.0,4360.0,0.03745401069518717
active_vm_count,BADP_PLUS,10014,2000.0,3000,2999,2999,6.904879999999501,99.96666666666667,2.537179059686562,82.01790073230266,3.0034722222222223,0.0,4311.0,0.08343890386343217
active_vm_count,BADP_PLUS,10015,2000.0,3000,2999,2999,7.086239999999481,99.96666666666667,2.0446815605201736,79.68379446640316,3.08125,0.0,4425.0,0.04668783204798629
active_vm_count,BADP_PLUS,10016,2000.0,3000,3000,3000,6.948266666666163,100.0,2.834,89.48863636363635,3.027083333333333,0.0,4334.0,0.08435676937441644
active_vm_count,BADP_PLUS,10017,2000.0,3000,2997,2997,7.116639999999477,99.9,2.1287954621287954,79.68379446640316,3.0944444444444446,0.0,4444.0,0.06002822033898304
active_vm_count,BADP_PLUS,10018,2000.0,3000,2998,2998,7.036639999999487,99.93333333333334,2.0090060040026683,79.68379446640316,3.0597222222222222,0.0,4394.0,0.07547527993109389
active_vm_count,BADP_PLUS,10019,2000.0,3000,2999,2999,6.817439999999511,99.96666666666667,2.2227409136378795,79.68379446640316,2.964583333333333,0.0,4257.0,0.06262628726287263
active_vm_count,BADP_PLUS,10020,2000.0,3000,3000,3000,7.193439999999469,100.0,1.9626666666666666,79.68379446640316,3.1277777777777778,0.0,4492.0,0.061497425249169436
active_vm_count,BADP_PLUS,10021,2000.0,3000,2999,2999,7.007839999999489,99.96666666666667,2.3287762587529177,79.68379446640316,3.047222222222222,0.0,4376.0,0.04714142335766423
active_vm_count,BADP_PLUS,10022,2000.0,3000,3000,3000,7.076639999999482,100.0,2.212666666666667,79.68379446640316,3.0770833333333334,0.0,4419.0,0.0561800518134715
active_vm_count,BADP_PLUS,10023,2000.0,3000,3000,3000,7.086159999999482,100.0,2.6533333333333333,85.35139712108383,3.0833333333333335,0.0,4423.0,0.04348501872659176
active_vm_count,BADP_PLUS,10024,2000.0,3000,3000,3000,6.904373333332835,100.0,2.69,89.01696490820356,3.0069444444444446,0.0,4307.0,0.07970862369337979
active_vm_count,BADP_PLUS,10025,2000.0,3000,2998,2998,6.844639999999508,99.93333333333334,2.3362241494329554,79.68379446640316,2.9763888888888888,0.0,4274.0,0.06777642124883505
active_vm_count,BADP_PLUS,10026,2000.0,3000,2999,2999,6.961439999999494,99.96666666666667,2.173391130376792,79.68379446640316,3.027083333333333,0.0,4347.0,0.05795598173515981
active_vm_count,BADP_PLUS,10027,2000.0,3000,3000,3000,7.027919999999489,100.0,2.687666666666667,89.2582249165588,3.060416666666667,0.0,4384.0,0.06707624555160142
active_vm_count,BADP_PLUS,10028,2000.0,3000,2998,2998,7.044639999999485,99.93333333333334,2.3162108072048033,79.68379446640316,3.0631944444444446,0.0,4399.0,0.06171469816272966
active_vm_count,BADP_PLUS,10029,2000.0,3000,3000,3000,6.8703733333328385,100.0,2.4753333333333334,83.2908209089276,2.988888888888889,0.0,4289.0,0.05643339191564147
active_vm_count,CEMA,10000,2000.0,3000,2894,1437,8.898586666664885,47.9,73.0425017277125,99.91925354387224,20.132638888888888,28462.0,507.0,0.011477285067873303
active_vm_count,CEMA,10001,2000.0,3000,2895,1273,8.97125999999834,42.43333333333333,75.69982728842832,99.92121641849839,20.611805555555556,29239.0,402.0,0.015229860465116278
active_vm_count,CEMA,10002,2000.0,3000,2926,1136,9.307453333330937,37.86666666666667,80.51093643198907,99.92431250525608,21.444444444444443,30491.0,359.0,0.0102502722323049
active_vm_count,CEMA,10003,2000.0,3000,2895,1134,9.05995999999815,37.8,77.97098445595854,99.92349671035856,20.825,29684.0,273.0,0.013734825425246195
active_vm_count,CEMA,10004,2000.0,3000,2928,1499,9.182666666664252,49.96666666666667,77.8756830601093,99.92264319603933,21.439583333333335,30422.0,420.0,0.01230697463768116
active_vm_count,CEMA,10005,2000.0,3000,2883,1450,8.578639999998527,48.333333333333336,72.42872008324662,99.91489844547827,19.72361111111111,27760.0,616.0,0.008378147482014387
active_vm_count,CEMA,10006,2000.0,3000,2839,1436,8.521333333331865,47.86666666666667,73.82423388517084,99.91504946009212,20.259722222222223,28579.0,570.0,0.009959756097560975
active_vm_count,CEMA,10007,2000.0,3000,2899,1361,9.038666666664952,45.36666666666667,73.39358399448085,99.91283992429524,20.310416666666665,28587.0,629.0,0.008583940242763773
active_vm_count,CEMA,10008,2000.0,3000,2889,1278,8.894359999998343,42.6,75.32260297680858,99.91806412847545,20.029166666666665,28224.0,592.0,0.00936529680365297
active_vm_count,CEMA,10009,2000.0,3000,2865,1310,8.849439999998197,43.666666666666664,73.70820244328098,99.91262511340146,19.994444444444444,28031.0,730.0,0.008609166666666668
active_vm_count,CEMA,10010,2000.0,3000,2905,1469,8.72291999999847,48.96666666666667,73.40550774526677,99.91261287503642,19.818055555555556,27621.0,856.0,0.011667241379310345
active_vm_count,CEMA,10011,2000.0,3000,2887,1367,9.100006666664594,45.56666666666667,77.46934534118462,99.92142551575418,21.091666666666665,29856.0,466.0,0.016346666666666666
active_vm_count,CEMA,10012,2000.0,3000,2893,1502,8.912439999997975,50.06666666666667,75.46526097476668,99.91106088667064,20.536805555555556,29062.0,472.0,0.009639742410303588
active_vm_count,CEMA,10013,2000.0,3000,2844,1202,8.886626666664931,40.06666666666667,76.33087201125176,99.91880334169358,20.254166666666666,28599.0,533.0,0.010781729055258467
active_vm_count,CEMA,10014,2000.0,3000,2881,1157,8.850593333331373,38.56666666666667,77.10031239153072,99.91840213242428,20.08888888888889,28353.0,540.0,0.01384869721473495
active_vm_count,CEMA,10015,2000.0,3000,2838,834,8.831786666665003,27.8,76.55567300916138,99.92032577903684,20.310416666666665,28844.0,384.0,0.012694001713796059
active_vm_count,CEMA,10016,2000.0,3000,2914,1323,9.107093333331406,44.1,76.58613589567605,99.91848655548465,20.93611111111111,29650.0,472.0,0.01635107376283847
active_vm_count,CEMA,10017,2000.0,3000,2832,1314,9.090239999998088,43.8,77.420197740113,99.92384240454915,21.239583333333332,30288.0,263.0,0.011621694915254237
active_vm_count,CEMA,10018,2000.0,3000,2826,1243,9.00791333333132,41.43333333333333,78.74239207360226,99.92340621090526,21.361805555555556,30479.0,248.0,0.016892678725236865
active_vm_count,CEMA,10019,2000.0,3000,2891,1133,8.818706666665195,37.766666666666666,75.3365617433414,99.91779770929617,20.127777777777776,28381.0,564.0,0.018119060523938572
active_vm_count,CEMA,10020,2000.0,3000,2832,1036,8.90947333333169,34.53333333333333,80.04766949152543,99.9214117934702,21.10763888888889,30011.0,348.0,0.012253322259136213
active_vm_count,CEMA,10021,2000.0,3000,2890,1317,9.016686666664622,43.9,76.68304498269896,99.92079904958861,20.408333333333335,28889.0,463.0,0.015343339416058392
active_vm_count,CEMA,10022,2000.0,3000,2859,991,8.825606666665003,33.03333333333333,76.22490381252186,99.91913819282847,20.185416666666665,28573.0,470.0,0.01660397236614853
active_vm_count,CEMA,10023,2000.0,3000,2933,1348,9.088086666664546,44.93333333333333,75.81111489942039,99.91732880172691,20.20277777777778,28291.0,766.0,0.010740730337078652
active_vm_count,CEMA,10024,2000.0,3000,2883,1336,8.863399999998132,44.53333333333333,75.87547693374957,99.92215475634438,20.68611111111111,29496.0,260.0,0.01005540069686411
active_vm_count,CEMA,10025,2000.0,3000,2926,1050,8.96216666666503,35.0,76.93369788106631,99.91770977150746,20.070833333333333,28216.0,660.0,0.011109319664492077
active_vm_count,CEMA,10026,2000.0,3000,2888,1147,8.865086666664862,38.233333333333334,77.23476454293629,99.91716902121394,19.992361111111112,28105.0,638.0,0.012222648401826484
active_vm_count,CEMA,10027,2000.0,3000,2800,1477,8.564273333331801,49.233333333333334,72.255,99.9180186006686,20.047916666666666,28444.0,389.0,0.012922775800711744
active_vm_count,CEMA,10028,2000.0,3000,2813,1037,8.683059999998164,34.56666666666667,76.73586917881265,99.91854245295826,20.007638888888888,28352.0,425.0,0.015305424321959754
active_vm_count,CEMA,10029,2000.0,3000,2883,1243,8.88553999999832,41.43333333333333,79.4332292750607,99.92033353692541,20.770138888888887,29449.0,417.0,0.018574604569420033
active_vm_count,HPA,10000,2000.0,3000,2896,1629,9.109113333331385,54.3,68.08943370165746,99.92086033607978,20.590972222222224,28987.0,516.0,0.008445972850678734
active_vm_count,HPA,10001,2000.0,3000,2895,1524,9.171219999998188,50.8,71.29153713298791,99.92253066494514,20.997222222222224,29667.0,422.0,0.027786697674418603
active_vm_count,HPA,10002,2000.0,3000,2928,1284,9.501253333330911,42.8,76.59801912568307,99.92590153136837,21.778472222222224,30774.0,342.0,0.014725862068965518
active_vm_count,HPA,10003,2000.0,3000,2902,1404,9.21567333333136,46.8,74.3487250172295,99.92470572487473,21.211111111111112,30033.0,268.0,0.010413339301700984
active_vm_count,HPA,10004,2000.0,3000,2927,1658,9.47822666666413,55.266666666666666,73.1349504612231,99.91603800785124,21.95277777777778,30908.0,243.0,0.02149927536231884
active_vm_count,HPA,10005,2000.0,3000,2887,1800,8.888386666664978,60.0,65.42466227918254,99.91695118575251,20.236805555555556,28208.0,668.0,0.013127877697841727
active_vm_count,HPA,10006,2000.0,3000,2837,1789,8.821953333331688,59.63333333333333,66.59640465280225,99.91690134342828,20.665972222222223,28738.0,630.0,0.008216289198606272
active_vm_count,HPA,10007,2000.0,3000,2902,1400,9.266946666664667,46.666666666666664,71.92315644383184,99.91789669579813,20.602777777777778,28618.0,837.0,0.009443510737628386
active_vm_count,HPA,10008,2000.0,3000,2896,1436,9.170266666664743,47.86666666666667,71.0207182320442,99.91935772911366,20.490972222222222,28740.0,669.0,0.009574977168949773
active_vm_count,HPA,10009,2000.0,3000,2872,1524,9.070739999998164,50.8,68.60376044568245,99.91619409447719,20.18263888888889,28072.0,835.0,0.008927407407407408
active_vm_count,HPA,10010,2000.0,3000,2902,1630,8.984433333331692,54.333333333333336,68.39007580978635,99.91391596284996,20.216666666666665,28010.0,935.0,0.011463793103448276
active_vm_count,HPA,10011,2000.0,3000,2893,1569,9.389639999997788,52.3,74.26512270998963,99.92347329217897,21.491666666666667,30100.0,481.0,0.014000088888888889
active_vm_count,HPA,10012,2000.0,3000,2896,1752,9.067813333331246,58.4,68.43404696132596,99.91949046409275,20.550694444444446,28666.0,595.0,0.010509107635694574
active_vm_count,HPA,10013,2000.0,3000,2850,1459,9.178913333331465,48.63333333333333,71.54526315789474,99.92104778363586,20.788194444444443,29231.0,545.0,0.011703743315508022
active_vm_count,HPA,10014,2000.0,3000,2890,1329,9.10479333333125,44.3,72.54567474048443,99.91969089919424,20.518055555555556,28796.0,603.0,0.009360826594788858
active_vm_count,HPA,10015,2000.0,3000,2843,1219,8.94877999999827,40.63333333333333,70.69363348575449,99.92205970226807,20.740972222222222,29432.0,321.0,0.011185946872322194
active_vm_count,HPA,10016,2000.0,3000,2910,1633,9.205726666664637,54.43333333333333,68.646735395189,99.92155290385003,20.790277777777778,29213.0,522.0,0.011387208216619982
active_vm_count,HPA,10017,2000.0,3000,2841,1668,9.316186666664555,55.6,71.99718409010912,99.92580379225063,21.625,30492.0,235.0,0.012847033898305084
active_vm_count,HPA,10018,2000.0,3000,2835,1471,9.190033333331206,49.03333333333333,73.76860670194003,99.92531678131924,21.665277777777778,30700.0,199.0,0.018012144702842375
active_vm_count,HPA,10019,2000.0,3000,2894,1346,9.054306666665015,44.86666666666667,71.42052522460263,99.91925789029838,20.559722222222224,28866.0,604.0,0.020510840108401086
active_vm_count,HPA,10020,2000.0,3000,2832,1270,9.087993333331562,42.333333333333336,75.92266949152543,99.92259196504597,21.377083333333335,30106.0,365.0,0.01529078073089701
active_vm_count,HPA,10021,2000.0,3000,2894,1557,9.299013333331098,51.9,71.51624049758121,99.9230427198413,20.924305555555556,29385.0,460.0,0.011283029197080291
active_vm_count,HPA,10022,2000.0,3000,2869,1350,9.08413999999816,45.0,70.75775531544092,99.92060761637602,20.631944444444443,29056.0,520.0,0.01709663212435233
active_vm_count,HPA,10023,2000.0,3000,2934,1443,9.404293333331127,48.1,72.43047034764827,99.91881066647422,20.67152777777778,28727.0,856.0,0.01333370786516854
active_vm_count,HPA,10024,2000.0,3000,2889,1569,9.109059999997898,52.3,71.98476981654552,99.9240294765631,21.12847222222222,29776.0,259.0,0.010296602787456446
active_vm_count,HPA,10025,2000.0,3000,2925,1151,9.265393333331458,38.36666666666667,74.70871794871795,99.91897512536349,20.549305555555556,28759.0,757.0,0.012481640260950605
active_vm_count,HPA,10026,2000.0,3000,2886,1283,9.184739999998095,42.766666666666666,74.32952182952182,99.91860433567572,20.489583333333332,28615.0,734.0,0.011783287671232877
active_vm_count,HPA,10027,2000.0,3000,2806,1761,8.826426666664917,58.7,66.86635780470421,99.9201646382571,20.551388888888887,28784.0,393.0,0.011059697508896798
active_vm_count,HPA,10028,2000.0,3000,2814,1335,8.872306666664695,44.5,72.681947405828,99.9208345794557,20.490972222222222,28953.0,370.0,0.02144951881014873
active_vm_count,HPA,10029,2000.0,3000,2887,1453,9.141246666664802,48.43333333333333,75.44821614132317,99.92186346943559,21.124305555555555,29694.0,457.0,0.017221792618629175
burst_sensitivity,AMRP,10000,0.2,3500,3190,2572,11.56834666666249,73.48571428571428,49.02789968652038,92.95522007539198,24.094444444444445,33496.0,28.0,0.053145234374999996
burst_sensitivity,AMRP,10001,0.2,3500,3314,2652,11.83650666666217,75.77142857142857,52.574532287266145,73.2465685350515,24.575694444444444,34142.0,11.0,0.03338338414634146
burst_sensitivity,AMRP,10002,0.2,3500,3350,2765,12.037546666662134,79.0,46.66985074626866,73.59388442787497,24.65277777777778,34254.0,6.0,0.03337405405405405
burst_sensitivity,AMRP,10003,0.2,3500,3332,2712,11.750506666662337,77.48571428571428,48.27761104441777,71.66706805201954,24.389583333333334,33898.0,6.0,0.05756216628527841
burst_sensitivity,AMRP,10004,0.2,3500,3255,2618,11.861573333328813,74.8,53.205222734254995,91.19549167305284,24.595833333333335,34223.0,18.0,0.029701776061776063
burst_sensitivity,AMRP,10005,0.2,3500,3339,2728,11.989333333328862,77.94285714285714,47.01737047020066,72.62002718946766,24.584027777777777,34143.0,14.0,0.054464362519201226
burst_sensitivity,AMRP,10006,0.2,3500,3335,2704,11.888826666662304,77.25714285714285,47.76611694152923,70.67606205694757,24.54652777777778,34141.0,6.0,0.05502386451116243
burst_sensitivity,AMRP,10007,0.2,3500,3308,2686,11.779226666662277,76.74285714285715,52.376964933494556,71.59755079320902,24.522916666666667,34088.0,9.0,0.0532281010719755
burst_sensitivity,AMRP,10008,0.2,3500,3334,2679,11.659413333329116,76.54285714285714,50.85872825434913,68.19884091371246,24.396527777777777,33888.0,8.0,0.05626342024539878
burst_sensitivity,AMRP,10009,0.2,3500,3347,2733,12.075679999995412,78.08571428571429,50.51030773827308,70.94105220802736,24.820833333333333,34528.0,6.0,0.04662908950617284
burst_sensitivity,AMRP,10010,0.2,3500,3382,2749,12.047919999995493,78.54285714285714,53.02010644589001,71.12742775935575,24.814583333333335,34471.0,1.0,0.0318906779661017
burst_sensitivity,AMRP,10011,0.2,3500,3224,2606,11.562666666662528,74.45714285714286,48.561414392059554,92.08045097778368,24.124305555555555,33567.0,16.0,0.039654256965944275
burst_sensitivity,AMRP,10012,0.2,3500,3375,2745,12.122586666662055,78.42857142857143,53.559407407407406,69.34245918210009,24.885416666666668,34603.0,0.0,0.050699379844961236
burst_sensitivity,AMRP,10013,0.2,3500,3319,2713,11.946719999995578,77.51428571428572,47.88972582103043,83.54962408855643,24.583333333333332,34168.0,6.0,0.039298994586233565
burst_sensitivity,AMRP,10014,0.2,3500,3307,2665,11.645813333329116,76.14285714285714,49.007862110674324,78.54623352489762,24.28472222222222,33779.0,6.0,0.04458798479087453
burst_sensitivity,AMRP,10015,0.2,3500,3330,2714,11.996853333328717,77.54285714285714,50.815015015015014,72.18263001225705,24.730555555555554,34414.0,7.0,0.06252968630451415
burst_sensitivity,AMRP,10016,0.2,3500,3340,2704,12.167546666661936,77.25714285714285,51.07245508982036,79.68550903953759,24.900694444444444,34600.0,6.0,0.04112708171206226
burst_sensitivity,AMRP,10017,0.2,3500,3329,2692,12.030159999995497,76.91428571428571,47.84950435566236,78.40426854169996,24.62638888888889,34270.0,12.0,0.05460322333077513
burst_sensitivity,AMRP,10018,0.2,3500,3330,2708,11.771213333329,77.37142857142857,50.33813813813814,72.04829474302394,24.465972222222224,33977.0,8.0,0.049334206471494606
burst_sensitivity,AMRP,10019,0.2,3500,3369,2747,11.864013333328934,78.48571428571428,48.16414366280795,68.75220166854255,24.56388888888889,34159.0,1.0,0.045466412795125664
burst_sensitivity,AMRP,10020,0.2,3500,3293,2696,11.916426666662206,77.02857142857142,47.872153051928336,83.69117592003295,24.552777777777777,34122.0,7.0,0.03779416796267496
burst_sensitivity,AMRP,10021,0.2,3500,3249,2588,11.506599999995876,73.94285714285714,49.49276700523238,87.62925610088796,24.09027777777778,33492.0,14.0,0.02898049728049728
burst_sensitivity,AMRP,10022,0.2,3500,3306,2687,11.916613333328689,76.77142857142857,51.448880822746524,77.11089445107498,24.666666666666668,34308.0,3.0,0.026971095571095567
burst_sensitivity,AMRP,10023,0.2,3500,3319,2694,11.667079999995755,76.97142857142858,48.040373606507984,74.75172573070903,24.36875,33864.0,9.0,0.03136248062015504
burst_sensitivity,AMRP,10024,0.2,3500,3334,2740,11.850646666662449,78.28571428571429,47.313137372525496,78.26035908683176,24.377083333333335,33893.0,7.0,0.02904601837672282
burst_sensitivity,AMRP,10025,0.2,3500,3324,2700,11.84271999999561,77.14285714285714,49.94705174488568,73.50057071702813,24.55902777777778,34159.0,6.0,0.028102562111801243
burst_sensitivity,AMRP,10026,0.2,3500,3370,2714,11.956959999995547,77.54285714285714,51.121364985163204,70.77705650368199,24.699305555555554,34319.0,2.0,0.029454319066147858
burst_sensitivity,AMRP,10027,0.2,3500,3362,2743,12.218906666661873,78.37142857142857,51.57971445568114,69.7706429765745,24.977083333333333,34751.0,3.0,0.0316255832037325
burst_sensitivity,AMRP,10028,0.2,3500,3379,2758,12.118639999995391,78.8,51.27789286771234,70.59766838059359,24.88125,34526.0,1.0,0.05285797995373939
burst_sensitivity,AMRP,10029,0.2,3500,3285,2666,11.823213333328848,76.17142857142858,49.08401826484018,80.71283042295887,24.506944444444443,34086.0,8.0,0.05226086956521739
burst_sensitivity,BADP,10000,0.2,3500,3354,3354,8.926986666665938,95.82857142857142,2.0891472868217056,74.91062723431914,3.88125,6.0,5572.0,0.00774515625
burst_sensitivity,BADP,10001,0.2,3500,3442,3442,9.047466666665931,98.34285714285714,2.338756536897153,57.23094170403587,3.9347222222222222,9.0,5646.0,0.006520274390243903
burst_sensitivity,BADP,10002,0.2,3500,3473,3473,9.226559999999246,99.22857142857143,2.143967751223726,53.13653136531365,4.006944444444445,0.0,5764.0,0.02062015444015444
burst_sensitivity,BADP,10003,0.2,3500,3464,3464,9.00143999999927,98.97142857142858,2.0912240184757507,53.22283609576427,3.910416666666667,2.0,5622.0,0.0059348588863463005
burst_sensitivity,BADP,10004,0.2,3500,3418,3418,9.135253333332587,97.65714285714286,2.4057928613224107,63.114754098360656,3.973611111111111,9.0,5700.0,0.005772432432432432
burst_sensitivity,BADP,10005,0.2,3500,3461,3461,9.191146666665917,98.88571428571429,2.1710488298179715,53.19410319410319,3.9923611111111112,1.0,5741.0,0.00964062980030722
burst_sensitivity,BADP,10006,0.2,3500,3467,3467,9.113653333332591,99.05714285714286,2.1393135275454283,53.16533497234173,3.9583333333333335,1.0,5693.0,0.009649422632794457
burst_sensitivity,BADP,10007,0.2,3500,3443,3443,9.016799999999268,98.37142857142857,2.371187917513796,53.39449541284404,3.9194444444444443,8.0,5629.0,0.015305206738131702
burst_sensitivity,BADP,10008,0.2,3500,3457,3457,8.956693333332609,98.77142857142857,2.1964130749204513,53.422982885085574,3.89375,7.0,5591.0,0.012634509202453988
burst_sensitivity,BADP,10009,0.2,3500,3473,3473,9.297226666665905,99.22857142857143,2.2723869853152894,53.28019619865113,4.039583333333334,4.0,5806.0,0.007402546296296296
burst_sensitivity,BADP,10010,0.2,3500,3499,3499,9.24106666666591,99.97142857142858,2.7862246356101745,60.37344398340249,4.01875,8.0,5767.0,0.008898921417565486
burst_sensitivity,BADP,10011,0.2,3500,3410,3410,8.934719999999274,97.42857142857143,2.0868035190615837,69.23076923076923,3.8826388888888888,3.0,5579.0,0.008951934984520123
burst_sensitivity,BADP,10012,0.2,3500,3492,3492,9.248639999999243,99.77142857142857,2.6993127147766325,60.45548654244306,4.023611111111111,13.0,5770.0,0.017298062015503875
burst_sensitivity,BADP,10013,0.2,3500,3460,3460,9.164639999999252,98.85714285714286,2.1176300578034684,53.22283609576427,3.98125,3.0,5724.0,0.013363959783449342
burst_sensitivity,BADP,10014,0.2,3500,3456,3456,8.950453333332609,98.74285714285715,2.078125,53.16533497234173,3.8875,1.0,5591.0,0.012550950570342206
burst_sensitivity,BADP,10015,0.2,3500,3457,3457,9.258613333332576,98.77142857142857,2.290135956031241,53.33741579914268,4.023611111111111,4.0,5781.0,0.007415684774292272
burst_sensitivity,BADP,10016,0.2,3500,3469,3469,9.393226666665894,99.11428571428571,2.255981550879216,53.28019619865113,4.08125,5.0,5866.0,0.012867237354085605
burst_sensitivity,BADP,10017,0.2,3500,3463,3463,9.23274666666591,98.94285714285714,2.171527577245163,53.19410319410319,4.010416666666667,2.0,5767.0,0.0076104374520337675
burst_sensitivity,BADP,10018,0.2,3500,3461,3461,9.048319999999265,98.88571428571429,2.1456226524125976,53.30882352941177,3.9319444444444445,5.0,5650.0,0.01621070878274268
burst_sensitivity,BADP,10019,0.2,3500,3489,3489,9.141546666665922,99.68571428571428,2.122671252507882,53.19410319410319,3.970833333333333,2.0,5710.0,0.015223762376237624
burst_sensitivity,BADP,10020,0.2,3500,3436,3436,9.13994666666592,98.17142857142858,2.1260186263096625,53.19410319410319,3.970138888888889,2.0,5709.0,0.005962519440124416
burst_sensitivity,BADP,10021,0.2,3500,3418,3418,8.869333333332616,97.65714285714286,2.074605032182563,65.27651858567543,3.8534722222222224,1.0,5539.0,0.005399067599067599
burst_sensitivity,BADP,10022,0.2,3500,3450,3450,9.229119999999245,98.57142857142857,2.2971014492753623,57.038288288288285,4.010416666666667,5.0,5763.0,0.0052305361305361306
burst_sensitivity,BADP,10023,0.2,3500,3451,3451,8.92575999999928,98.6,2.1434366850188353,53.13653136531365,3.876388888888889,0.0,5576.0,0.005302713178294573
burst_sensitivity,BADP,10024,0.2,3500,3459,3459,9.080959999999262,98.82857142857142,2.0971379011274935,53.13653136531365,3.94375,0.0,5673.0,0.005011868300153139
burst_sensitivity,BADP,10025,0.2,3500,3463,3463,9.206239999999248,98.94285714285714,2.12590239676581,53.22283609576427,3.9993055555555554,3.0,5750.0,0.005812888198757764
burst_sensitivity,BADP,10026,0.2,3500,3492,3492,9.197119999999249,99.77142857142857,2.3780068728522337,53.30882352941177,3.9965277777777777,4.0,5743.0,0.0055403112840466924
burst_sensitivity,BADP,10027,0.2,3500,3484,3484,9.454773333332554,99.54285714285714,2.51435132032147,60.352880124545926,4.111111111111111,9.0,5901.0,0.00542542768273717
burst_sensitivity,BADP,10028,0.2,3500,3494,3494,9.28543999999924,99.82857142857142,2.5892959358900973,63.15028901734104,4.039583333333334,8.0,5793.0,0.011393060909791827
burst_sensitivity,BADP,10029,0.2,3500,3436,3436,9.095626666665927,98.17142857142858,2.231373690337602,53.28019619865113,3.9520833333333334,4.0,5680.0,0.010264285714285714
burst_sensitivity,BADP_PLUS,10000,0.2,3500,3359,3359,8.931359999999268,95.97142857142858,2.0872283417683835,79.55801104972376,3.8847222222222224,0.0,5573.0,0.06663078125
burst_sensitivity,BADP_PLUS,10001,0.2,3500,3442,3442,9.044639999999266,98.34285714285714,2.357350377687391,62.88209606986899,3.9291666666666667,0.0,5649.0,0.050094207317073175
burst_sensitivity,BADP_PLUS,10002,0.2,3500,3473,3473,9.226559999999246,99.22857142857143,2.143967751223726,53.13653136531365,4.006944444444445,0.0,5764.0,0.07282254826254826
burst_sensitivity,BADP_PLUS,10003,0.2,3500,3464,3464,9.00255999999927,98.97142857142858,2.090935334872979,53.13653136531365,3.9097222222222223,0.0,5624.0,0.040657055682684975
burst_sensitivity,BADP_PLUS,10004,0.2,3500,3418,3418,9.131733333332589,97.65714285714286,2.4215915740198946,65.27651858567543,3.967361111111111,0.0,5703.0,0.04220664092664093
burst_sensitivity,BADP_PLUS,10005,0.2,3500,3461,3461,9.19295999999925,98.88571428571429,2.1696041606472116,53.13653136531365,3.9923611111111112,0.0,5743.0,0.04818986175115207
burst_sensitivity,BADP_PLUS,10006,0.2,3500,3467,3467,9.114559999999258,99.05714285714286,2.1387366599365447,53.13653136531365,3.9583333333333335,0.0,5694.0,0.04406112394149345
burst_sensitivity,BADP_PLUS,10007,0.2,3500,3443,3443,9.01535999999927,98.37142857142857,2.38600058088876,53.13653136531365,3.915277777777778,0.0,5632.0,0.0718427258805513
burst_sensitivity,BADP_PLUS,10008,0.2,3500,3457,3457,8.953653333332609,98.77142857142857,2.2056696557708997,56.91699604743083,3.888888888888889,0.0,5593.0,0.07207515337423313
burst_sensitivity,BADP_PLUS,10009,0.2,3500,3473,3473,9.295359999999238,99.22857142857143,2.284192340915635,53.13653136531365,4.0368055555555555,0.0,5807.0,0.053630709876543205
burst_sensitivity,BADP_PLUS,10010,0.2,3500,3499,3499,9.238239999999244,99.97142857142858,2.8096599028293796,62.88209606986899,4.013194444444444,0.0,5770.0,0.06731302003081664
burst_sensitivity,BADP_PLUS,10011,0.2,3500,3413,3413,8.936799999999272,97.51428571428572,2.0858482273659535,73.6949846468782,3.8847222222222224,0.0,5579.0,0.06140952012383901
burst_sensitivity,BADP_PLUS,10012,0.2,3500,3492,3492,9.245546666665911,99.77142857142857,2.7376861397479955,60.12526096033403,4.0159722222222225,0.0,5775.0,0.08082100775193798
burst_sensitivity,BADP_PLUS,10013,0.2,3500,3460,3460,9.165759999999253,98.85714285714286,2.116763005780347,53.13653136531365,3.9805555555555556,0.0,5726.0,0.06512490332559938
burst_sensitivity,BADP_PLUS,10014,0.2,3500,3456,3456,8.949759999999277,98.74285714285715,2.0778356481481484,53.13653136531365,3.8868055555555556,0.0,5591.0,0.06633110266159695
burst_sensitivity,BADP_PLUS,10015,0.2,3500,3457,3457,9.256053333332575,98.77142857142857,2.2973676598206536,56.91699604743083,4.020138888888889,0.0,5782.0,0.055536954858454474
burst_sensitivity,BADP_PLUS,10016,0.2,3500,3469,3469,9.392959999999228,99.11428571428571,2.2556932833669645,53.13653136531365,4.079166666666667,0.0,5868.0,0.05658350194552529
burst_sensitivity,BADP_PLUS,10017,0.2,3500,3463,3463,9.231359999999246,98.94285714285714,2.170950043315045,53.13653136531365,4.009027777777778,0.0,5767.0,0.06560729086722947
burst_sensitivity,BADP_PLUS,10018,0.2,3500,3461,3461,9.046453333332598,98.88571428571429,2.153712799768853,56.91699604743083,3.9291666666666667,0.0,5651.0,0.06905785824345147
burst_sensitivity,BADP_PLUS,10019,0.2,3500,3489,3489,9.141759999999255,99.68571428571428,2.122384637431929,53.13653136531365,3.970138888888889,0.0,5711.0,0.0731942117288652
burst_sensitivity,BADP_PLUS,10020,0.2,3500,3436,3436,9.140159999999256,98.17142857142858,2.1254365541327123,53.13653136531365,3.9694444444444446,0.0,5710.0,0.030441601866251944
burst_sensitivity,BADP_PLUS,10021,0.2,3500,3419,3419,8.870026666665948,97.68571428571428,2.0742907282831236,67.37558485750745,3.8541666666666665,0.0,5539.0,0.033345143745143746
burst_sensitivity,BADP_PLUS,10022,0.2,3500,3450,3450,9.226346666665913,98.57142857142857,2.3,60.12526096033403,4.007638888888889,0.0,5763.0,0.03051965811965812
burst_sensitivity,BADP_PLUS,10023,0.2,3500,3451,3451,8.92575999999928,98.6,2.1434366850188353,53.13653136531365,3.876388888888889,0.0,5576.0,0.0303115503875969
burst_sensitivity,BADP_PLUS,10024,0.2,3500,3459,3459,9.080959999999262,98.82857142857142,2.0971379011274935,53.13653136531365,3.94375,0.0,5673.0,0.0318718223583461
burst_sensitivity,BADP_PLUS,10025,0.2,3500,3463,3463,9.205759999999248,98.94285714285714,2.1293676003465203,53.13653136531365,3.997916666666667,0.0,5751.0,0.031155667701863357
burst_sensitivity,BADP_PLUS,10026,0.2,3500,3492,3492,9.228159999999246,99.77142857142857,2.343356242840779,53.13653136531365,4.007638888888889,0.0,5765.0,0.03268544747081712
burst_sensitivity,BADP_PLUS,10027,0.2,3500,3484,3484,9.454933333332553,99.54285714285714,2.529276693455798,65.27651858567543,4.107638888888889,0.0,5905.0,0.054732892690513214
burst_sensitivity,BADP_PLUS,10028,0.2,3500,3494,3494,9.282826666665907,99.82857142857142,2.59129937034917,67.37558485750745,4.033333333333333,0.0,5797.0,0.07735273708558212
burst_sensitivity,BADP_PLUS,10029,0.2,3500,3436,3436,9.096053333332593,98.17142857142858,2.2371944121071015,56.91699604743083,3.9506944444444443,0.0,5682.0,0.07553959627329193
burst_sensitivity,CEMA,10000,0.2,3500,3213,1397,10.988779999996845,39.91428571428571,65.02832244008715,99.90736311381428,22.791666666666668,32122.0,686.0,0.014986953124999999
burst_sensitivity,CEMA,10001,0.2,3500,3317,870,11.44210666666271,24.857142857142858,71.40608984021706,99.92892576368541,23.72222222222222,33711.0,447.0,0.010007545731707316
burst_sensitivity,CEMA,10002,0.2,3500,3342,1042,11.553746666662667,29.771428571428572,67.07779772591263,99.92723816877775,23.44236111111111,33062.0,690.0,0.009525405405405406
burst_sensitivity,CEMA,10003,0.2,3500,3331,894,11.312026666662886,25.542857142857144,68.08345842089463,99.93189454248267,23.28263888888889,32909.0,614.0,0.009995957284515637
burst_sensitivity,CEMA,10004,0.2,3500,3274,872,11.49129333332937,24.914285714285715,71.51313378130727,99.93422879609466,23.766666666666666,33749.0,472.0,0.021333976833976837
burst_sensitivity,CEMA,10005,0.2,3500,3325,1224,11.40529999999628,34.97142857142857,66.54586466165414,99.93163951236185,23.274305555555557,32812.0,699.0,0.013531259600614439
burst_sensitivity,CEMA,10006,0.2,3500,3338,955,11.440879999996183,27.285714285714285,68.5,99.92618036096297,23.349305555555556,32896.0,724.0,0.014729099307159352
burst_sensitivity,CEMA,10007,0.2,3500,3299,906,11.386519999996167,25.885714285714286,70.43225219763565,99.93389449561501,23.670833333333334,33636.0,444.0,0.009841271056661563
burst_sensitivity,CEMA,10008,0.2,3500,3338,990,11.284439999996055,28.285714285714285,69.20880766926304,99.9335901182096,23.591666666666665,33552.0,414.0,0.019854754601226994
burst_sensitivity,CEMA,10009,0.2,3500,3350,1485,11.559173333329106,42.42857142857143,68.57432835820896,99.92819671170247,23.70625,33532.0,596.0,0.010051543209876543
burst_sensitivity,CEMA,10010,0.2,3500,3363,1157,11.588613333329139,33.05714285714286,72.23907225691347,99.93359109825566,23.790972222222223,33650.0,604.0,0.010791833590138675
burst_sensitivity,CEMA,10011,0.2,3500,3267,1508,11.09221999999672,43.08571428571429,63.554025099479645,99.91898811570942,22.935416666666665,32340.0,672.0,0.010119736842105263
burst_sensitivity,CEMA,10012,0.2,3500,3372,1319,11.688453333328983,37.68571428571428,71.21144721233689,99.93483738306931,23.952083333333334,33963.0,526.0,0.012973333333333335
burst_sensitivity,CEMA,10013,0.2,3500,3319,1063,11.397713333329449,30.37142857142857,67.16059053931907,99.92681159961464,23.36111111111111,33001.0,635.0,0.010093348801237433
burst_sensitivity,CEMA,10014,0.2,3500,3321,1206,11.238019999996355,34.457142857142856,66.29509183980728,99.92152507866,23.30763888888889,33024.0,534.0,0.014267224334600759
burst_sensitivity,CEMA,10015,0.2,3500,3321,679,11.64482666666255,19.4,71.85395965070762,99.92414049752384,23.847916666666666,33802.0,536.0,0.010777582249426166
burst_sensitivity,CEMA,10016,0.2,3500,3332,868,11.698919999996,24.8,72.26920768307323,99.9332175771337,23.727083333333333,33451.0,714.0,0.015970272373540855
burst_sensitivity,CEMA,10017,0.2,3500,3323,1449,11.403639999996413,41.4,66.39783328317785,99.93070633344112,23.15486111111111,32544.0,794.0,0.010829086722947046
burst_sensitivity,CEMA,10018,0.2,3500,3329,972,11.406346666662643,27.771428571428572,69.38299789726645,99.92830807046292,23.60902777777778,33505.0,489.0,0.020981587057010788
burst_sensitivity,CEMA,10019,0.2,3500,3369,891,11.534119999995958,25.457142857142856,69.05046007717424,99.92777016170639,23.586111111111112,33335.0,624.0,0.011608910891089109
burst_sensitivity,CEMA,10020,0.2,3500,3297,1154,11.410119999996272,32.97142857142857,67.1319381255687,99.92093682404715,23.325694444444444,32887.0,696.0,0.01062923794712286
burst_sensitivity,CEMA,10021,0.2,3500,3269,1495,10.866893333330259,42.714285714285715,64.6714591618232,99.92291355305592,22.729861111111113,32049.0,670.0,0.007516705516705516
burst_sensitivity,CEMA,10022,0.2,3500,3302,1138,11.462933333329502,32.51428571428571,69.14021804966687,99.92410356283652,23.775,33805.0,426.0,0.00774980574980575
burst_sensitivity,CEMA,10023,0.2,3500,3318,733,11.311226666662877,20.942857142857143,68.36286919831224,99.93280974706603,23.471527777777776,33273.0,516.0,0.007298217054263566
burst_sensitivity,CEMA,10024,0.2,3500,3328,1347,11.229999999996387,38.48571428571429,66.08143028846153,99.91916048930783,22.947916666666668,32297.0,743.0,0.007025803981623278
burst_sensitivity,CEMA,10025,0.2,3500,3328,1001,11.479106666662677,28.6,68.79897836538461,99.93366843059506,23.653472222222224,33532.0,527.0,0.008093400621118014
burst_sensitivity,CEMA,10026,0.2,3500,3359,1257,11.485813333329173,35.91428571428571,69.40398928252456,99.93367918410658,23.705555555555556,33601.0,530.0,0.008138210116731517
burst_sensitivity,CEMA,10027,0.2,3500,3344,828,11.847066666662283,23.65714285714286,73.002990430622,99.93494289431834,24.022916666666667,33978.0,613.0,0.010235303265940902
burst_sensitivity,CEMA,10028,0.2,3500,3366,1126,11.659133333329088,32.17142857142857,71.45098039215686,99.93426338470528,23.865972222222222,33790.0,573.0,0.009446954510408636
burst_sensitivity,CEMA,10029,0.2,3500,3298,933,11.406973333329475,26.65714285714286,68.59581564584597,99.92249535703318,23.525694444444444,33325.0,548.0,0.009347826086956522
burst_sensitivity,AMRP,10000,0.5,3500,3158,2595,12.275033333328453,74.14285714285714,47.67701076630779,99.78689031725845,24.760416666666668,34478.0,26.0,0.04762017543859649
burst_sensitivity,AMRP,10001,0.5,3500,3328,2739,12.939999999994507,78.25714285714285,50.49308894230769,77.27137715344027,25.695833333333333,35750.0,8.0,0.033268930523028886
burst_sensitivity,AMRP,10002,0.5,3500,3353,2793,13.180799999994468,79.8,47.62839248434238,73.52108295685196,25.877083333333335,36011.0,9.0,0.04543141970519783
burst_sensitivity,AMRP,10003,0.5,3500,3335,2778,12.766413333328357,79.37142857142857,46.042578710644676,81.19563703875609,25.35,35233.0,6.0,0.03737432536622976
burst_sensitivity,AMRP,10004,0.5,3500,3244,2665,12.447466666661606,76.14285714285714,51.64303329223181,92.91672804949911,25.19097222222222,35026.0,23.0,0.032342566510172144
burst_sensitivity,AMRP,10005,0.5,3500,3360,2796,12.837106666661438,79.88571428571429,45.35595238095238,76.66382889089776,25.497222222222224,35470.0,1.0,0.0467504234026174
burst_sensitivity,AMRP,10006,0.5,3500,3361,2791,12.899959999994808,79.74285714285715,45.445403153823264,86.37080114743345,25.479861111111113,35421.0,8.0,0.04034526558891455
burst_sensitivity,AMRP,10007,0.5,3500,3305,2711,12.914586666661231,77.45714285714286,51.68199697428139,74.81758756588215,25.67013888888889,35708.0,14.0,0.04674060031595577
burst_sensitivity,AMRP,10008,0.5,3500,3313,2730,12.85029333332786,78.0,49.592514337458496,82.43110762539659,25.606944444444444,35615.0,10.0,0.044085
burst_sensitivity,AMRP,10009,0.5,3500,3317,2753,12.951519999994645,78.65714285714286,49.34519143804643,79.98634606518424,25.696527777777778,35754.0,10.0,0.061417191097467384
burst_sensitivity,AMRP,10010,0.5,3500,3373,2774,12.958133333328083,79.25714285714285,52.805514378891196,80.5408107616797,25.727083333333333,35995.0,2.0,0.03488473400154202
burst_sensitivity,AMRP,10011,0.5,3500,3218,2635,12.365679999995118,75.28571428571429,47.36513362336855,99.78794097527607,24.82777777777778,34549.0,28.0,0.05067107371794872
burst_sensitivity,AMRP,10012,0.5,3500,3388,2800,13.003839999994701,80.0,50.82703659976387,73.0566106890577,25.770138888888887,35826.0,5.0,0.05443895394223263
burst_sensitivity,AMRP,10013,0.5,3500,3327,2767,13.045359999994712,79.05714285714286,45.71205290051097,87.85436247982531,25.664583333333333,35749.0,3.0,0.06395289575289576
burst_sensitivity,AMRP,10014,0.5,3500,3317,2735,12.81147999999489,78.14285714285714,46.22188724751281,84.25860923123005,25.44236111111111,35432.0,6.0,0.06464602929838088
burst_sensitivity,AMRP,10015,0.5,3500,3338,2743,12.802639999994724,78.37142857142857,49.54733373277411,82.38226891530735,25.55902777777778,35556.0,6.0,0.06243976744186047
burst_sensitivity,AMRP,10016,0.5,3500,3360,2789,12.932426666661291,79.68571428571428,48.496428571428574,75.88674061967521,25.666666666666668,35672.0,5.0,0.04878874223602484
burst_sensitivity,AMRP,10017,0.5,3500,3353,2779,12.822266666661465,79.4,45.36444974649567,83.56157905687859,25.456944444444446,35392.0,7.0,0.04842359813084112
burst_sensitivity,AMRP,10018,0.5,3500,3305,2723,12.643706666661606,77.8,48.579425113464445,81.39014252840757,25.32986111111111,35204.0,15.0,0.052558626073380174
burst_sensitivity,AMRP,10019,0.5,3500,3378,2801,13.035093333327962,80.02857142857142,48.246003552397866,74.76525434897206,25.770138888888887,35830.0,2.0,0.059387635239567235
burst_sensitivity,AMRP,10020,0.5,3500,3278,2675,12.496173333328384,76.42857142857143,46.98596705308115,86.0512943476617,25.02986111111111,34812.0,10.0,0.04526086620262954
burst_sensitivity,AMRP,10021,0.5,3500,3238,2640,12.489613333328315,75.42857142857143,47.36967263743051,99.789412392644,25.040972222222223,34869.0,28.0,0.05951529318541997
burst_sensitivity,AMRP,10022,0.5,3500,3301,2698,12.944159999994397,77.08571428571429,51.696152681005756,81.68387232697778,25.700694444444444,35752.0,8.0,0.04480679389312977
burst_sensitivity,AMRP,10023,0.5,3500,3301,2719,12.453093333328408,77.68571428571428,46.34565283247501,83.01743537203389,25.108333333333334,34882.0,12.0,0.044686471944657954
burst_sensitivity,AMRP,10024,0.5,3500,3346,2798,12.917306666661489,79.94285714285714,44.589360430364614,80.69114120341153,25.481944444444444,35479.0,4.0,0.048256689868522815
burst_sensitivity,AMRP,10025,0.5,3500,3353,2774,13.030559999994658,79.25714285714285,48.798389501938566,83.19288898553876,25.772222222222222,35849.0,10.0,0.042561955691367455
burst_sensitivity,AMRP,10026,0.5,3500,3390,2809,13.132159999994583,80.25714285714285,49.59321533923304,81.99293661250184,25.896527777777777,36020.0,2.0,0.0411686830015314
burst_sensitivity,AMRP,10027,0.5,3500,3372,2772,13.047253333327983,79.2,52.37514827995255,74.29571553287221,25.811805555555555,35849.0,7.0,0.06519137931034483
burst_sensitivity,AMRP,10028,0.5,3500,3324,2722,12.707733333328164,77.77142857142857,50.914259927797836,73.50258204797173,25.461805555555557,35384.0,8.0,0.04957052877138414
burst_sensitivity,AMRP,10029,0.5,3500,3272,2684,12.603413333328149,76.68571428571428,48.07732273838631,84.86737170596393,25.301388888888887,35149.0,13.0,0.06381419705197829
burst_sensitivity,BADP,10000,0.5,3500,3319,3319,9.382293333332557,94.82857142857142,2.414281410063272,70.91527987897126,4.0784722222222225,4.0,5857.0,0.016684370015948965
burst_sensitivity,BADP,10001,0.5,3500,3454,3454,9.979733333332495,98.68571428571428,2.616097278517661,53.25153374233129,4.335416666666666,3.0,6233.0,0.008146760343481656
burst_sensitivity,BADP,10002,0.5,3500,3468,3468,10.157119999999143,99.08571428571429,2.343137254901961,53.30882352941177,4.413194444444445,6.0,6343.0,0.009754228083785881
burst_sensitivity,BADP,10003,0.5,3500,3453,3453,9.716853333332525,98.65714285714286,2.3353605560382276,53.16533497234173,4.220138888888889,1.0,6070.0,0.011977409406322283
burst_sensitivity,BADP,10004,0.5,3500,3394,3394,9.613599999999202,96.97142857142858,2.616087212728344,57.11073636874649,4.178472222222222,7.0,6002.0,0.015529968701095463
burst_sensitivity,BADP,10005,0.5,3500,3472,3472,9.728746666665856,99.2,2.349942396313364,53.19410319410319,4.225694444444445,2.0,6077.0,0.009048960739030023
burst_sensitivity,BADP,10006,0.5,3500,3476,3476,9.748853333332521,99.31428571428572,2.4470655926352127,53.16533497234173,4.2340277777777775,0.0,6090.0,0.006483679753656659
burst_sensitivity,BADP,10007,0.5,3500,3440,3440,9.985013333332496,98.28571428571429,2.6526162790697674,53.33741579914268,4.338888888888889,5.0,6235.0,0.011618957345971565
burst_sensitivity,BADP,10008,0.5,3500,3453,3453,9.945226666665834,98.65714285714286,2.5667535476397334,57.014084507042256,4.320833333333334,3.0,6211.0,0.014486640625
burst_sensitivity,BADP,10009,0.5,3500,3447,3447,9.963093333332498,98.48571428571428,2.4281984334203655,53.422982885085574,4.330555555555556,9.0,6220.0,0.008785495011511895
burst_sensitivity,BADP,10010,0.5,3500,3487,3487,9.992319999999161,99.62857142857143,3.0943504445081733,53.30882352941177,4.341666666666667,4.0,6240.0,0.01162343870470316
burst_sensitivity,BADP,10011,0.5,3500,3370,3370,9.396906666665888,96.28571428571429,2.432047477744807,70.89326267978804,4.084027777777778,2.0,5867.0,0.009942948717948718
burst_sensitivity,BADP,10012,0.5,3500,3495,3495,9.957173333332499,99.85714285714286,2.861516452074392,60.352880124545926,4.329166666666667,9.0,6215.0,0.009530288836846213
burst_sensitivity,BADP,10013,0.5,3500,3457,3457,9.89194666666584,98.77142857142857,2.476424645646514,53.19410319410319,4.2965277777777775,0.0,6179.0,0.008047953667953668
burst_sensitivity,BADP,10014,0.5,3500,3444,3444,9.71274666666586,98.4,2.442508710801394,53.19410319410319,4.21875,0.0,6067.0,0.01304811102544333
burst_sensitivity,BADP,10015,0.5,3500,3459,3459,9.857226666665843,98.82857142857142,2.493784330731425,53.28019619865113,4.282638888888889,4.0,6156.0,0.014662248062015505
burst_sensitivity,BADP,10016,0.5,3500,3472,3472,9.782506666665851,99.2,2.578917050691244,53.365973072215425,4.251388888888889,7.0,6108.0,0.015111878881987577
burst_sensitivity,BADP,10017,0.5,3500,3471,3471,9.713439999999192,99.17142857142858,2.4019014693172,53.22283609576427,4.219444444444444,3.0,6067.0,0.009655919003115264
burst_sensitivity,BADP,10018,0.5,3500,3436,3436,9.707039999999193,98.17142857142858,2.2936554132712454,53.22283609576427,4.216666666666667,3.0,6063.0,0.008528883684621388
burst_sensitivity,BADP,10019,0.5,3500,3490,3490,9.99983999999916,99.71428571428571,2.3808022922636103,53.22283609576427,4.34375,3.0,6246.0,0.011852704791344669
burst_sensitivity,BADP,10020,0.5,3500,3414,3414,9.496053333332549,97.54285714285714,2.3368482718219097,53.16533497234173,4.124305555555556,0.0,5932.0,0.01233109048723898
burst_sensitivity,BADP,10021,0.5,3500,3395,3395,9.489226666665882,97.0,2.4633284241531666,60.18759770713913,4.122916666666667,2.0,5926.0,0.010506339144215532
burst_sensitivity,BADP,10022,0.5,3500,3436,3436,9.924213333332503,98.17142857142858,2.708090803259604,53.33741579914268,4.3125,6.0,6197.0,0.010484198473282443
burst_sensitivity,BADP,10023,0.5,3500,3434,3434,9.483039999999217,98.11428571428571,2.3316831683168315,53.22283609576427,4.1194444444444445,2.0,5923.0,0.014535818601076096
burst_sensitivity,BADP,10024,0.5,3500,3471,3471,9.796639999999183,99.17142857142858,2.464131374243734,53.22283609576427,4.2555555555555555,0.0,6119.0,0.010945707656612529
burst_sensitivity,BADP,10025,0.5,3500,3472,3472,10.00143999999916,99.2,2.3971774193548385,53.22283609576427,4.344444444444444,3.0,6247.0,0.008703208556149733
burst_sensitivity,BADP,10026,0.5,3500,3495,3495,10.042399999999155,99.85714285714286,2.5585121602288985,62.989840348330915,4.364583333333333,6.0,6270.0,0.016215849923430323
burst_sensitivity,BADP,10027,0.5,3500,3480,3480,9.967679999999165,99.42857142857143,3.261206896551724,53.47985347985348,4.333333333333333,9.0,6222.0,0.018313793103448276
burst_sensitivity,BADP,10028,0.5,3500,3443,3443,9.755093333332521,98.37142857142857,2.6424629683415626,53.422982885085574,4.240277777777778,4.0,6090.0,0.014479160186625194
burst_sensitivity,BADP,10029,0.5,3500,3414,3414,9.596853333332538,97.54285714285714,2.421792618629174,53.16533497234173,4.168055555555555,1.0,5995.0,0.012862063615205586
burst_sensitivity,BADP_PLUS,10000,0.5,3500,3323,3323,9.384586666665887,94.94285714285714,2.4122780619921755,76.00124185035703,4.079861111111111,0.0,5858.0,0.07497208931419458
burst_sensitivity,BADP_PLUS,10001,0.5,3500,3454,3454,9.979253333332496,98.68571428571428,2.6152287203242617,56.91699604743083,4.334027777777778,0.0,6234.0,0.0687400468384075
burst_sensitivity,BADP_PLUS,10002,0.5,3500,3468,3468,10.156159999999144,99.08571428571429,2.347750865051903,53.13653136531365,4.410416666666666,0.0,6345.0,0.06600744763382467
burst_sensitivity,BADP_PLUS,10003,0.5,3500,3453,3453,9.716159999999192,98.65714285714286,2.335070952794671,53.13653136531365,4.219444444444444,0.0,6070.0,0.07172351580570548
burst_sensitivity,BADP_PLUS,10004,0.5,3500,3394,3394,9.611253333332536,96.97142857142858,2.6263995285798467,56.91699604743083,4.174305555555556,0.0,6004.0,0.0698735524256651
burst_sensitivity,BADP_PLUS,10005,0.5,3500,3472,3472,9.72895999999919,99.2,2.3493663594470044,53.13653136531365,4.225,0.0,6078.0,0.052182678983833726
burst_sensitivity,BADP_PLUS,10006,0.5,3500,3476,3476,9.749759999999188,99.31428571428572,2.4499424626006903,53.13653136531365,4.2340277777777775,0.0,6091.0,0.047529176289453426
burst_sensitivity,BADP_PLUS,10007,0.5,3500,3440,3440,9.963946666665832,98.28571428571429,2.7055232558139535,60.12526096033403,4.3277777777777775,0.0,6224.0,0.06793862559241706
burst_sensitivity,BADP_PLUS,10008,0.5,3500,3453,3453,9.963253333332498,98.65714285714286,2.5334491746307557,56.91699604743083,4.327083333333333,0.0,6224.0,0.06602078125000001
burst_sensitivity,BADP_PLUS,10009,0.5,3500,3447,3447,9.961653333332498,98.48571428571428,2.4357412242529737,56.91699604743083,4.326388888888889,0.0,6223.0,0.04884435917114351
burst_sensitivity,BADP_PLUS,10010,0.5,3500,3487,3487,9.990453333332495,99.62857142857143,3.0963579007743047,56.91699604743083,4.338888888888889,0.0,6241.0,0.07667586738627602
burst_sensitivity,BADP_PLUS,10011,0.5,3500,3372,3372,9.39919999999922,96.34285714285714,2.4314946619217084,73.6949846468782,4.085416666666666,0.0,5868.0,0.0904096955128205
burst_sensitivity,BADP_PLUS,10012,0.5,3500,3495,3495,9.955946666665833,99.85714285714286,2.886409155937053,60.12526096033403,4.324305555555555,0.0,6219.0,0.06946924277907884
burst_sensitivity,BADP_PLUS,10013,0.5,3500,3457,3457,9.890559999999173,98.77142857142857,2.4741105004339023,53.13653136531365,4.295138888888889,0.0,6179.0,0.08404131274131274
burst_sensitivity,BADP_PLUS,10014,0.5,3500,3444,3444,9.711359999999193,98.4,2.443670150987224,53.13653136531365,4.217361111111111,0.0,6067.0,0.08919892058596762
burst_sensitivity,BADP_PLUS,10015,0.5,3500,3459,3459,9.855839999999176,98.82857142857142,2.4932061289389997,62.88209606986899,4.28125,0.0,6156.0,0.061707674418604655
burst_sensitivity,BADP_PLUS,10016,0.5,3500,3472,3472,9.783839999999184,99.2,2.5774769585253456,62.88209606986899,4.25,0.0,6111.0,0.0833847049689441
burst_sensitivity,BADP_PLUS,10017,0.5,3500,3471,3471,9.714559999999192,99.17142857142858,2.401037165082109,53.13653136531365,4.21875,0.0,6069.0,0.06447593457943925
burst_sensitivity,BADP_PLUS,10018,0.5,3500,3436,3436,9.706559999999193,98.17142857142858,2.292782305005821,53.13653136531365,4.215277777777778,0.0,6064.0,0.06802560499609679
burst_sensitivity,BADP_PLUS,10019,0.5,3500,3490,3490,9.999359999999161,99.71428571428571,2.381948424068768,53.13653136531365,4.342361111111111,0.0,6247.0,0.07620710973724884
burst_sensitivity,BADP_PLUS,10020,0.5,3500,3414,3414,9.495359999999216,97.54285714285714,2.3362624487404804,53.13653136531365,4.123611111111111,0.0,5932.0,0.07223047177107503
burst_sensitivity,BADP_PLUS,10021,0.5,3500,3396,3396,9.489439999999215,97.02857142857142,2.465842167255595,62.88209606986899,4.122222222222222,0.0,5927.0,0.07610824088748018
burst_sensitivity,BADP_PLUS,10022,0.5,3500,3436,3436,9.92255999999917,98.17142857142858,2.728463329452852,53.13653136531365,4.309027777777778,0.0,6199.0,0.04960679389312977
burst_sensitivity,BADP_PLUS,10023,0.5,3500,3434,3434,9.480959999999218,98.11428571428571,2.332847990681421,53.13653136531365,4.117361111111111,0.0,5923.0,0.06239915449654112
burst_sensitivity,BADP_PLUS,10024,0.5,3500,3471,3471,9.797759999999183,99.17142857142858,2.473638720829732,53.13653136531365,4.254861111111111,0.0,6121.0,0.07255467904098994
burst_sensitivity,BADP_PLUS,10025,0.5,3500,3472,3472,9.997759999999161,99.2,2.405241935483871,53.13653136531365,4.341666666666667,0.0,6246.0,0.06277769289533995
burst_sensitivity,BADP_PLUS,10026,0.5,3500,3495,3495,10.041439999999156,99.85714285714286,2.5659513590844063,62.88209606986899,4.361805555555556,0.0,6272.0,0.09385237366003063
burst_sensitivity,BADP_PLUS,10027,0.5,3500,3480,3480,9.965759999999165,99.42857142857143,3.2979885057471265,53.13653136531365,4.3277777777777775,0.0,6226.0,0.09368918495297805
burst_sensitivity,BADP_PLUS,10028,0.5,3500,3443,3443,9.75205333333252,98.37142857142857,2.656985187336625,56.91699604743083,4.235416666666667,0.0,6092.0,0.08708335925349922
burst_sensitivity,BADP_PLUS,10029,0.5,3500,3414,3414,9.597759999999205,97.54285714285714,2.421499707088459,53.13653136531365,4.168055555555555,0.0,5996.0,0.06193359193173003
burst_sensitivity,CEMA,10000,0.5,3500,3177,1490,11.438599999996743,42.57142857142857,64.31696569090337,99.90635410430004,22.853472222222223,31853.0,1044.0,0.016492902711323764
burst_sensitivity,CEMA,10001,0.5,3500,3331,1102,12.36807999999539,31.485714285714284,72.41459021314921,99.92943345142429,24.197916666666668,33872.0,972.0,0.011788134270101483
burst_sensitivity,CEMA,10002,0.5,3500,3340,1285,12.385226666662119,36.714285714285715,68.8805389221557,99.92825768667643,24.011805555555554,33469.0,1106.0,0.012515748642358417
burst_sensitivity,CEMA,10003,0.5,3500,3334,1387,12.00174666666236,39.628571428571426,65.81133773245351,99.93174268509108,23.5125,32795.0,1061.0,0.014297455666923671
burst_sensitivity,CEMA,10004,0.5,3500,3261,784,11.985533333328918,22.4,72.19380558111008,99.92999099884271,24.105555555555554,34037.0,673.0,0.009726291079812205
burst_sensitivity,CEMA,10005,0.5,3500,3349,1199,12.122279999995685,34.25714285714286,66.68378620483726,99.93264178903408,23.747222222222224,33148.0,1041.0,0.00917813702848345
burst_sensitivity,CEMA,10006,0.5,3500,3348,1554,12.007713333329301,44.4,63.98446833930705,99.93073139945663,23.416666666666668,32542.0,1169.0,0.011656966897613549
burst_sensitivity,CEMA,10007,0.5,3500,3302,1083,12.342866666662147,30.942857142857143,72.75832828588734,99.92966944639807,24.229861111111113,33957.0,931.0,0.011911453396524488
burst_sensitivity,CEMA,10008,0.5,3500,3315,1032,12.242146666662265,29.485714285714284,71.45067873303168,99.92401324750176,24.125694444444445,33818.0,922.0,0.01200125
burst_sensitivity,CEMA,10009,0.5,3500,3314,1087,12.309013333328666,31.057142857142857,70.39438744719372,99.93431807566557,24.115972222222222,33753.0,973.0,0.019657175748273213
burst_sensitivity,CEMA,10010,0.5,3500,3362,1436,12.316346666661765,41.02857142857143,71.03361094586556,99.9350668090387,24.26527777777778,34045.0,892.0,0.016056823438704706
burst_sensitivity,CEMA,10011,0.5,3500,3235,1705,11.472239999996734,48.714285714285715,62.252241112828436,99.9059947603637,22.834722222222222,31777.0,1092.0,0.011630929487179488
burst_sensitivity,CEMA,10012,0.5,3500,3376,1236,12.325199999995151,35.31428571428572,71.23222748815166,99.9346974314323,24.226388888888888,33937.0,940.0,0.01673255269320843
burst_sensitivity,CEMA,10013,0.5,3500,3325,1379,12.20673999999559,39.4,66.21654135338346,99.93155216865546,23.622916666666665,32802.0,1209.0,0.012015830115830115
burst_sensitivity,CEMA,10014,0.5,3500,3312,1333,12.034379999995775,38.08571428571429,65.96225845410628,99.9258704548377,23.54375,32772.0,1125.0,0.016814417887432535
burst_sensitivity,CEMA,10015,0.5,3500,3331,1080,12.202759999995518,30.857142857142858,70.89312518763134,99.93419032158997,24.075694444444444,33747.0,921.0,0.018532868217054264
burst_sensitivity,CEMA,10016,0.5,3500,3347,1074,12.228799999995397,30.685714285714287,69.95309232148192,99.92366632100473,24.04513888888889,33675.0,948.0,0.010671816770186335
burst_sensitivity,CEMA,10017,0.5,3500,3334,1377,11.967406666662654,39.34285714285714,66.46490701859628,99.92522451720218,23.46527777777778,32643.0,1145.0,0.014953115264797508
burst_sensitivity,CEMA,10018,0.5,3500,3305,1098,12.011413333329127,31.37142857142857,69.54523449319214,99.92756622516556,23.788194444444443,33310.0,943.0,0.011463231850117096
burst_sensitivity,CEMA,10019,0.5,3500,3375,1312,12.321653333328618,37.48571428571429,69.06903703703703,99.93353813434159,24.025694444444444,33522.0,1068.0,0.018199304482225658
burst_sensitivity,CEMA,10020,0.5,3500,3281,1632,11.681333333329725,46.628571428571426,63.96464492532765,99.93014591741695,23.186805555555555,32361.0,1024.0,0.011765815931941223
burst_sensitivity,CEMA,10021,0.5,3500,3258,1758,11.586713333330025,50.22857142857143,62.72099447513812,99.92259756261305,23.022916666666667,31995.0,1148.0,0.013669334389857369
burst_sensitivity,CEMA,10022,0.5,3500,3298,967,12.308679999995647,27.62857142857143,72.84232868405094,99.92460774690963,24.209722222222222,33958.0,904.0,0.01571496183206107
burst_sensitivity,CEMA,10023,0.5,3500,3302,1244,11.846979999995902,35.542857142857144,66.54027861901878,99.93260395839418,23.634722222222223,33159.0,873.0,0.013717524980784011
burst_sensitivity,CEMA,10024,0.5,3500,3351,1764,12.092513333329217,50.4,62.02775290957923,99.9257806287441,23.478472222222223,32635.0,1170.0,0.013488940448569218
burst_sensitivity,CEMA,10025,0.5,3500,3359,1208,12.334693333328659,34.51428571428571,69.60851443882108,99.93418550911166,24.113888888888887,33720.0,1004.0,0.010377081741787624
burst_sensitivity,CEMA,10026,0.5,3500,3379,1352,12.378853333328554,38.628571428571426,69.99467298017164,99.9344386491448,24.204166666666666,33847.0,1003.0,0.01624081163859112
burst_sensitivity,CEMA,10027,0.5,3500,3359,1407,12.36685333332839,40.2,72.04703780887169,99.93550975952306,24.344444444444445,34178.0,872.0,0.014147100313479623
burst_sensitivity,CEMA,10028,0.5,3500,3316,952,12.139653333328818,27.2,72.01236429433052,99.93472395485799,24.130555555555556,33924.0,821.0,0.015865863141524106
burst_sensitivity,CEMA,10029,0.5,3500,3282,1083,11.936173333329284,30.942857142857143,68.36197440585009,99.92232497471898,23.740972222222222,33287.0,895.0,0.01785422808378588
burst_sensitivity,AMRP,10000,0.8,3500,3267,2696,13.524553333327251,77.02857142857142,44.59228650137741,91.45886394598116,25.947222222222223,36169.0,12.0,0.06993469721767594
burst_sensitivity,AMRP,10001,0.8,3500,3373,2826,13.98943999999316,80.74285714285715,46.30210495108212,88.21396944874917,26.70277777777778,37204.0,10.0,0.05362143987341773
burst_sensitivity,AMRP,10002,0.8,3500,3401,2840,13.691333333327515,81.14285714285714,47.25286680388121,87.80667992192772,26.4375,36965.0,2.0,0.047714620797498046
burst_sensitivity,AMRP,10003,0.8,3500,3403,2860,14.096633333327302,81.71428571428571,43.330884513664415,88.5175494890655,26.493055555555557,37105.0,1.0,0.04377853107344633
burst_sensitivity,AMRP,10004,0.8,3500,3290,2699,13.455399999993814,77.11428571428571,47.77841945288754,92.82769372364504,26.10902777777778,36589.0,10.0,0.05358516179952644
burst_sensitivity,AMRP,10005,0.8,3500,3399,2879,14.202053333326612,82.25714285714285,44.42600764930862,82.46598153163002,26.902083333333334,37440.0,4.0,0.058739529411764704
burst_sensitivity,AMRP,10006,0.8,3500,3398,2858,13.950859999993892,81.65714285714286,43.14420247204238,89.20166213988904,26.420833333333334,36943.0,1.0,0.06207928286852589
burst_sensitivity,AMRP,10007,0.8,3500,3372,2354,13.759573333326763,67.25714285714285,49.47805456702254,90.69071042355061,26.384027777777778,36957.0,70.0,0.061350901960784306
burst_sensitivity,AMRP,10008,0.8,3500,3390,2840,13.790813333327002,81.14285714285714,44.84395280235988,88.62524347850399,26.427083333333332,36803.0,6.0,0.03947650743931088
burst_sensitivity,AMRP,10009,0.8,3500,3394,2839,13.96793333332743,81.11428571428571,45.22569239835003,89.31826735081648,26.563194444444445,37247.0,1.0,0.05685241935483871
burst_sensitivity,AMRP,10010,0.8,3500,3403,2871,14.051959999993796,82.02857142857142,45.95621510431972,84.9643371725687,26.758333333333333,37425.0,0.0,0.038427799530148785
burst_sensitivity,AMRP,10011,0.8,3500,3325,2758,13.899246666660085,78.8,42.40240601503759,93.48721378006319,26.35625,36759.0,15.0,0.048578278688524594
burst_sensitivity,AMRP,10012,0.8,3500,3399,2535,14.20875999999391,72.42857142857143,49.61753456899088,88.44809365092269,26.839583333333334,37596.0,85.0,0.05899607999999999
burst_sensitivity,AMRP,10013,0.8,3500,3391,2113,13.805626666661107,60.371428571428574,52.41079327631967,88.98657984895232,26.07777777777778,36566.0,255.0,0.04614817221770918
burst_sensitivity,AMRP,10014,0.8,3500,3390,2816,13.686786666660852,80.45714285714286,43.279646017699115,83.84011706399325,26.22013888888889,36568.0,1.0,0.0639634768740032
burst_sensitivity,AMRP,10015,0.8,3500,3405,2861,14.120599999993788,81.74285714285715,45.47165932452276,87.05779537529986,26.855555555555554,37397.0,0.0,0.05913867924528302
burst_sensitivity,AMRP,10016,0.8,3500,3399,2841,14.017159999993352,81.17142857142858,44.537805236834366,86.16533785394539,26.604166666666668,37142.0,1.0,0.06394074360960496
burst_sensitivity,AMRP,10017,0.8,3500,3402,2861,14.084186666660369,81.74285714285715,43.76807760141094,89.85322447481883,26.658333333333335,37184.0,4.0,0.05838998435054773
burst_sensitivity,AMRP,10018,0.8,3500,3326,2794,13.700593333327289,79.82857142857142,44.28713168971738,92.04547113526982,26.244444444444444,36605.0,6.0,0.0457831628638867
burst_sensitivity,AMRP,10019,0.8,3500,3404,2126,13.76400666666071,60.74285714285714,53.16069330199765,86.26750398705214,25.8875,36175.0,417.0,0.051113343923749
burst_sensitivity,AMRP,10020,0.8,3500,3388,2842,13.944833333326894,81.2,42.39049586776859,98.20683566773775,26.368055555555557,36794.0,2.0,0.061619171405361495
burst_sensitivity,AMRP,10021,0.8,3500,3378,2848,13.900799999993284,81.37142857142857,42.68886915334517,93.22496817988969,26.310416666666665,36664.0,4.0,0.06043497133497133
burst_sensitivity,AMRP,10022,0.8,3500,3390,2417,13.954026666659635,69.05714285714286,50.872861356932155,89.16207050756503,26.601388888888888,37247.0,104.0,0.0462486915146709
burst_sensitivity,AMRP,10023,0.8,3500,3358,2843,13.67051999999402,81.22857142857143,42.92465753424658,84.08992305717145,26.097916666666666,36349.0,6.0,0.05134734337827121
burst_sensitivity,AMRP,10024,0.8,3500,3404,2869,14.032106666660416,81.97142857142858,43.9286133960047,93.35178746882322,26.666666666666668,37225.0,2.0,0.05675680751173709
burst_sensitivity,AMRP,10025,0.8,3500,3399,2858,13.89209999999414,81.65714285714286,44.362165342747865,91.75058732692099,26.39097222222222,36979.0,1.0,0.04735863453815261
burst_sensitivity,AMRP,10026,0.8,3500,3401,2870,14.17150666666037,82.0,44.55865921787709,89.32600255169945,26.8,37367.0,3.0,0.04669803921568627
burst_sensitivity,AMRP,10027,0.8,3500,3409,2663,14.152106666660526,76.08571428571429,50.42446465239073,86.62132926656264,26.903472222222224,37608.0,12.0,0.05591175523349437
burst_sensitivity,AMRP,10028,0.8,3500,3358,2250,13.501159999994194,64.28571428571429,50.45741512805241,85.79934616507919,26.113888888888887,36709.0,75.0,0.047963219284603426
burst_sensitivity,AMRP,10029,0.8,3500,3363,2838,13.851959999993795,81.08571428571429,44.132917038358606,87.19913980866257,26.353472222222223,36756.0,5.0,0.05555714285714286
burst_sensitivity,BADP,10000,0.8,3500,3402,3402,10.062666666665807,97.2,3.7610229276895946,71.1227938415321,4.38125,3.0,6274.0,0.016365384615384615
burst_sensitivity,BADP,10001,0.8,3500,3475,3475,10.457013333332442,99.28571428571429,3.04431654676259,53.33741579914268,4.54375,2.0,6530.0,0.0151564082278481
burst_sensitivity,BADP,10002,0.8,3500,3498,3498,10.342239999999123,99.94285714285714,2.6995425957690107,53.22283609576427,4.492361111111111,2.0,6460.0,0.016202971071149336
burst_sensitivity,BADP,10003,0.8,3500,3499,3499,10.703253333332418,99.97142857142858,3.3075164332666476,53.593179049939096,4.654166666666667,1.0,6680.0,0.01390266343825666
burst_sensitivity,BADP,10004,0.8,3500,3417,3417,10.042826666665821,97.62857142857143,2.934738074334211,53.28019619865113,4.363194444444445,3.0,6272.0,0.014464088397790056
burst_sensitivity,BADP,10005,0.8,3500,3499,3499,10.496373333332441,99.97142857142858,3.3766790511574736,53.50823672971324,4.563194444444444,2.0,6552.0,0.01156564705882353
burst_sensitivity,BADP,10006,0.8,3500,3499,3499,10.388533333332454,99.97142857142858,3.363246641897685,53.67781155015197,4.51875,1.0,6482.0,0.01463354581673307
burst_sensitivity,BADP,10007,0.8,3500,3483,3483,10.478506666665776,99.51428571428572,2.932242319839219,53.365973072215425,4.553472222222222,1.0,6543.0,0.013033254901960785
burst_sensitivity,BADP,10008,0.8,3500,3488,3488,10.423946666665783,99.65714285714286,3.0194954128440368,57.302742025741466,4.533333333333333,3.0,6505.0,0.01390415035238841
burst_sensitivity,BADP,10009,0.8,3500,3493,3493,10.587626666665766,99.8,3.3618665903235043,57.374301675977655,4.605555555555555,7.0,6606.0,0.012735725806451612
burst_sensitivity,BADP,10010,0.8,3500,3499,3499,10.656319999999088,99.97142857142858,2.700200057159188,53.30882352941177,4.629861111111111,2.0,6655.0,0.00973492560689115
burst_sensitivity,BADP,10011,0.8,3500,3447,3447,10.424906666665782,98.48571428571428,3.7922831447635623,63.2388274867852,4.536111111111111,0.0,6503.0,0.010575573770491804
burst_sensitivity,BADP,10012,0.8,3500,3500,3500,10.527999999999105,100.0,3.7522857142857142,53.81818181818182,4.58125,1.0,6567.0,0.015397919999999999
burst_sensitivity,BADP,10013,0.8,3500,3495,3495,10.618453333332429,99.85714285714286,3.088125894134478,60.41450777202073,4.617361111111111,2.0,6627.0,0.016237124289195777
burst_sensitivity,BADP,10014,0.8,3500,3489,3489,10.292746666665797,99.68571428571428,3.102894812267125,60.435007767995856,4.476388888888889,1.0,6423.0,0.015864673046251995
burst_sensitivity,BADP,10015,0.8,3500,3500,3500,10.640533333332423,100.0,2.6862857142857144,53.25153374233129,4.622222222222222,3.0,6646.0,0.013321383647798743
burst_sensitivity,BADP,10016,0.8,3500,3498,3498,10.485119999999107,99.94285714285714,3.0488850771869638,53.30882352941177,4.555555555555555,1.0,6548.0,0.015570255615801703
burst_sensitivity,BADP,10017,0.8,3500,3499,3499,10.428533333332446,99.97142857142858,3.2729351243212346,57.35047512576858,4.536111111111111,1.0,6507.0,0.009078794992175274
burst_sensitivity,BADP,10018,0.8,3500,3451,3451,10.303199999999128,98.6,2.925239061141698,57.11073636874649,4.477777777777778,2.0,6433.0,0.014484343036978757
burst_sensitivity,BADP,10019,0.8,3500,3499,3499,10.582719999999096,99.97142857142858,2.6639039725635896,60.208333333333336,4.597916666666666,0.0,6609.0,0.017806910246227166
burst_sensitivity,BADP,10020,0.8,3500,3488,3488,10.458453333332445,99.65714285714286,3.3360091743119265,57.27883538633819,4.547916666666667,1.0,6527.0,0.01626238830219334
burst_sensitivity,BADP,10021,0.8,3500,3485,3485,10.512106666665773,99.57142857142857,3.0579626972740317,53.365973072215425,4.5680555555555555,0.0,6564.0,0.022487878787878786
burst_sensitivity,BADP,10022,0.8,3500,3489,3489,10.715946666665747,99.68571428571428,2.4929779306391517,53.19410319410319,4.654166666666667,2.0,6694.0,0.008218398096748613
burst_sensitivity,BADP,10023,0.8,3500,3467,3467,10.295253333332465,99.05714285714286,3.0331698875108164,53.593179049939096,4.477083333333334,1.0,6425.0,0.009783822363203807
burst_sensitivity,BADP,10024,0.8,3500,3498,3498,10.453599999999112,99.94285714285714,3.099199542595769,60.27041081643266,4.543055555555555,0.0,6527.0,0.01229209702660407
burst_sensitivity,BADP,10025,0.8,3500,3499,3499,10.386026666665789,99.97142857142858,3.2515004286939124,57.374301675977655,4.518055555555556,1.0,6480.0,0.010737510040160643
burst_sensitivity,BADP,10026,0.8,3500,3500,3500,10.548426666665767,100.0,3.009714285714286,53.28019619865113,4.582638888888889,0.0,6588.0,0.02184650980392157
burst_sensitivity,BADP,10027,0.8,3500,3499,3499,10.79642666666574,99.97142857142858,2.9082595027150613,57.014084507042256,4.690277777777778,2.0,6743.0,0.013611030595813206
burst_sensitivity,BADP,10028,0.8,3500,3469,3469,10.355039999999121,99.11428571428571,2.7457480541942925,60.14606155451226,4.497916666666667,0.0,6468.0,0.01686819595645412
burst_sensitivity,BADP,10029,0.8,3500,3471,3471,10.436853333332445,99.17142857142858,2.764044943820225,53.16533497234173,4.532638888888889,0.0,6520.0,0.008837992277992278
burst_sensitivity,BADP_PLUS,10000,0.8,3500,3404,3404,10.060213333332486,97.25714285714285,3.799059929494712,70.88224157516092,4.371527777777778,0.0,6282.0,0.08250049099836335
burst_sensitivity,BADP_PLUS,10001,0.8,3500,3475,3475,10.454453333332443,99.28571428571429,3.0368345323741006,56.91699604743083,4.540277777777778,0.0,6531.0,0.09346787974683544
burst_sensitivity,BADP_PLUS,10002,0.8,3500,3498,3498,10.345653333332455,99.94285714285714,2.704116638078902,56.91699604743083,4.493055555555555,0.0,6463.0,0.08303150899139954
burst_sensitivity,BADP_PLUS,10003,0.8,3500,3499,3499,10.696746666665751,99.97142857142858,3.34095455844527,60.12526096033403,4.645833333333333,0.0,6682.0,0.07214786117836965
burst_sensitivity,BADP_PLUS,10004,0.8,3500,3417,3417,10.044159999999156,97.62857142857143,2.9470295580918933,53.13653136531365,4.361805555555556,0.0,6275.0,0.07908674033149171
burst_sensitivity,BADP_PLUS,10005,0.8,3500,3499,3499,10.49125333333244,99.97142857142858,3.4029722777936553,56.91699604743083,4.55625,0.0,6554.0,0.061783058823529406
burst_sensitivity,BADP_PLUS,10006,0.8,3500,3499,3499,10.379039999999119,99.97142857142858,3.4021148899685625,62.88209606986899,4.508333333333334,0.0,6483.0,0.09238948207171316
burst_sensitivity,BADP_PLUS,10007,0.8,3500,3483,3483,10.478239999999108,99.51428571428572,2.9411426930806774,62.88209606986899,4.551388888888889,0.0,6545.0,0.057037960784313724
burst_sensitivity,BADP_PLUS,10008,0.8,3500,3488,3488,10.419946666665782,99.65714285714286,3.0398509174311927,60.12526096033403,4.5256944444444445,0.0,6509.0,0.07923171495693031
burst_sensitivity,BADP_PLUS,10009,0.8,3500,3493,3493,10.585919999999097,99.8,3.3985113083309475,69.23076923076923,4.5993055555555555,0.0,6611.0,0.08355629032258065
burst_sensitivity,BADP_PLUS,10010,0.8,3500,3499,3499,10.683946666665753,99.97142857142858,2.7682194912832236,60.12526096033403,4.6402777777777775,0.0,6674.0,0.08817987470634299
burst_sensitivity,BADP_PLUS,10011,0.8,3500,3447,3447,10.419999999999115,98.48571428571428,3.8288366695677403,73.6949846468782,4.528472222222222,0.0,6506.0,0.08976573770491804
burst_sensitivity,BADP_PLUS,10012,0.8,3500,3500,3500,10.58293333333243,100.0,3.6794285714285713,65.27651858567543,4.597222222222222,0.0,6610.0,0.08854271999999999
burst_sensitivity,BADP_PLUS,10013,0.8,3500,3495,3495,10.614506666665761,99.85714285714286,3.1084406294706723,72.36180904522612,4.6125,0.0,6628.0,0.0949004061738424
burst_sensitivity,BADP_PLUS,10014,0.8,3500,3489,3489,10.286239999999129,99.68571428571428,3.109486959014044,62.88209606986899,4.468055555555556,0.0,6425.0,0.09933540669856458
burst_sensitivity,BADP_PLUS,10015,0.8,3500,3500,3500,10.744746666665746,100.0,2.514,60.12526096033403,4.666666666666667,0.0,6712.0,0.09881784591194968
burst_sensitivity,BADP_PLUS,10016,0.8,3500,3498,3498,10.484159999999108,99.94285714285714,3.0546026300743283,53.13653136531365,4.552777777777778,0.0,6550.0,0.08628714175058094
burst_sensitivity,BADP_PLUS,10017,0.8,3500,3499,3499,10.5529599999991,99.97142857142858,2.886539011146042,53.13653136531365,4.582638888888889,0.0,6593.0,0.06041322378716745
burst_sensitivity,BADP_PLUS,10018,0.8,3500,3451,3451,10.30085333333246,98.6,2.9278470008693134,56.91699604743083,4.473611111111111,0.0,6435.0,0.08592509834775768
burst_sensitivity,BADP_PLUS,10019,0.8,3500,3499,3499,10.542933333332433,99.97142857142858,2.791654758502429,65.27651858567543,4.579861111111111,0.0,6585.0,0.08924789515488483
burst_sensitivity,BADP_PLUS,10020,0.8,3500,3488,3488,10.46015999999911,99.65714285714286,3.2571674311926606,53.13653136531365,4.542361111111111,0.0,6535.0,0.10203119415109667
burst_sensitivity,BADP_PLUS,10021,0.8,3500,3485,3485,10.514559999999104,99.57142857142857,3.0809182209469155,53.13653136531365,4.565972222222222,0.0,6569.0,0.0793956592956593
burst_sensitivity,BADP_PLUS,10022,0.8,3500,3489,3489,10.714559999999082,99.68571428571428,2.4924047004872456,53.13653136531365,4.652777777777778,0.0,6694.0,0.07612720063441712
burst_sensitivity,BADP_PLUS,10023,0.8,3500,3467,3467,10.289439999999129,99.05714285714286,3.0614364003461207,62.88209606986899,4.469444444444444,0.0,6427.0,0.09469555908009517
burst_sensitivity,BADP_PLUS,10024,0.8,3500,3498,3498,10.451946666665778,99.94285714285714,3.110062893081761,60.12526096033403,4.539583333333334,0.0,6529.0,0.08716330203442879
burst_sensitivity,BADP_PLUS,10025,0.8,3500,3499,3499,10.384746666665785,99.97142857142858,3.2732209202629323,60.12526096033403,4.510416666666667,0.0,6487.0,0.09655726907630523
burst_sensitivity,BADP_PLUS,10026,0.8,3500,3500,3500,10.5465599999991,100.0,3.0102857142857142,53.13653136531365,4.579861111111111,0.0,6589.0,0.08446721568627451
burst_sensitivity,BADP_PLUS,10027,0.8,3500,3499,3499,10.793439999999073,99.97142857142858,2.9136896256073164,62.88209606986899,4.688194444444444,0.0,6742.0,0.08562222222222222
burst_sensitivity,BADP_PLUS,10028,0.8,3500,3469,3469,10.35114666666579,99.11428571428571,2.743730181608533,60.12526096033403,4.495833333333334,0.0,6466.0,0.062701399688958
burst_sensitivity,BADP_PLUS,10029,0.8,3500,3471,3471,10.434559999999113,99.17142857142858,2.772399884759435,53.13653136531365,4.53125,0.0,6519.0,0.06772864864864865
burst_sensitivity,CEMA,10000,0.8,3500,3271,1790,12.253979999996718,51.142857142857146,59.55243044940385,99.92474224217946,22.84513888888889,31004.0,1883.0,0.015439116202945989
burst_sensitivity,CEMA,10001,0.8,3500,3349,1656,12.896679999995415,47.31428571428572,64.42878471185429,99.93252058122273,24.172916666666666,33263.0,1538.0,0.01060253164556962
burst_sensitivity,CEMA,10002,0.8,3500,3386,1461,12.879119999995051,41.74285714285714,65.9238038984052,99.93451497424256,24.38888888888889,33804.0,1307.0,0.014563799843627833
burst_sensitivity,CEMA,10003,0.8,3500,3385,1949,12.860833333328541,55.68571428571428,59.38138847858198,99.92715204986037,23.221527777777776,31384.0,2048.0,0.016763841807909602
burst_sensitivity,CEMA,10004,0.8,3500,3281,1670,12.45345333332864,47.714285714285715,62.24809509295947,99.93095300201003,23.707638888888887,32704.0,1425.0,0.015417521704814521
burst_sensitivity,CEMA,10005,0.8,3500,3384,1782,13.093413333328517,50.91428571428571,62.5466903073286,99.93281777193873,24.259722222222223,33293.0,1629.0,0.012535450980392156
burst_sensitivity,CEMA,10006,0.8,3500,3387,1818,12.787466666662135,51.94285714285714,60.27310304103927,99.92832112137623,23.37013888888889,31745.0,1893.0,0.012654262948207172
burst_sensitivity,CEMA,10007,0.8,3500,3354,1633,12.769799999995163,46.65714285714286,62.35778175313059,99.93164730006835,23.950694444444444,32929.0,1551.0,0.014538196078431374
burst_sensitivity,CEMA,10008,0.8,3500,3358,1554,12.745439999995172,44.4,63.21441334127457,99.93234710445607,23.965972222222224,33042.0,1462.0,0.014563429913860611
burst_sensitivity,CEMA,10009,0.8,3500,3380,1827,12.963459999994626,52.2,60.59733727810651,99.92666591835972,23.95347222222222,32854.0,1628.0,0.01781508064516129
burst_sensitivity,CEMA,10010,0.8,3500,3393,1521,13.1069133333278,43.457142857142856,64.43236074270557,99.93413782757283,24.39027777777778,33625.0,1492.0,0.010841268598277212
burst_sensitivity,CEMA,10011,0.8,3500,3313,1839,12.525946666663309,52.542857142857144,56.85813462118926,99.91324843683505,22.943055555555556,30988.0,2037.0,0.011698524590163933
burst_sensitivity,CEMA,10012,0.8,3500,3387,1725,13.169839999994675,49.285714285714285,64.2406259226454,99.93176235101447,24.197916666666668,33047.0,1789.0,0.01373552
burst_sensitivity,CEMA,10013,0.8,3500,3382,1932,12.904439999994601,55.2,56.94234180958013,99.92629029589182,23.797916666666666,32629.0,1628.0,0.015454346060113729
burst_sensitivity,CEMA,10014,0.8,3500,3373,1772,12.488699999995628,50.628571428571426,60.83694040913134,99.92706940561565,23.208333333333332,31585.0,1823.0,0.01696570972886762
burst_sensitivity,CEMA,10015,0.8,3500,3400,1680,13.091879999994777,48.0,63.566764705882356,99.9333599893376,24.350694444444443,33489.0,1569.0,0.012728694968553458
burst_sensitivity,CEMA,10016,0.8,3500,3387,1605,13.011746666661953,45.857142857142854,63.26306465899026,99.93226665863901,23.999305555555555,32914.0,1637.0,0.0160140201394268
burst_sensitivity,CEMA,10017,0.8,3500,3389,1697,13.004999999995357,48.48571428571429,62.68810858660372,99.93127147766323,23.853472222222223,32603.0,1737.0,0.01290884194053208
burst_sensitivity,CEMA,10018,0.8,3500,3315,1593,12.651799999995509,45.51428571428571,62.41719457013575,99.92625035746,23.72361111111111,32685.0,1474.0,0.014090165224232887
burst_sensitivity,CEMA,10019,0.8,3500,3392,1797,12.774559999995084,51.34285714285714,59.70283018867924,99.92893689596362,23.488888888888887,31987.0,1826.0,0.016571961874503573
burst_sensitivity,CEMA,10020,0.8,3500,3353,1937,12.584106666662871,55.34285714285714,57.82433641515061,99.91997648288476,23.022916666666667,31148.0,1996.0,0.018054021121039803
burst_sensitivity,CEMA,10021,0.8,3500,3357,1745,12.689766666663175,49.857142857142854,58.96187071790289,99.92786438504388,23.197222222222223,31522.0,1875.0,0.018224078624078623
burst_sensitivity,CEMA,10022,0.8,3500,3375,1721,12.948359999995208,49.17142857142857,62.78311111111111,99.9330147814049,24.271527777777777,33423.0,1517.0,0.012050911974623314
burst_sensitivity,CEMA,10023,0.8,3500,3341,1564,12.592059999995449,44.68571428571428,61.89464232265789,99.9241280532652,23.372222222222224,32014.0,1638.0,0.016940919904837433
burst_sensitivity,CEMA,10024,0.8,3500,3397,1775,12.982786666662099,50.714285714285715,61.02826022961437,99.93181094964618,23.991666666666667,32873.0,1667.0,0.011472065727699531
burst_sensitivity,CEMA,10025,0.8,3500,3389,1707,12.824239999995047,48.77142857142857,61.23989377397462,99.92958407661253,23.552777777777777,32113.0,1794.0,0.01288008032128514
burst_sensitivity,CEMA,10026,0.8,3500,3391,1761,13.05527333332838,50.31428571428572,63.23031554113831,99.93159378871601,24.025,32857.0,1735.0,0.010879764705882353
burst_sensitivity,CEMA,10027,0.8,3500,3390,1523,13.241266666661248,43.51428571428571,67.66932153392331,99.93492878316825,24.631944444444443,33980.0,1486.0,0.0113061191626409
burst_sensitivity,CEMA,10028,0.8,3500,3336,1404,12.693659999994914,40.114285714285714,63.936450839328536,99.93290241774955,24.02777777777778,33224.0,1370.0,0.011440668740279937
burst_sensitivity,CEMA,10029,0.8,3500,3339,1540,12.739279999995613,44.0,63.11799940101827,99.93066469446242,23.633333333333333,32393.0,1633.0,0.012145945945945945
burst_sensitivity,AMRP,10000,1.1,3500,3351,2773,14.535059999993075,79.22857142857143,41.87914055505819,99.86454745882386,26.898611111111112,37977.0,7.0,0.03514229074889868
burst_sensitivity,AMRP,10001,1.1,3500,3406,2422,14.951173333325555,69.2,49.72959483264827,94.48156141503237,27.381944444444443,38287.0,311.0,0.04172456140350877
burst_sensitivity,AMRP,10002,1.1,3500,3408,2484,14.992839999992817,70.97142857142858,48.086854460093896,91.10590516196785,27.427777777777777,38342.0,187.0,0.04661848808545604
burst_sensitivity,AMRP,10003,1.1,3500,3414,2210,14.680506666659692,63.142857142857146,50.36379613356766,96.9219852321109,26.303472222222222,36724.0,716.0,0.0351061295971979
burst_sensitivity,AMRP,10004,1.1,3500,3363,2431,14.700113333326001,69.45714285714286,47.69104965804341,99.85341145164679,27.252777777777776,38332.0,34.0,0.05121870261162595
burst_sensitivity,AMRP,10005,1.1,3500,3412,2900,14.868919999992594,82.85714285714286,43.409730363423215,96.19384112550556,27.463194444444444,38441.0,1.0,0.034571452702702704
burst_sensitivity,AMRP,10006,1.1,3500,3409,2681,14.987459999992732,76.6,43.48753300088002,96.69595523492926,27.235416666666666,38246.0,98.0,0.04861688424717145
burst_sensitivity,AMRP,10007,1.1,3500,3402,2583,14.567379999992356,73.8,46.21252204585538,96.03344184245623,27.084722222222222,38242.0,35.0,0.03750787269681742
burst_sensitivity,AMRP,10008,1.1,3500,3410,2497,14.808599999992845,71.34285714285714,48.38211143695015,93.948164591939,27.088194444444444,37758.0,326.0,0.03588525535420099
burst_sensitivity,AMRP,10009,1.1,3500,3413,2332,14.501533333326615,66.62857142857143,50.635511280398475,91.88556231455479,26.25,36353.0,783.0,0.05483558178752108
burst_sensitivity,AMRP,10010,1.1,3500,3412,2440,14.984746666659476,69.71428571428571,48.39947245017585,91.9533146935472,27.438194444444445,38369.0,223.0,0.03917050653594771
burst_sensitivity,AMRP,10011,1.1,3500,3265,1782,14.084486666660972,50.91428571428571,54.840122511485454,99.8671941065966,25.452083333333334,35204.0,1084.0,0.06637996340347667
burst_sensitivity,AMRP,10012,1.1,3500,3410,2642,14.84519999999333,75.48571428571428,45.230498533724344,96.64646124487848,27.372222222222224,38368.0,84.0,0.038795083333333334
burst_sensitivity,AMRP,10013,1.1,3500,3406,2426,14.277286666660087,69.31428571428572,46.53846153846154,95.41600145839433,25.41111111111111,34674.0,1380.0,0.05133581526861452
burst_sensitivity,AMRP,10014,1.1,3500,3415,2521,14.533913333326415,72.02857142857142,47.235431918008786,96.99037743134079,26.629166666666666,37080.0,481.0,0.042369198664440735
burst_sensitivity,AMRP,10015,1.1,3500,3413,2008,14.856346666659862,57.371428571428574,54.61412247289774,98.70284701135137,26.88125,37591.0,666.0,0.04825780296425458
burst_sensitivity,AMRP,10016,1.1,3500,3405,2905,14.77318666665957,83.0,42.28604992657856,93.75403814665664,27.213194444444444,38166.0,4.0,0.056492995780590714
burst_sensitivity,AMRP,10017,1.1,3500,3416,2641,14.749186666659435,75.45714285714286,47.56967213114754,98.76437090362093,27.419444444444444,38806.0,15.0,0.054798550724637685
burst_sensitivity,AMRP,10018,1.1,3500,3356,2138,14.09119999999325,61.08571428571429,51.61829558998808,99.23949729105604,25.67013888888889,35802.0,812.0,0.04825571797076526
burst_sensitivity,AMRP,10019,1.1,3500,3404,1894,14.681813333326692,54.114285714285714,53.35487661574618,99.27389782481873,26.411805555555556,36805.0,727.0,0.044256848701880035
burst_sensitivity,AMRP,10020,1.1,3500,3410,2874,14.870266666659315,82.11428571428571,42.7108504398827,99.32724783204016,27.310416666666665,38423.0,0.0,0.0367216795201371
burst_sensitivity,AMRP,10021,1.1,3500,3408,2216,14.459246666660126,63.31428571428572,51.17048122065728,99.88578203949766,26.177777777777777,36499.0,716.0,0.04656426690079017
burst_sensitivity,AMRP,10022,1.1,3500,3410,2541,14.781066666658967,72.6,47.88152492668622,98.73994481793805,26.960416666666667,37636.0,474.0,0.0346261253309797
burst_sensitivity,AMRP,10023,1.1,3500,3398,2219,14.794319999992792,63.4,49.21365509123014,95.36007685822402,26.420833333333334,36760.0,645.0,0.030024378508420206
burst_sensitivity,AMRP,10024,1.1,3500,3413,2056,14.778986666659582,58.74285714285714,51.79900380896572,98.20567182758889,27.169444444444444,38506.0,110.0,0.037100082372322894
burst_sensitivity,AMRP,10025,1.1,3500,3417,2256,14.503753333326783,64.45714285714286,49.67895815042435,97.01409706909794,26.336805555555557,36851.0,520.0,0.03963646456020495
burst_sensitivity,AMRP,10026,1.1,3500,3407,2492,14.705833333326604,71.2,49.55327267390666,99.31044263714122,26.968055555555555,38189.0,190.0,0.04067744755244755
burst_sensitivity,AMRP,10027,1.1,3500,3407,2430,15.156413333326011,69.42857142857143,50.2764895802759,97.73813612021199,27.781944444444445,39099.0,125.0,0.027770786516853933
burst_sensitivity,AMRP,10028,1.1,3500,3399,2131,14.600126666660062,60.885714285714286,49.90261841718152,91.40338833112943,27.000694444444445,37942.0,130.0,0.03620822580645162
burst_sensitivity,AMRP,10029,1.1,3500,3398,2549,14.548033333326197,72.82857142857142,46.16715715126545,98.76753141563368,26.84722222222222,37939.0,106.0,0.036154231433506046
burst_sensitivity,BADP,10000,1.1,3500,3464,3464,11.142079999999035,98.97142857142858,3.401270207852194,60.33229491173417,4.843055555555556,1.0,6956.0,0.010111013215859032
burst_sensitivity,BADP,10001,1.1,3500,3498,3498,11.434399999999004,99.94285714285714,3.5551743853630646,57.11073636874649,4.96875,0.0,7140.0,0.024305680868838764
burst_sensitivity,BADP,10002,1.1,3500,3498,3498,11.524213333332327,99.94285714285714,3.0546026300743283,57.06246482836241,5.006944444444445,0.0,7197.0,0.009824239934264584
burst_sensitivity,BADP,10003,1.1,3500,3499,3499,11.343519999999016,99.97142857142858,3.599599885681623,60.51679586563308,4.934027777777778,0.0,7078.0,0.009075656742556918
burst_sensitivity,BADP,10004,1.1,3500,3474,3474,11.078346666665707,99.25714285714285,3.4671848013816926,53.621424223980526,4.817361111111111,1.0,6914.0,0.010152064026958719
burst_sensitivity,BADP,10005,1.1,3500,3498,3498,11.080159999999044,99.94285714285714,3.4176672384219553,60.39398652151374,4.817361111111111,3.0,6916.0,0.008759459459459459
burst_sensitivity,BADP,10006,1.1,3500,3500,3500,11.221386666665692,100.0,3.5362857142857145,53.451435552840564,4.877083333333333,0.0,7006.0,0.013481288076588337
burst_sensitivity,BADP,10007,1.1,3500,3497,3497,11.11535999999904,99.91428571428571,3.4432370603374323,53.56489945155393,4.832638888888889,2.0,6938.0,0.011050251256281408
burst_sensitivity,BADP,10008,1.1,3500,3496,3496,11.297013333332352,99.88571428571429,3.319508009153318,57.06246482836241,4.908333333333333,0.0,7055.0,0.010681713344316309
burst_sensitivity,BADP,10009,1.1,3500,3500,3500,11.1844266666657,100.0,3.617714285714286,63.18575553416747,4.864583333333333,3.0,6979.0,0.011360033726812817
burst_sensitivity,BADP,10010,1.1,3500,3499,3499,11.386666666665676,99.97142857142858,3.17347813661046,53.53658536585366,4.95,1.0,7108.0,0.01162483660130719
burst_sensitivity,BADP,10011,1.1,3500,3466,3466,11.30207999999902,99.02857142857142,3.3375649163300634,63.04347826086956,4.9125,4.0,7056.0,0.014392040256175662
burst_sensitivity,BADP,10012,1.1,3500,3499,3499,11.160319999999032,99.97142857142858,3.082880823092312,53.30882352941177,4.848611111111111,0.0,6970.0,0.011827916666666667
burst_sensitivity,BADP,10013,1.1,3500,3497,3497,11.158666666665704,99.91428571428571,4.028881898770375,69.51171099642715,4.856944444444444,5.0,6959.0,0.016769557021677664
burst_sensitivity,BADP,10014,1.1,3500,3498,3498,11.076693333332377,99.94285714285714,3.3216123499142367,53.422982885085574,4.813888888888889,0.0,6916.0,0.011403255425709516
burst_sensitivity,BADP,10015,1.1,3500,3500,3500,11.445386666665668,100.0,3.1637142857142857,57.15889949466592,4.9743055555555555,0.0,7146.0,0.012493199651264168
burst_sensitivity,BADP,10016,1.1,3500,3499,3499,11.049119999999048,99.97142857142858,3.7967990854529865,63.2034632034632,4.80625,4.0,6894.0,0.010090042194092827
burst_sensitivity,BADP,10017,1.1,3500,3498,3498,10.990826666665722,99.94285714285714,3.881646655231561,65.52655265526553,4.780555555555556,1.0,6858.0,0.011511849957374254
burst_sensitivity,BADP,10018,1.1,3500,3469,3469,11.009546666665717,99.11428571428571,2.9901989045834534,65.4799459215863,4.7875,3.0,6871.0,0.027499398108340498
burst_sensitivity,BADP,10019,1.1,3500,3500,3500,11.162239999999034,100.0,3.712285714285714,57.32662192393736,4.854166666666667,2.0,6966.0,0.018328648164726947
burst_sensitivity,BADP,10020,1.1,3500,3498,3498,11.097813333332368,99.94285714285714,3.942824471126358,63.22115384615385,4.8277777777777775,2.0,6924.0,0.009261953727506426
burst_sensitivity,BADP,10021,1.1,3500,3499,3499,10.992213333332383,99.97142857142858,4.076307516433267,67.60979729729729,4.781944444444444,3.0,6858.0,0.01022142230026339
burst_sensitivity,BADP,10022,1.1,3500,3500,3500,11.343733333332347,100.0,3.323142857142857,65.5110310670869,4.933333333333334,3.0,7079.0,0.013278993821712269
burst_sensitivity,BADP,10023,1.1,3500,3498,3498,11.477119999999,99.94285714285714,3.277587192681532,57.038288288288285,4.986111111111111,1.0,7168.0,0.0125616680032077
burst_sensitivity,BADP,10024,1.1,3500,3500,3500,11.118986666665705,100.0,3.4714285714285715,60.311688311688314,4.832638888888889,2.0,6942.0,0.00873657331136738
burst_sensitivity,BADP,10025,1.1,3500,3498,3498,11.109119999999038,99.94285714285714,3.1695254431103486,57.038288288288285,4.826388888888889,0.0,6938.0,0.0120199829205807
burst_sensitivity,BADP,10026,1.1,3500,3499,3499,11.085973333332367,99.97142857142858,3.95541583309517,63.32694151486098,4.825,2.0,6914.0,0.010032517482517482
burst_sensitivity,BADP,10027,1.1,3500,3500,3500,11.380319999999012,100.0,3.698,57.39810161920715,4.95,10.0,7101.0,0.010078046672428695
burst_sensitivity,BADP,10028,1.1,3500,3495,3495,11.024853333332382,99.85714285714286,3.324749642346209,57.27883538633819,4.79375,3.0,6881.0,0.011833387096774194
burst_sensitivity,BADP,10029,1.1,3500,3496,3496,11.100533333332363,99.88571428571429,3.8632723112128144,57.35047512576858,4.8277777777777775,1.0,6927.0,0.015164075993091535
burst_sensitivity,BADP_PLUS,10000,1.1,3500,3464,3464,11.147946666665701,98.97142857142858,3.421189376443418,60.12526096033403,4.841666666666667,0.0,6964.0,0.06318370044052864
burst_sensitivity,BADP_PLUS,10001,1.1,3500,3498,3498,11.430239999999003,99.94285714285714,3.5903373356203545,62.88209606986899,4.964583333333334,0.0,7140.0,0.07277117794486215
burst_sensitivity,BADP_PLUS,10002,1.1,3500,3498,3498,11.521653333332326,99.94285714285714,3.0660377358490565,56.91699604743083,5.003472222222222,0.0,7198.0,0.07016055875102711
burst_sensitivity,BADP_PLUS,10003,1.1,3500,3499,3499,11.33930666666568,99.97142857142858,3.611603315232924,72.36180904522612,4.927083333333333,0.0,7081.0,0.05712854640980735
burst_sensitivity,BADP_PLUS,10004,1.1,3500,3474,3474,11.072053333332375,99.25714285714285,3.511226252158895,56.91699604743083,4.808333333333334,0.0,6917.0,0.08131912384161753
burst_sensitivity,BADP_PLUS,10005,1.1,3500,3498,3498,11.07434666666571,99.94285714285714,3.441395082904517,60.12526096033403,4.809722222222222,0.0,6918.0,0.042504222972972974
burst_sensitivity,BADP_PLUS,10006,1.1,3500,3500,3500,11.21925333333236,100.0,3.5548571428571427,56.91699604743083,4.872222222222222,0.0,7009.0,0.07413115752828546
burst_sensitivity,BADP_PLUS,10007,1.1,3500,3497,3497,11.107039999999039,99.91428571428571,3.4300829282241923,62.88209606986899,4.824305555555555,0.0,6938.0,0.0671324120603015
burst_sensitivity,BADP_PLUS,10008,1.1,3500,3496,3496,11.298133333332352,99.88571428571429,3.327803203661327,65.27651858567543,4.907638888888889,0.0,7057.0,0.05800708401976935
burst_sensitivity,BADP_PLUS,10009,1.1,3500,3500,3500,11.186133333332364,100.0,3.61,65.27651858567543,4.8590277777777775,0.0,6987.0,0.07057790893760539
burst_sensitivity,BADP_PLUS,10010,1.1,3500,3499,3499,11.380853333332341,99.97142857142858,3.2034867104887113,56.91699604743083,4.942361111111111,0.0,7110.0,0.08147892156862745
burst_sensitivity,BADP_PLUS,10011,1.1,3500,3466,3466,11.305439999999017,99.02857142857142,3.360357761107905,62.88209606986899,4.910416666666666,0.0,7062.0,0.06941738334858188
burst_sensitivity,BADP_PLUS,10012,1.1,3500,3499,3499,11.159359999999033,99.97142857142858,3.081451843383824,53.13653136531365,4.845833333333333,0.0,6972.0,0.06625541666666666
burst_sensitivity,BADP_PLUS,10013,1.1,3500,3497,3497,11.156693333332367,99.91428571428571,3.8598798970546184,74.90247074122237,4.848611111111111,0.0,6966.0,0.11106616399622997
burst_sensitivity,BADP_PLUS,10014,1.1,3500,3498,3498,11.072533333332377,99.94285714285714,3.3499142367066894,65.27651858567543,4.809722222222222,0.0,6916.0,0.07557320534223706
burst_sensitivity,BADP_PLUS,10015,1.1,3500,3500,3500,11.405546666665671,100.0,3.3994285714285715,60.12526096033403,4.9534722222222225,0.0,7125.0,0.06868901482127289
burst_sensitivity,BADP_PLUS,10016,1.1,3500,3499,3499,11.073439999999042,99.97142857142858,3.7302086310374394,62.88209606986899,4.809722222222222,0.0,6917.0,0.06463434599156119
burst_sensitivity,BADP_PLUS,10017,1.1,3500,3498,3498,10.984319999999054,99.94285714285714,3.8624928530588907,69.23076923076923,4.772222222222222,0.0,6860.0,0.08881048593350384
burst_sensitivity,BADP_PLUS,10018,1.1,3500,3469,3469,11.00783999999905,99.11428571428571,2.9927933121937156,62.88209606986899,4.78125,0.0,6876.0,0.08281358555460018
burst_sensitivity,BADP_PLUS,10019,1.1,3500,3500,3500,11.214239999999027,100.0,3.4097142857142857,62.88209606986899,4.870833333333334,0.0,7005.0,0.08950367054610564
burst_sensitivity,BADP_PLUS,10020,1.1,3500,3498,3498,11.092426666665705,99.94285714285714,3.9708404802744424,67.37558485750745,4.81875,0.0,6928.0,0.07649597257926306
burst_sensitivity,BADP_PLUS,10021,1.1,3500,3499,3499,10.983413333332386,99.97142857142858,4.067162046298942,70.88224157516092,4.772222222222222,0.0,6859.0,0.06695539947322213
burst_sensitivity,BADP_PLUS,10022,1.1,3500,3500,3500,11.34410666666568,100.0,3.337142857142857,72.36180904522612,4.929166666666666,0.0,7084.0,0.06862842012356575
burst_sensitivity,BADP_PLUS,10023,1.1,3500,3498,3498,11.495359999998996,99.94285714285714,3.2229845626072042,53.13653136531365,4.991666666666666,0.0,7182.0,0.055186848436246994
burst_sensitivity,BADP_PLUS,10024,1.1,3500,3500,3500,11.111839999999038,100.0,3.4797142857142855,62.88209606986899,4.826388888888889,0.0,6941.0,0.06249604612850082
burst_sensitivity,BADP_PLUS,10025,1.1,3500,3498,3498,11.111146666665705,99.94285714285714,3.1692395654659804,60.12526096033403,4.825694444444444,0.0,6941.0,0.057277198975234846
burst_sensitivity,BADP_PLUS,10026,1.1,3500,3499,3499,11.078719999999041,99.97142857142858,3.9268362389254072,69.23076923076923,4.813194444444444,0.0,6919.0,0.06024038461538462
burst_sensitivity,BADP_PLUS,10027,1.1,3500,3500,3500,11.359146666665678,100.0,3.636285714285714,60.12526096033403,4.933333333333334,0.0,7096.0,0.08153085566119274
burst_sensitivity,BADP_PLUS,10028,1.1,3500,3495,3495,11.052639999999045,99.85714285714286,3.242632331902718,62.88209606986899,4.800694444444445,0.0,6904.0,0.09341032258064516
burst_sensitivity,BADP_PLUS,10029,1.1,3500,3496,3496,11.098826666665703,99.88571428571429,3.884725400457666,67.37558485750745,4.821527777777778,0.0,6932.0,0.05586165803108808
burst_sensitivity,CEMA,10000,1.1,3500,3321,1963,13.00552666666294,56.08571428571429,54.61427280939476,99.90579213116379,22.95,30556.0,2463.0,0.014484581497797359
burst_sensitivity,CEMA,10001,1.1,3500,3370,1733,13.960846666660471,49.51428571428571,60.72373887240356,99.92725925214276,25.09861111111111,34473.0,1659.0,0.015464995822890562
burst_sensitivity,CEMA,10002,1.1,3500,3399,1901,13.803966666660887,54.31428571428572,59.25389820535452,99.93215483773699,24.363888888888887,32928.0,2144.0,0.012170665571076418
burst_sensitivity,CEMA,10003,1.1,3500,3412,1896,13.73841333332803,54.17142857142857,55.9563305978898,99.91581123993797,23.868055555555557,32205.0,2141.0,0.013887828371278459
burst_sensitivity,CEMA,10004,1.1,3500,3342,1898,13.294259999995242,54.22857142857143,57.41921005385996,99.928265703833,23.75,31970.0,2215.0,0.01319898904802022
burst_sensitivity,CEMA,10005,1.1,3500,3400,1824,13.732826666661792,52.114285714285714,58.17294117647059,99.92828918483829,24.45347222222222,33256.0,1945.0,0.010182094594594595
burst_sensitivity,CEMA,10006,1.1,3500,3404,2107,13.511999999995677,60.2,54.524089306698,99.92408906882591,23.146527777777777,30600.0,2725.0,0.01412697998259356
burst_sensitivity,CEMA,10007,1.1,3500,3377,1886,13.372686666661425,53.885714285714286,58.277169084986674,99.924547477345,23.925694444444446,32352.0,2087.0,0.014736264656616415
burst_sensitivity,CEMA,10008,1.1,3500,3402,1531,14.123726666660085,43.74285714285714,59.3694885361552,99.92371710300067,25.5625,35663.0,1116.0,0.012389538714991764
burst_sensitivity,CEMA,10009,1.1,3500,3408,1573,13.78830666666041,44.94285714285714,58.676643192488264,99.92109525325655,24.590972222222224,33697.0,1681.0,0.015509527824620574
burst_sensitivity,CEMA,10010,1.1,3500,3401,1814,13.803746666660993,51.82857142857143,59.824169361952364,99.93263170501669,24.439583333333335,33094.0,2093.0,0.012802859477124184
burst_sensitivity,CEMA,10011,1.1,3500,3322,2041,13.180359999996211,58.31428571428572,53.56983744732089,99.90708592107194,23.09861111111111,30766.0,2481.0,0.015122323879231474
burst_sensitivity,CEMA,10012,1.1,3500,3400,1952,13.634393333327942,55.77142857142857,58.55529411764706,99.92591192591192,24.199305555555554,32707.0,2121.0,0.014254333333333334
burst_sensitivity,CEMA,10013,1.1,3500,3392,1825,13.566859999994135,52.142857142857146,55.31780660377358,99.90294334845449,24.072916666666668,32769.0,1854.0,0.025066446748350613
burst_sensitivity,CEMA,10014,1.1,3500,3409,1659,13.79362666666083,47.4,59.06541507773541,99.92412342589388,24.92222222222222,34502.0,1372.0,0.012612270450751252
burst_sensitivity,CEMA,10015,1.1,3500,3404,2121,13.617826666661424,60.6,56.782314923619275,99.92607074208546,23.772222222222222,31592.0,2619.0,0.01447585004359198
burst_sensitivity,CEMA,10016,1.1,3500,3403,1872,13.54443999999486,53.48571428571429,57.84161034381428,99.92465827144548,23.860416666666666,32160.0,2184.0,0.011551898734177215
burst_sensitivity,CEMA,10017,1.1,3500,3402,1867,13.736099999994243,53.34285714285714,59.678718400940625,99.9234430409002,24.6,33492.0,1912.0,0.01031918158567775
burst_sensitivity,CEMA,10018,1.1,3500,3342,2064,12.899299999995778,58.97142857142857,54.83812088569719,99.92429022082018,22.877777777777776,30605.0,2325.0,0.015000945829750647
burst_sensitivity,CEMA,10019,1.1,3500,3396,1991,13.542453333327964,56.885714285714286,56.96378091872791,99.91772741384663,23.655555555555555,31721.0,2312.0,0.01448791405550582
burst_sensitivity,CEMA,10020,1.1,3500,3384,1963,13.578999999995492,56.08571428571429,55.5951536643026,99.91835728699725,23.779166666666665,31949.0,2281.0,0.010508740359897172
burst_sensitivity,CEMA,10021,1.1,3500,3406,1890,13.500099999995507,54.0,56.06371109806224,99.90426746198314,23.80625,32161.0,2096.0,0.01077690956979807
burst_sensitivity,CEMA,10022,1.1,3500,3407,1763,13.90691999999399,50.371428571428574,59.607572644555326,99.92147786915733,24.864583333333332,34047.0,1717.0,0.01604518976169462
burst_sensitivity,CEMA,10023,1.1,3500,3378,2034,13.471253333328399,58.114285714285714,56.47424511545293,99.92700493122243,23.25,31035.0,2443.0,0.010442662389735366
burst_sensitivity,CEMA,10024,1.1,3500,3400,1911,13.59891333332856,54.6,59.12911764705883,99.93002044957973,23.902083333333334,32179.0,2235.0,0.010461532125205932
burst_sensitivity,CEMA,10025,1.1,3500,3405,2040,13.27811999999507,58.285714285714285,55.41762114537445,99.92492868224814,23.133333333333333,30790.0,2507.0,0.011932450896669512
burst_sensitivity,CEMA,10026,1.1,3500,3395,2083,13.463499999995356,59.51428571428571,57.37879234167894,99.92120729716909,23.49375,31375.0,2442.0,0.009731818181818182
burst_sensitivity,CEMA,10027,1.1,3500,3393,1860,14.056386666661107,53.142857142857146,60.0026525198939,99.92405244680089,24.895833333333332,33774.0,2052.0,0.01136914433880726
burst_sensitivity,CEMA,10028,1.1,3500,3373,1836,13.363673333327984,52.457142857142856,59.35250518825971,99.92976815688233,23.861805555555556,32235.0,2113.0,0.011451370967741936
burst_sensitivity,CEMA,10029,1.1,3500,3355,1783,13.359053333328571,50.94285714285714,56.80894187779434,99.90991922264719,23.79861111111111,32295.0,1965.0,0.01743860103626943
burst_sensitivity,AMRP,10000,1.5,3500,3317,1657,15.239053333325842,47.34285714285714,52.8287609285499,99.8922557540558,26.853472222222223,37895.0,605.0,0.039747104247104245
burst_sensitivity,AMRP,10001,1.5,3500,3420,2116,15.143379999992122,60.457142857142856,48.737719298245615,99.88436894650573,25.947916666666668,35249.0,1890.0,0.05745739710789767
burst_sensitivity,AMRP,10002,1.5,3500,3406,2205,15.462413333325573,63.0,50.71814445096888,99.88148582909128,26.25486111111111,35721.0,1704.0,0.05101358267716535
burst_sensitivity,AMRP,10003,1.5,3500,3424,2346,15.008439999992545,67.02857142857142,44.21378504672897,99.8529623119189,25.080555555555556,34243.0,1656.0,0.05207361751152074
burst_sensitivity,AMRP,10004,1.5,3500,3337,1900,15.288919999992242,54.285714285714285,53.37488762361402,99.89086531429665,26.61875,36718.0,1440.0,0.0358717261904762
burst_sensitivity,AMRP,10005,1.5,3500,3451,2021,15.96969999999171,57.74285714285714,51.05157925239061,99.8884265585735,27.35972222222222,38070.0,1098.0,0.04136761811023622
burst_sensitivity,AMRP,10006,1.5,3500,3446,2327,15.633099999991703,66.48571428571428,47.59286128845038,99.8785557475828,26.44236111111111,36733.0,1159.0,0.03766955602536998
burst_sensitivity,AMRP,10007,1.5,3500,3422,2035,15.566713333324538,58.142857142857146,48.48246639392168,98.66284822751476,26.37013888888889,36160.0,1458.0,0.03819079754601227
burst_sensitivity,AMRP,10008,1.5,3500,3428,2416,15.478153333325738,69.02857142857142,47.13098016336056,99.23846976963982,26.29652777777778,35655.0,1714.0,0.06499310344827587
burst_sensitivity,AMRP,10009,1.5,3500,3419,2170,15.409186666659114,62.0,48.823925124305354,99.86726197658984,26.131944444444443,35682.0,1643.0,0.0381624203821656
burst_sensitivity,AMRP,10010,1.5,3500,3404,1872,15.649293333325426,53.48571428571429,52.238836662749705,99.31963598112351,27.51736111111111,38614.0,630.0,0.028368939393939394
burst_sensitivity,AMRP,10011,1.5,3500,3309,1681,14.527939999994397,48.02857142857143,50.82683590208522,99.87421157612896,24.483333333333334,33485.0,1675.0,0.03213100338218715
burst_sensitivity,AMRP,10012,1.5,3500,3416,2161,15.78161333332531,61.74285714285714,50.545081967213115,99.87339241687212,27.680555555555557,38969.0,558.0,0.03487433366238894
burst_sensitivity,AMRP,10013,1.5,3500,3425,2232,15.313833333326,63.77142857142857,47.42102189781022,99.89558701593833,25.152083333333334,33961.0,2078.0,0.04702888643880926
burst_sensitivity,AMRP,10014,1.5,3500,3423,2336,15.641566666658797,66.74285714285715,49.5056967572305,99.89867018233919,26.747222222222224,36957.0,1284.0,0.025145454545454547
burst_sensitivity,AMRP,10015,1.5,3500,3401,2279,15.58521333332502,65.11428571428571,47.05116142311085,99.2709886381163,26.504166666666666,36507.0,1342.0,0.03440835164835165
burst_sensitivity,AMRP,10016,1.5,3500,3433,1673,15.552399999992058,47.8,55.5697640547626,99.88099285957158,26.06736111111111,35621.0,1800.0,0.04170226570545829
burst_sensitivity,AMRP,10017,1.5,3500,3398,1833,15.587633333325718,52.371428571428574,53.71983519717481,99.89708277409669,27.233333333333334,37996.0,1045.0,0.036043473792394656
burst_sensitivity,AMRP,10018,1.5,3500,3404,2123,15.609173333324847,60.65714285714286,50.57491186839013,99.89677023712183,27.311805555555555,38369.0,732.0,0.04117637795275591
burst_sensitivity,AMRP,10019,1.5,3500,3431,2281,15.25993333332591,65.17142857142858,47.0734479743515,99.87437046260575,25.778472222222224,35161.0,1556.0,0.05045712731229597
burst_sensitivity,AMRP,10020,1.5,3500,3424,1614,15.840439999991897,46.114285714285714,53.32096962616822,99.86803313210726,27.416666666666668,38723.0,525.0,0.031480687563195144
burst_sensitivity,AMRP,10021,1.5,3500,3421,2173,14.878133333328261,62.08571428571429,45.68342589885998,99.89324834457578,23.700694444444444,30697.0,3373.0,0.05357685185185185
burst_sensitivity,AMRP,10022,1.5,3500,3420,1779,15.316766666658658,50.82857142857143,52.53333333333333,99.23313833351163,26.084027777777777,35761.0,1653.0,0.0423950991831972
burst_sensitivity,AMRP,10023,1.5,3500,3408,2291,15.745033333325498,65.45714285714286,47.01731220657277,98.29559244419004,27.48611111111111,38763.0,274.0,0.03389598880597015
burst_sensitivity,AMRP,10024,1.5,3500,3446,1930,16.039159999991586,55.142857142857146,53.692106790481716,99.8833993427963,28.09722222222222,39429.0,670.0,0.046463119927862936
burst_sensitivity,AMRP,10025,1.5,3500,3426,2082,15.695813333325773,59.48571428571429,51.49883245767659,99.88317005723596,27.034027777777776,37365.0,1403.0,0.03886001984126984
burst_sensitivity,AMRP,10026,1.5,3500,3444,2024,15.669913333325361,57.82857142857143,50.782229965156795,99.87173513854249,26.292361111111113,35924.0,1737.0,0.05562876404494382
burst_sensitivity,AMRP,10027,1.5,3500,3430,1913,15.578619999992116,54.65714285714286,52.5466472303207,99.88865740342177,26.566666666666666,36343.0,1812.0,0.034094274028629856
burst_sensitivity,AMRP,10028,1.5,3500,3413,1958,15.590033333325435,55.94285714285714,51.228537943158514,99.87378350549706,27.504166666666666,38874.0,403.0,0.030117261330761813
burst_sensitivity,AMRP,10029,1.5,3500,3422,1738,15.59359333332558,49.65714285714286,51.48977206312098,99.86992918945074,26.389583333333334,36550.0,1285.0,0.032245157894736844
burst_sensitivity,BADP,10000,1.5,3500,3493,3493,12.066666666665594,99.8,4.150873174921271,57.23094170403587,5.245138888888889,0.0,7533.0,0.011714671814671816
burst_sensitivity,BADP,10001,1.5,3500,3499,3499,11.891413333332288,99.97142857142858,4.519577022006287,65.55755395683454,5.1722222222222225,4.0,7420.0,0.025660400444938822
burst_sensitivity,BADP,10002,1.5,3500,3499,3499,12.190293333332253,99.97142857142858,3.41926264647042,60.29106029106029,5.2972222222222225,3.0,7612.0,0.014806200787401575
burst_sensitivity,BADP,10003,1.5,3500,3498,3498,11.866879999998956,99.94285714285714,3.799028016009148,60.33229491173417,5.157638888888889,2.0,7409.0,0.025442396313364056
burst_sensitivity,BADP,10004,1.5,3500,3498,3498,12.211039999998917,99.94285714285714,3.5265866209262438,56.96559503666103,5.303472222222222,0.0,7628.0,0.014835813492063492
burst_sensitivity,BADP,10005,1.5,3500,3500,3500,12.044533333332264,100.0,3.899714285714286,65.5110310670869,5.2375,1.0,7517.0,0.008750098425196851
burst_sensitivity,BADP,10006,1.5,3500,3500,3500,12.044266666665603,100.0,3.7422857142857144,67.5,5.235416666666667,1.0,7519.0,0.020004862579281187
burst_sensitivity,BADP,10007,1.5,3500,3500,3500,12.26159999999891,100.0,3.7534285714285716,57.11073636874649,5.3277777777777775,2.0,7657.0,0.012634253578732105
burst_sensitivity,BADP,10008,1.5,3500,3500,3500,12.033279999998937,100.0,4.572,63.04347826086956,5.229861111111111,1.0,7513.0,0.01878498985801217
burst_sensitivity,BADP,10009,1.5,3500,3500,3500,12.016426666665607,100.0,4.521714285714285,69.40239043824701,5.225694444444445,3.0,7499.0,0.014667409766454354
burst_sensitivity,BADP,10010,1.5,3500,3499,3499,12.112319999998927,99.97142857142858,3.3966847670763074,53.30882352941177,5.261805555555555,1.0,7565.0,0.02202054924242424
burst_sensitivity,BADP,10011,1.5,3500,3494,3494,11.870399999998957,99.82857142857142,4.236977676016028,63.25648414985591,5.163888888888889,2.0,7406.0,0.01146335963923337
burst_sensitivity,BADP,10012,1.5,3500,3500,3500,12.064159999998934,100.0,3.9494285714285713,53.56489945155393,5.2444444444444445,1.0,7531.0,0.023694373149062194
burst_sensitivity,BADP,10013,1.5,3500,3500,3500,12.11423999999893,100.0,4.4714285714285715,63.15028901734104,5.267361111111111,1.0,7561.0,0.014513450937155458
burst_sensitivity,BADP,10014,1.5,3500,3500,3500,12.096106666665596,100.0,3.7605714285714287,57.08661417322835,5.2555555555555555,0.0,7554.0,0.00959060939060939
burst_sensitivity,BADP,10015,1.5,3500,3496,3496,12.331359999998904,99.88571428571429,4.02116704805492,70.97017742544357,5.360416666666667,3.0,7698.0,0.034029120879120876
burst_sensitivity,BADP,10016,1.5,3500,3500,3500,12.038026666665603,100.0,3.6014285714285714,57.014084507042256,5.229166666666667,1.0,7519.0,0.011766426364572606
burst_sensitivity,BADP,10017,1.5,3500,3495,3495,12.079253333332266,99.85714285714286,4.081831187410587,63.114754098360656,5.251388888888889,0.0,7540.0,0.03313340184994861
burst_sensitivity,BADP,10018,1.5,3500,3498,3498,12.119626666665594,99.94285714285714,3.4136649514008006,57.014084507042256,5.264583333333333,1.0,7570.0,0.018814370078740157
burst_sensitivity,BADP,10019,1.5,3500,3500,3500,11.943679999998947,100.0,3.874857142857143,65.40198735320686,5.190972222222222,1.0,7457.0,0.018299564744287268
burst_sensitivity,BADP,10020,1.5,3500,3499,3499,11.990133333332263,99.97142857142858,4.195484424121178,57.35047512576858,5.213888888888889,4.0,7483.0,0.011127906976744185
burst_sensitivity,BADP,10021,1.5,3500,3499,3499,11.96469333333228,99.97142857142858,4.534152615032866,53.422982885085574,5.199305555555555,0.0,7471.0,0.019853935185185186
burst_sensitivity,BADP,10022,1.5,3500,3499,3499,11.94117333333228,99.97142857142858,3.924549871391826,57.20695457094784,5.190277777777778,5.0,7455.0,0.017582380396732787
burst_sensitivity,BADP,10023,1.5,3500,3498,3498,12.040533333332268,99.94285714285714,3.275586049170955,53.25153374233129,5.229861111111111,0.0,7521.0,0.017075839552238806
burst_sensitivity,BADP,10024,1.5,3500,3500,3500,11.964479999998945,100.0,3.8408571428571427,65.40198735320686,5.2,0.0,7470.0,0.008850135256988278
burst_sensitivity,BADP,10025,1.5,3500,3500,3500,12.206773333332253,100.0,3.9174285714285713,65.4176072234763,5.305555555555555,2.0,7621.0,0.016721825396825395
burst_sensitivity,BADP,10026,1.5,3500,3500,3500,12.151413333332258,100.0,3.422,62.95399515738499,5.279166666666667,0.0,7589.0,0.01660550561797753
burst_sensitivity,BADP,10027,1.5,3500,3500,3500,12.186826666665587,100.0,3.518,53.28019619865113,5.29375,1.0,7612.0,0.010343660531697342
burst_sensitivity,BADP,10028,1.5,3500,3500,3500,11.810399999998957,100.0,3.9414285714285713,60.27041081643266,5.131944444444445,1.0,7375.0,0.008837897782063644
burst_sensitivity,BADP,10029,1.5,3500,3500,3500,12.0221866666656,100.0,4.878857142857143,71.09022556390977,5.230555555555555,1.0,7500.0,0.012340736842105262
burst_sensitivity,BADP_PLUS,10000,1.5,3500,3493,3493,12.065653333332266,99.8,4.146006298310907,56.91699604743083,5.239583333333333,0.0,7538.0,0.0981307915057915
burst_sensitivity,BADP_PLUS,10001,1.5,3500,3499,3499,11.890613333332286,99.97142857142858,4.521291797656473,70.88224157516092,5.165972222222222,0.0,7426.0,0.13419632925472746
burst_sensitivity,BADP_PLUS,10002,1.5,3500,3499,3499,12.186826666665587,99.97142857142858,3.4252643612460703,67.37558485750745,5.29375,0.0,7612.0,0.1207625
burst_sensitivity,BADP_PLUS,10003,1.5,3500,3498,3498,11.862719999998955,99.94285714285714,3.8090337335620355,69.23076923076923,5.153472222222222,0.0,7409.0,0.09720138248847926
burst_sensitivity,BADP_PLUS,10004,1.5,3500,3498,3498,12.208746666665585,99.94285714285714,3.5277301315037164,60.12526096033403,5.302083333333333,0.0,7627.0,0.0805375992063492
burst_sensitivity,BADP_PLUS,10005,1.5,3500,3500,3500,12.040533333332267,100.0,3.914,65.27651858567543,5.229861111111111,0.0,7521.0,0.08856082677165354
burst_sensitivity,BADP_PLUS,10006,1.5,3500,3500,3500,12.044906666665602,100.0,3.770857142857143,72.36180904522612,5.233333333333333,0.0,7522.0,0.10590380549682875
burst_sensitivity,BADP_PLUS,10007,1.5,3500,3500,3500,12.261333333332244,100.0,3.678857142857143,65.27651858567543,5.325694444444444,0.0,7659.0,0.07829233128834356
burst_sensitivity,BADP_PLUS,10008,1.5,3500,3500,3500,12.033226666665604,100.0,4.566285714285715,67.37558485750745,5.227083333333334,0.0,7516.0,0.14684898580121705
burst_sensitivity,BADP_PLUS,10009,1.5,3500,3500,3500,12.02111999999894,100.0,4.436285714285714,69.23076923076923,5.222222222222222,0.0,7508.0,0.0859004246284501
burst_sensitivity,BADP_PLUS,10010,1.5,3500,3499,3499,12.106559999998929,99.97142857142858,3.396970563018005,53.13653136531365,5.256944444444445,0.0,7564.0,0.054280965909090914
burst_sensitivity,BADP_PLUS,10011,1.5,3500,3494,3494,11.835093333332294,99.82857142857142,4.391242129364625,74.90247074122237,5.143055555555556,0.0,7390.0,0.07192119503945885
burst_sensitivity,BADP_PLUS,10012,1.5,3500,3500,3500,12.064053333332266,100.0,3.962857142857143,56.91699604743083,5.238888888888889,0.0,7537.0,0.07921352418558737
burst_sensitivity,BADP_PLUS,10013,1.5,3500,3500,3500,12.11573333333226,100.0,4.336285714285714,65.27651858567543,5.2625,0.0,7568.0,0.07427949283351709
burst_sensitivity,BADP_PLUS,10014,1.5,3500,3500,3500,12.091946666665597,100.0,3.77,60.12526096033403,5.251388888888889,0.0,7554.0,0.07158251748251748
burst_sensitivity,BADP_PLUS,10015,1.5,3500,3496,3496,12.333599999998903,99.88571428571429,4.02316933638444,73.6949846468782,5.3590277777777775,0.0,7702.0,0.10073186813186813
burst_sensitivity,BADP_PLUS,10016,1.5,3500,3500,3500,12.035946666665604,100.0,3.597714285714286,60.12526096033403,5.227083333333334,0.0,7519.0,0.06380607621009268
burst_sensitivity,BADP_PLUS,10017,1.5,3500,3495,3495,12.082613333332265,99.85714285714286,4.042346208869814,70.88224157516092,5.249305555555556,0.0,7546.0,0.13386639260020555
burst_sensitivity,BADP_PLUS,10018,1.5,3500,3498,3498,12.11845333333226,99.94285714285714,3.421097770154374,56.91699604743083,5.2625,0.0,7571.0,0.09402746062992125
burst_sensitivity,BADP_PLUS,10019,1.5,3500,3500,3500,11.939306666665614,100.0,3.882285714285714,72.36180904522612,5.1875,0.0,7456.0,0.07051784548422198
burst_sensitivity,BADP_PLUS,10020,1.5,3500,3499,3499,11.988906666665603,99.97142857142858,4.212346384681338,72.36180904522612,5.209027777777778,0.0,7487.0,0.07460839231547017
burst_sensitivity,BADP_PLUS,10021,1.5,3500,3499,3499,11.969653333332277,99.97142857142858,4.568448128036582,56.91699604743083,5.197916666666667,0.0,7478.0,0.09337650462962964
burst_sensitivity,BADP_PLUS,10022,1.5,3500,3499,3499,11.937226666665614,99.97142857142858,3.917119176907688,67.37558485750745,5.185416666666667,0.0,7456.0,0.07346931155192532
burst_sensitivity,BADP_PLUS,10023,1.5,3500,3498,3498,12.041653333332269,99.94285714285714,3.295025728987993,56.91699604743083,5.229166666666667,0.0,7523.0,0.09320382462686568
burst_sensitivity,BADP_PLUS,10024,1.5,3500,3500,3500,11.959626666665612,100.0,3.882,67.37558485750745,5.195138888888889,0.0,7470.0,0.08121614066726782
burst_sensitivity,BADP_PLUS,10025,1.5,3500,3500,3500,12.230026666665582,100.0,3.8525714285714288,67.37558485750745,5.3125,0.0,7639.0,0.1024843253968254
burst_sensitivity,BADP_PLUS,10026,1.5,3500,3500,3500,12.149333333332256,100.0,3.422285714285714,65.27651858567543,5.277083333333334,0.0,7589.0,0.06976550561797752
burst_sensitivity,BADP_PLUS,10027,1.5,3500,3500,3500,12.199359999998919,100.0,3.4885714285714284,53.13653136531365,5.2972222222222225,0.0,7622.0,0.06603149284253579
burst_sensitivity,BADP_PLUS,10028,1.5,3500,3500,3500,11.834133333332291,100.0,3.865428571428571,65.27651858567543,5.1402777777777775,0.0,7392.0,0.05552497589199614
burst_sensitivity,BADP_PLUS,10029,1.5,3500,3500,3500,12.02117333333227,100.0,4.881714285714286,77.92651666191968,5.225,0.0,7505.0,0.0723181052631579
burst_sensitivity,CEMA,10000,1.5,3500,3366,2120,14.117613333328912,60.57142857142857,51.047534165181226,99.9181053933448,23.290277777777778,30411.0,3106.0,0.014608204633204632
burst_sensitivity,CEMA,10001,1.5,3500,3419,1923,14.650813333326363,54.94285714285714,53.47791751974261,99.90307890439331,25.12847222222222,33982.0,2136.0,0.02118298109010011
burst_sensitivity,CEMA,10002,1.5,3500,3378,1741,14.777119999993136,49.74285714285714,56.733570159857905,99.91481889185931,25.202083333333334,34261.0,1983.0,0.016286712598425197
burst_sensitivity,CEMA,10003,1.5,3500,3423,2205,14.010193333328232,63.0,49.07508033888402,99.90147067137238,22.594444444444445,29492.0,3001.0,0.041927073732718895
burst_sensitivity,CEMA,10004,1.5,3500,3358,1843,14.448193333327364,52.65714285714286,54.54705181655748,99.91230655328815,24.793055555555554,33225.0,2446.0,0.013917261904761906
burst_sensitivity,CEMA,10005,1.5,3500,3451,2183,14.767419999994397,62.371428571428574,53.039408866995075,99.92242723595577,24.177083333333332,31646.0,3151.0,0.0195880905511811
burst_sensitivity,CEMA,10006,1.5,3500,3447,1987,14.671126666660816,56.77142857142857,53.61531766753699,99.91159484351563,23.854861111111113,31667.0,2646.0,0.026970824524312896
burst_sensitivity,CEMA,10007,1.5,3500,3412,2266,14.216313333327781,64.74285714285715,49.51348182883939,99.9200845328053,23.016666666666666,29637.0,3487.0,0.011927914110429448
burst_sensitivity,CEMA,10008,1.5,3500,3427,1836,14.84901999999287,52.457142857142856,54.5999416399183,99.91243491556705,25.050694444444446,33754.0,2253.0,0.03328630831643002
burst_sensitivity,CEMA,10009,1.5,3500,3418,1987,14.626079999993435,56.77142857142857,52.83148039789351,99.908362939153,24.454166666666666,32690.0,2471.0,0.022021231422505307
burst_sensitivity,CEMA,10010,1.5,3500,3375,2089,14.136959999994831,59.68571428571428,53.00977777777778,99.92577197149643,23.764583333333334,31226.0,2970.0,0.010779261363636362
burst_sensitivity,CEMA,10011,1.5,3500,3336,2060,13.644859999995548,58.857142857142854,49.60641486810552,99.88434452656512,22.269444444444446,29212.0,2829.0,0.012935400225479142
burst_sensitivity,CEMA,10012,1.5,3500,3412,2007,14.543066666661357,57.34285714285714,54.422039859320044,99.92441304414895,24.257638888888888,32062.0,2831.0,0.013718361303060216
burst_sensitivity,CEMA,10013,1.5,3500,3423,2211,14.267613333327981,63.17142857142857,48.80952380952381,99.91481668202285,22.583333333333332,29038.0,3450.0,0.016804079382579936
burst_sensitivity,CEMA,10014,1.5,3500,3423,1813,14.903339999993454,51.8,56.72567922874671,99.91760375510755,24.983333333333334,33689.0,2246.0,0.013337162837162837
burst_sensitivity,CEMA,10015,1.5,3500,3360,1944,14.425779999993741,55.542857142857144,52.15833333333333,99.91356761059934,23.882638888888888,31596.0,2761.0,0.03698714285714285
burst_sensitivity,CEMA,10016,1.5,3500,3434,2224,14.435353333328035,63.542857142857144,51.80110658124636,99.91871469688047,23.465972222222224,30502.0,3256.0,0.0128
burst_sensitivity,CEMA,10017,1.5,3500,3349,1963,14.345959999994204,56.08571428571429,54.63511495968946,99.91375005674338,24.397916666666667,32393.0,2696.0,0.01475077081192189
burst_sensitivity,CEMA,10018,1.5,3500,3375,1989,14.28753999999448,56.82857142857143,53.77066666666666,99.91790010146308,23.99375,31760.0,2763.0,0.020940551181102364
burst_sensitivity,CEMA,10019,1.5,3500,3428,1835,14.594313333326793,52.42857142857143,53.97316219369895,99.90804352606433,24.44097222222222,33068.0,2069.0,0.016831882480957565
burst_sensitivity,CEMA,10020,1.5,3500,3422,2118,14.456706666661765,60.51428571428571,51.55844535359439,99.9041859734548,23.552083333333332,30795.0,3090.0,0.013565217391304348
burst_sensitivity,CEMA,10021,1.5,3500,3417,2291,14.133653333328915,65.45714285714286,47.314310798946444,99.90447007930786,22.398611111111112,28578.0,3650.0,0.028139583333333332
burst_sensitivity,CEMA,10022,1.5,3500,3419,2129,14.303906666661144,60.82857142857143,51.61596958174905,99.90869627897291,23.64375,30934.0,3066.0,0.031720070011668614
burst_sensitivity,CEMA,10023,1.5,3500,3383,1964,14.368399999994423,56.114285714285714,54.091339048182085,99.92452946431322,23.71527777777778,31425.0,2711.0,0.013656902985074626
burst_sensitivity,CEMA,10024,1.5,3500,3446,1991,14.76177999999428,56.885714285714286,56.76523505513639,99.93095988769475,24.719444444444445,32716.0,2867.0,0.01231298467087466
burst_sensitivity,CEMA,10025,1.5,3500,3422,1944,14.86390666666108,55.542857142857144,55.12741087083577,99.9186980273574,25.05,33451.0,2584.0,0.02388184523809524
burst_sensitivity,CEMA,10026,1.5,3500,3440,2137,14.627126666660855,61.05714285714286,51.645930232558136,99.91099938324135,23.85625,31223.0,3093.0,0.028145955056179776
burst_sensitivity,CEMA,10027,1.5,3500,3427,2076,14.692893333327616,59.31428571428572,54.25007295010213,99.9192208623554,24.62013888888889,32513.0,2902.0,0.012368098159509202
burst_sensitivity,CEMA,10028,1.5,3500,3390,1939,14.339446666661479,55.4,54.03392330383481,99.9204640099645,24.12847222222222,32151.0,2570.0,0.010888524590163933
burst_sensitivity,CEMA,10029,1.5,3500,3421,2095,14.371659999995087,59.857142857142854,50.796550716164866,99.90277412516636,23.16111111111111,30190.0,3137.0,0.02358242105263158
cost_comparison,AMRP,10000,500.0,500,410,176,2.087453333333339,35.2,120.56829268292682,81.80034580686775,10.413194444444445,14873.0,0.0,0.03021704834605598
cost_comparison,AMRP,10001,500.0,500,421,116,2.369813333333184,23.2,157.65320665083135,73.89962385488077,11.911805555555556,17058.0,0.0,0.007921549636803873
cost_comparison,AMRP,10002,500.0,500,446,132,2.412626666666507,26.4,149.07174887892376,69.77670384333851,12.006944444444445,17168.0,0.0,0.005945588235294118
cost_comparison,AMRP,10003,500.0,500,442,222,2.438886666666542,44.4,143.88009049773757,69.33795002294438,11.529861111111112,16453.0,0.0,0.007326913580246914
cost_comparison,AMRP,10004,500.0,500,406,107,2.3531266666664887,21.4,175.98029556650246,77.35705990573757,11.843055555555555,16969.0,1.0,0.005026550868486353
cost_comparison,AMRP,10005,500.0,500,452,186,2.559786666666523,37.2,153.7566371681416,74.57175634900678,12.292361111111111,17565.0,0.0,0.002961070559610706
cost_comparison,AMRP,10006,500.0,500,439,166,2.357113333333236,33.2,144.373576309795,76.25664506453411,11.457638888888889,16374.0,1.0,0.0035273809523809524
cost_comparison,AMRP,10007,500.0,500,423,138,2.388706666666522,27.6,164.05200945626478,82.83557486664921,11.89236111111111,17029.0,0.0,0.002777272727272727
cost_comparison,AMRP,10008,500.0,500,430,137,2.3863666666664893,27.4,171.44883720930233,82.2369141180849,11.9125,17044.0,0.0,0.005328909952606636
cost_comparison,AMRP,10009,500.0,500,436,164,2.452319999999778,32.8,164.24311926605503,73.93688991978351,11.899305555555555,17030.0,0.0,0.003987223587223587
cost_comparison,AMRP,10010,500.0,500,440,163,2.5931533333331256,32.6,175.90454545454546,72.06518609516864,12.50763888888889,17894.0,0.0,0.0030802919708029196
cost_comparison,AMRP,10011,500.0,500,422,189,2.2174533333333373,37.8,113.12559241706161,77.77544020123484,10.774305555555555,15390.0,0.0,0.0028607317073170734
cost_comparison,AMRP,10012,500.0,500,464,197,2.707119999999802,39.4,166.81034482758622,75.39349422875131,12.716666666666667,18171.0,0.0,0.002669041769041769
cost_comparison,AMRP,10013,500.0,500,436,193,2.419993333333203,38.6,149.9151376146789,73.73966883467294,11.5125,16449.0,0.0,0.004460493827160494
cost_comparison,AMRP,10014,500.0,500,434,180,2.33826666666659,36.0,142.93087557603687,73.22749309198007,11.393055555555556,16262.0,0.0,0.0026369047619047617
cost_comparison,AMRP,10015,500.0,500,441,152,2.464279999999789,30.4,169.26757369614512,70.12704117752313,12.152777777777779,17379.0,0.0,0.002728743961352657
cost_comparison,AMRP,10016,500.0,500,438,163,2.4431333333332055,32.6,155.31278538812785,79.71334896176596,11.904861111111112,17019.0,0.0,0.0037313953488372093
cost_comparison,AMRP,10017,500.0,500,435,163,2.422073333333216,32.6,148.7471264367816,74.56387122199911,11.847222222222221,16928.0,0.0,0.0056524822695035466
cost_comparison,AMRP,10018,500.0,500,423,147,2.296839999999878,29.4,139.4468085106383,73.76931524380228,11.575,16544.0,0.0,0.0025205250596658712
cost_comparison,AMRP,10019,500.0,500,454,171,2.431693333333139,34.2,156.62334801762114,71.47906364370183,11.848611111111111,16933.0,0.0,0.00255158924205379
cost_comparison,AMRP,10020,500.0,500,427,202,2.3121799999999597,40.4,129.31147540983608,79.40231403279272,11.039583333333333,15751.0,0.0,0.0024126237623762377
cost_comparison,AMRP,10021,500.0,500,431,141,2.197293333333274,28.2,123.02088167053364,72.72528120655517,10.980555555555556,15724.0,3.0,0.004321479713603819
cost_comparison,AMRP,10022,500.0,500,432,106,2.435679999999801,21.2,166.5787037037037,78.00036773309265,12.239583333333334,17539.0,0.0,0.0021687350835322195
cost_comparison,AMRP,10023,500.0,500,436,175,2.40810666666652,35.0,150.03669724770643,77.8186935418633,11.631944444444445,16617.0,4.0,0.0021087058823529414
cost_comparison,AMRP,10024,500.0,500,444,192,2.461159999999903,38.4,140.69819819819818,71.66779550178666,11.799305555555556,16843.0,0.0,0.0027920096852300244
cost_comparison,AMRP,10025,500.0,500,450,168,2.42813999999987,33.6,150.1822222222222,72.16491922910264,11.780555555555555,16847.0,0.0,0.004103537735849057
cost_comparison,AMRP,10026,500.0,500,448,182,2.5155866666665134,36.4,155.78794642857142,74.31442427513512,12.102777777777778,17289.0,0.0,0.004285956416464891
cost_comparison,AMRP,10027,500.0,500,450,176,2.577986666666462,35.2,167.5,74.67622408814529,12.44375,17790.0,0.0,0.002296049382716049
cost_comparison,AMRP,10028,500.0,500,433,111,2.323793333333132,22.2,180.54503464203233,61.92074838271628,11.843055555555555,16962.0,0.0,0.0030552311435523114
cost_comparison,AMRP,10029,500.0,500,427,142,2.3222333333332195,28.4,148.480093676815,75.65808411275181,11.565972222222221,16544.0,0.0,0.0021876168224299066
cost_comparison,BADP,10000,500.0,500,486,486,1.4670400000000257,97.2,2.065843621399177,79.68379446640316,0.6423611111111112,0.0,913.0,0.02923180661577608
cost_comparison,BADP,10001,500.0,500,497,497,1.5988000000000293,99.4,2.1750503018108653,66.44693473961766,0.6979166666666666,0.0,996.0,0.007586682808716707
cost_comparison,BADP,10002,500.0,500,500,500,1.5101066666666936,100.0,2.016,57.61266212354363,0.6583333333333333,0.0,941.0,0.009088970588235294
cost_comparison,BADP,10003,500.0,500,499,499,1.5668000000000286,99.8,2.100200400801603,66.44693473961766,0.6840277777777778,0.0,976.0,0.011468641975308643
cost_comparison,BADP,10004,500.0,500,485,485,1.5412000000000279,97.0,2.1237113402061856,66.44693473961766,0.6729166666666667,0.0,960.0,0.003224813895781638
cost_comparison,BADP,10005,500.0,500,500,500,1.5780000000000287,100.0,2.15,66.44693473961766,0.6888888888888889,0.0,983.0,0.001918978102189781
cost_comparison,BADP,10006,500.0,500,500,500,1.5389066666666944,100.0,2.038,57.61266212354363,0.6708333333333333,0.0,959.0,0.002343333333333333
cost_comparison,BADP,10007,500.0,500,498,498,1.6023466666666961,99.6,2.1305220883534135,70.86115992970122,0.7,0.0,998.0,0.0020576555023923446
cost_comparison,BADP,10008,500.0,500,500,500,1.557760000000028,100.0,2.072,53.19261213720316,0.6784722222222223,0.0,971.0,0.0035369668246445496
cost_comparison,BADP,10009,500.0,500,497,497,1.5511466666666949,99.4,2.1106639839034207,62.047451669595766,0.6777777777777778,2.0,966.0,0.003489189189189189
cost_comparison,BADP,10010,500.0,500,499,499,1.609653333333363,99.8,2.158316633266533,62.03076923076922,0.7020833333333333,0.0,1003.0,0.004811192214111922
cost_comparison,BADP,10011,500.0,500,491,491,1.545653333333361,98.2,2.0936863543788187,62.03076923076922,0.6743055555555556,0.0,963.0,0.002076341463414634
cost_comparison,BADP,10012,500.0,500,500,500,1.6093066666666962,100.0,2.164,57.61266212354363,0.7013888888888888,0.0,1003.0,0.0017894348894348894
cost_comparison,BADP,10013,500.0,500,499,499,1.5428000000000277,99.8,2.0741482965931866,66.44693473961766,0.6736111111111112,0.0,961.0,0.0019140740740740741
cost_comparison,BADP,10014,500.0,500,499,499,1.541893333333361,99.8,2.096192384769539,75.27344607950802,0.6743055555555556,0.0,960.0,0.0019683333333333332
cost_comparison,BADP,10015,500.0,500,500,500,1.5312533333333607,100.0,2.064,62.03076923076922,0.6680555555555555,0.0,954.0,0.002219082125603865
cost_comparison,BADP,10016,500.0,500,500,500,1.577653333333362,100.0,2.116,62.03076923076922,0.6881944444444444,0.0,983.0,0.0025790697674418603
cost_comparison,BADP,10017,500.0,500,499,499,1.573893333333362,99.8,2.1102204408817635,75.27344607950802,0.6881944444444444,0.0,980.0,0.004185815602836879
cost_comparison,BADP,10018,500.0,500,494,494,1.50885333333336,98.8,2.048582995951417,62.03076923076922,0.6583333333333333,0.0,940.0,0.0025293556085918857
cost_comparison,BADP,10019,500.0,500,500,500,1.470453333333359,100.0,2.006,62.03076923076922,0.6416666666666667,0.0,916.0,0.002061124694376528
cost_comparison,BADP,10020,500.0,500,499,499,1.6071466666666963,99.8,2.132264529058116,70.86115992970122,0.7020833333333333,0.0,1001.0,0.002394059405940594
cost_comparison,BADP,10021,500.0,500,497,497,1.5226933333333605,99.4,2.0422535211267605,75.27344607950802,0.6659722222222222,0.0,948.0,0.004415035799522673
cost_comparison,BADP,10022,500.0,500,498,498,1.554000000000028,99.6,2.108433734939759,66.44693473961766,0.6784722222222223,0.0,968.0,0.0016947494033412887
cost_comparison,BADP,10023,500.0,500,498,498,1.5837066666666955,99.6,2.066265060240964,57.61266212354363,0.6902777777777778,0.0,987.0,0.0016581176470588236
cost_comparison,BADP,10024,500.0,500,500,500,1.5536533333333613,100.0,2.086,62.03076923076922,0.6777777777777778,0.0,968.0,0.0035317191283292977
cost_comparison,BADP,10025,500.0,500,500,500,1.5261066666666938,100.0,2.03,57.61266212354363,0.6652777777777777,0.0,951.0,0.003028301886792453
cost_comparison,BADP,10026,500.0,500,500,500,1.555600000000028,100.0,2.078,66.44693473961766,0.6791666666666667,0.0,969.0,0.0020084745762711863
cost_comparison,BADP,10027,500.0,500,500,500,1.595946666666696,100.0,2.15,62.047451669595766,0.6965277777777777,1.0,994.0,0.0019402469135802471
cost_comparison,BADP,10028,500.0,500,498,498,1.4669066666666921,99.6,1.9718875502008033,57.61266212354363,0.6395833333333333,0.0,914.0,0.0020116788321167885
cost_comparison,BADP,10029,500.0,500,495,495,1.5543466666666947,99.0,2.0828282828282827,62.047451669595766,0.6784722222222223,1.0,968.0,0.0033535046728971965
cost_comparison,BADP_PLUS,10000,500.0,500,486,486,1.4670400000000257,97.2,2.065843621399177,79.68379446640316,0.6423611111111112,0.0,913.0,0.06093536895674301
cost_comparison,BADP_PLUS,10001,500.0,500,497,497,1.5988000000000293,99.4,2.1750503018108653,66.44693473961766,0.6979166666666666,0.0,996.0,0.03314745762711864
cost_comparison,BADP_PLUS,10002,500.0,500,500,500,1.5101066666666936,100.0,2.016,57.61266212354363,0.6583333333333333,0.0,941.0,0.025488480392156863
cost_comparison,BADP_PLUS,10003,500.0,500,499,499,1.5668000000000286,99.8,2.100200400801603,66.44693473961766,0.6840277777777778,0.0,976.0,0.02504814814814815
cost_comparison,BADP_PLUS,10004,500.0,500,485,485,1.5412000000000279,97.0,2.1237113402061856,66.44693473961766,0.6729166666666667,0.0,960.0,0.0142014888337469
cost_comparison,BADP_PLUS,10005,500.0,500,500,500,1.5780000000000287,100.0,2.15,66.44693473961766,0.6888888888888889,0.0,983.0,0.015638929440389294
cost_comparison,BADP_PLUS,10006,500.0,500,500,500,1.5389066666666944,100.0,2.038,57.61266212354363,0.6708333333333333,0.0,959.0,0.01466047619047619
cost_comparison,BADP_PLUS,10007,500.0,500,498,498,1.6023466666666961,99.6,2.1305220883534135,70.86115992970122,0.7,0.0,998.0,0.015428468899521531
cost_comparison,BADP_PLUS,10008,500.0,500,500,500,1.557760000000028,100.0,2.072,53.19261213720316,0.6784722222222223,0.0,971.0,0.027802369668246445
cost_comparison,BADP_PLUS,10009,500.0,500,497,497,1.5508000000000282,99.4,2.106639839034205,66.44693473961766,0.6770833333333334,0.0,966.0,0.01604275184275184
cost_comparison,BADP_PLUS,10010,500.0,500,499,499,1.609653333333363,99.8,2.158316633266533,62.03076923076922,0.7020833333333333,0.0,1003.0,0.01641727493917275
cost_comparison,BADP_PLUS,10011,500.0,500,491,491,1.545653333333361,98.2,2.0936863543788187,62.03076923076922,0.6743055555555556,0.0,963.0,0.014500487804878049
cost_comparison,BADP_PLUS,10012,500.0,500,500,500,1.6093066666666962,100.0,2.164,57.61266212354363,0.7013888888888888,0.0,1003.0,0.015462653562653564
cost_comparison,BADP_PLUS,10013,500.0,500,499,499,1.5428000000000277,99.8,2.0741482965931866,66.44693473961766,0.6736111111111112,0.0,961.0,0.017288148148148146
cost_comparison,BADP_PLUS,10014,500.0,500,499,499,1.541893333333361,99.8,2.096192384769539,75.27344607950802,0.6743055555555556,0.0,960.0,0.015958095238095237
cost_comparison,BADP_PLUS,10015,500.0,500,500,500,1.5312533333333607,100.0,2.064,62.03076923076922,0.6680555555555555,0.0,954.0,0.015283333333333335
cost_comparison,BADP_PLUS,10016,500.0,500,500,500,1.577653333333362,100.0,2.116,62.03076923076922,0.6881944444444444,0.0,983.0,0.01601186046511628
cost_comparison,BADP_PLUS,10017,500.0,500,499,499,1.573893333333362,99.8,2.1102204408817635,75.27344607950802,0.6881944444444444,0.0,980.0,0.01724728132387707
cost_comparison,BADP_PLUS,10018,500.0,500,494,494,1.50885333333336,98.8,2.048582995951417,62.03076923076922,0.6583333333333333,0.0,940.0,0.014046778042959427
cost_comparison,BADP_PLUS,10019,500.0,500,500,500,1.470453333333359,100.0,2.006,62.03076923076922,0.6416666666666667,0.0,916.0,0.01296356968215159
cost_comparison,BADP_PLUS,10020,500.0,500,499,499,1.6071466666666963,99.8,2.132264529058116,70.86115992970122,0.7020833333333333,0.0,1001.0,0.030676732673267326
cost_comparison,BADP_PLUS,10021,500.0,500,497,497,1.5226933333333605,99.4,2.0422535211267605,75.27344607950802,0.6659722222222222,0.0,948.0,0.0140854415274463
cost_comparison,BADP_PLUS,10022,500.0,500,498,498,1.554000000000028,99.6,2.108433734939759,66.44693473961766,0.6784722222222223,0.0,968.0,0.015859427207637233
cost_comparison,BADP_PLUS,10023,500.0,500,498,498,1.5837066666666955,99.6,2.066265060240964,57.61266212354363,0.6902777777777778,0.0,987.0,0.013329882352941176
cost_comparison,BADP_PLUS,10024,500.0,500,500,500,1.5536533333333613,100.0,2.086,62.03076923076922,0.6777777777777778,0.0,968.0,0.017239709443099275
cost_comparison,BADP_PLUS,10025,500.0,500,500,500,1.5261066666666938,100.0,2.03,57.61266212354363,0.6652777777777777,0.0,951.0,0.021946462264150944
cost_comparison,BADP_PLUS,10026,500.0,500,500,500,1.555600000000028,100.0,2.078,66.44693473961766,0.6791666666666667,0.0,969.0,0.016055690072639225
cost_comparison,BADP_PLUS,10027,500.0,500,500,500,1.5968533333333625,100.0,2.148,62.03076923076922,0.6965277777777777,0.0,995.0,0.017030617283950618
cost_comparison,BADP_PLUS,10028,500.0,500,498,498,1.4669066666666921,99.6,1.9718875502008033,57.61266212354363,0.6395833333333333,0.0,914.0,0.013633819951338201
cost_comparison,BADP_PLUS,10029,500.0,500,495,495,1.5552533333333614,99.0,2.080808080808081,62.03076923076922,0.6784722222222223,0.0,969.0,0.012596261682242992
cost_comparison,CDASCALER,10000,500.0,500,409,172,2.0857200000000042,34.4,120.41075794621027,84.57900971333807,10.41388888888889,14884.0,0.0,0.031231043256997455
cost_comparison,CDASCALER,10001,500.0,500,423,116,2.3783066666665165,23.2,155.91489361702128,51.26224596348905,11.942361111111111,17102.0,0.0,0.012461743341404359
cost_comparison,CDASCALER,10002,500.0,500,448,142,2.4209466666665103,28.4,147.67857142857142,77.16654368679197,12.011805555555556,17172.0,0.0,0.004210294117647059
cost_comparison,CDASCALER,10003,500.0,500,442,222,2.4430466666665427,44.4,141.57013574660633,79.02402175555218,11.540277777777778,16461.0,0.0,0.0067219753086419755
cost_comparison,CDASCALER,10004,500.0,500,407,106,2.3496599999998256,21.2,178.64373464373463,85.61089373742733,11.83611111111111,16958.0,1.0,0.005019602977667494
cost_comparison,CDASCALER,10005,500.0,500,453,185,2.5691466666665255,37.0,153.54083885209712,79.66267682263329,12.325,17610.0,0.0,0.0024021897810218977
cost_comparison,CDASCALER,10006,500.0,500,442,165,2.3687266666665705,33.0,142.5339366515837,78.61979453109531,11.484027777777778,16410.0,1.0,0.002532142857142857
cost_comparison,CDASCALER,10007,500.0,500,421,134,2.372413333333185,26.8,160.90023752969122,85.69972318643173,11.871527777777779,16994.0,0.0,0.0029203349282296647
cost_comparison,CDASCALER,10008,500.0,500,429,138,2.3851533333331534,27.6,170.42191142191143,82.23146830176283,11.911111111111111,17041.0,0.0,0.004068720379146919
cost_comparison,CDASCALER,10009,500.0,500,437,163,2.4535333333331106,32.6,164.97940503432494,79.07865845782923,11.902777777777779,17033.0,0.0,0.0037687960687960687
cost_comparison,CDASCALER,10010,500.0,500,441,162,2.5940199999997957,32.4,177.66213151927437,78.11502860114406,12.509722222222223,17897.0,0.0,0.003525790754257908
cost_comparison,CDASCALER,10011,500.0,500,422,191,2.220746666666669,38.2,112.67298578199052,77.79473588009503,10.7875,15407.0,0.0,0.002605121951219512
cost_comparison,CDASCALER,10012,500.0,500,462,198,2.7124933333331347,39.6,165.0151515151515,80.3430281946523,12.739583333333334,18199.0,0.0,0.002512039312039312
cost_comparison,CDASCALER,10013,500.0,500,436,196,2.422073333333202,39.2,149.2178899082569,78.91388774381115,11.515277777777778,16447.0,0.0,0.0030182716049382712
cost_comparison,CDASCALER,10014,500.0,500,433,180,2.3330666666665896,36.0,143.14780600461893,78.43333925084323,11.38263888888889,16249.0,0.0,0.0025733333333333333
cost_comparison,CDASCALER,10015,500.0,500,442,157,2.4660133333331236,31.4,170.71945701357467,77.42134855573201,12.159722222222221,17387.0,0.0,0.0034859903381642514
cost_comparison,CDASCALER,10016,500.0,500,440,167,2.448853333333208,33.4,154.35,82.51293103448276,11.917361111111111,17032.0,0.0,0.002637906976744186
cost_comparison,CDASCALER,10017,500.0,500,439,165,2.434899999999883,33.0,148.0637813211845,77.24604770864423,11.88125,16977.0,0.0,0.003671158392434988
cost_comparison,CDASCALER,10018,500.0,500,423,141,2.297879999999875,28.2,139.46335697399527,76.4405033812531,11.590277777777779,16574.0,0.0,0.002422434367541766
cost_comparison,CDASCALER,10019,500.0,500,456,171,2.4309999999998055,34.2,155.87938596491227,78.96090401350824,11.847222222222221,16932.0,0.0,0.003675305623471883
cost_comparison,CDASCALER,10020,500.0,500,427,203,2.3026466666666248,40.6,130.01170960187355,81.85315232706371,11.013194444444444,15714.0,0.0,0.0026443069306930694
cost_comparison,CDASCALER,10021,500.0,500,432,137,2.197293333333275,27.4,126.14583333333333,77.62810183693199,10.980555555555556,15725.0,3.0,0.0045102625298329355
cost_comparison,CDASCALER,10022,500.0,500,434,109,2.442959999999803,21.8,165.426267281106,80.7554174220841,12.254166666666666,17559.0,0.0,0.0034687350835322195
cost_comparison,CDASCALER,10023,500.0,500,435,175,2.4079333333331885,35.0,149.64367816091954,80.55480437911632,11.633333333333333,16620.0,4.0,0.0020983529411764705
cost_comparison,CDASCALER,10024,500.0,500,446,191,2.456133333333235,38.2,144.0067264573991,79.09216074348161,11.801388888888889,16849.0,0.0,0.0026329297820823242
cost_comparison,CDASCALER,10025,500.0,500,448,171,2.4286599999998684,34.2,150.38392857142858,78.94859964909999,11.770833333333334,16824.0,0.0,0.0037082547169811323
cost_comparison,CDASCALER,10026,500.0,500,448,183,2.518359999999847,36.6,155.82589285714286,79.4101944832846,12.108333333333333,17296.0,0.0,0.0027387409200968524
cost_comparison,CDASCALER,10027,500.0,500,451,175,2.5804133333331274,35.0,165.91352549889135,79.7178513293543,12.452777777777778,17795.0,0.0,0.0032992592592592596
cost_comparison,CDASCALER,10028,500.0,500,433,110,2.324139999999798,22.0,180.79676674364896,73.02995929805832,11.840972222222222,16961.0,0.0,0.0023795620437956203
cost_comparison,CDASCALER,10029,500.0,500,425,143,2.3177266666665504,28.6,146.94823529411764,80.13589680753893,11.55486111111111,16529.0,0.0,0.0029086448598130837
cost_comparison,CEDULE,10000,500.0,500,486,486,1.3344000000000218,97.2,3.4814814814814814,0.0,0.5791666666666667,0.0,834.0,0.03375547073791349
cost_comparison,CEDULE,10001,500.0,500,497,497,1.4624000000000255,99.4,3.8772635814889336,0.0,0.6347222222222222,0.0,914.0,0.008228329297820823
cost_comparison,CEDULE,10002,500.0,500,500,500,1.377600000000023,100.0,3.214,0.0,0.5979166666666667,0.0,861.0,0.004187009803921568
cost_comparison,CEDULE,10003,500.0,500,499,499,1.4208000000000243,99.8,4.274549098196393,0.0,0.6166666666666667,0.0,888.0,0.005025432098765431
cost_comparison,CEDULE,10004,500.0,500,485,485,1.411200000000024,97.0,3.2268041237113403,0.0,0.6125,0.0,882.0,0.0037471464019851117
cost_comparison,CEDULE,10005,500.0,500,500,500,1.4336000000000246,100.0,3.686,0.0,0.6222222222222222,0.0,896.0,0.0020189781021897808
cost_comparison,CEDULE,10006,500.0,500,500,500,1.4016000000000237,100.0,3.324,0.0,0.6083333333333333,0.0,876.0,0.002248809523809524
cost_comparison,CEDULE,10007,500.0,500,498,498,1.448000000000025,99.6,3.5220883534136544,0.0,0.6284722222222222,0.0,905.0,0.0024413875598086124
cost_comparison,CEDULE,10008,500.0,500,500,500,1.4240000000000244,100.0,3.386,0.0,0.6180555555555556,0.0,890.0,0.004718483412322275
cost_comparison,CEDULE,10009,500.0,500,497,497,1.4208000000000243,99.4,5.438631790744467,0.0,0.6166666666666667,0.0,888.0,0.002413267813267813
cost_comparison,CEDULE,10010,500.0,500,499,499,1.449600000000025,99.8,4.028056112224449,0.0,0.6291666666666667,0.0,906.0,0.00410389294403893
cost_comparison,CEDULE,10011,500.0,500,491,491,1.3888000000000233,98.2,5.211812627291242,0.0,0.6027777777777777,0.0,868.0,0.002380487804878049
cost_comparison,CEDULE,10012,500.0,500,500,500,1.4352000000000247,100.0,4.154,0.0,0.6229166666666667,0.0,897.0,0.0027081081081081083
cost_comparison,CEDULE,10013,500.0,500,499,499,1.412800000000024,99.8,6.062124248496994,0.0,0.6131944444444445,0.0,883.0,0.004438271604938272
cost_comparison,CEDULE,10014,500.0,500,499,499,1.3968000000000236,99.8,3.4789579158316633,0.0,0.60625,0.0,873.0,0.0016995238095238094
cost_comparison,CEDULE,10015,500.0,500,500,500,1.3936000000000235,100.0,3.402,0.0,0.6048611111111111,0.0,871.0,0.0021082125603864733
cost_comparison,CEDULE,10016,500.0,500,500,500,1.446400000000025,100.0,3.422,0.0,0.6277777777777778,0.0,904.0,0.002207674418604651
cost_comparison,CEDULE,10017,500.0,500,499,499,1.4672000000000256,99.8,3.302605210420842,0.0,0.6368055555555555,0.0,917.0,0.002543262411347518
cost_comparison,CEDULE,10018,500.0,500,494,494,1.3872000000000233,98.8,2.931174089068826,0.0,0.6020833333333333,0.0,867.0,0.0014687350835322194
cost_comparison,CEDULE,10019,500.0,500,500,500,1.339200000000022,100.0,4.268,0.0,0.58125,0.0,837.0,0.0014295843520782396
cost_comparison,CEDULE,10020,500.0,500,499,499,1.4704000000000257,99.8,5.298597194388778,0.0,0.6381944444444444,0.0,919.0,0.001447029702970297
cost_comparison,CEDULE,10021,500.0,500,497,497,1.3904000000000234,99.4,3.9919517102615694,0.0,0.6034722222222222,0.0,869.0,0.0040763723150357995
cost_comparison,CEDULE,10022,500.0,500,498,498,1.4192000000000242,99.6,3.610441767068273,0.0,0.6159722222222223,0.0,887.0,0.0012217183770883056
cost_comparison,CEDULE,10023,500.0,500,498,498,1.4336000000000246,99.6,3.321285140562249,0.0,0.6222222222222222,0.0,896.0,0.0021778823529411766
cost_comparison,CEDULE,10024,500.0,500,500,500,1.4192000000000242,100.0,3.872,0.0,0.6159722222222223,0.0,887.0,0.0016125907990314772
cost_comparison,CEDULE,10025,500.0,500,500,500,1.3856000000000233,100.0,3.656,0.0,0.6013888888888889,0.0,866.0,0.0028570754716981134
cost_comparison,CEDULE,10026,500.0,500,500,500,1.4208000000000243,100.0,3.482,0.0,0.6166666666666667,0.0,888.0,0.0013990314769975786
cost_comparison,CEDULE,10027,500.0,500,500,500,1.446400000000025,100.0,4.05,0.0,0.6277777777777778,0.0,904.0,0.0024817283950617284
cost_comparison,CEDULE,10028,500.0,500,498,498,1.3488000000000222,99.6,3.0261044176706826,0.0,0.5854166666666667,0.0,843.0,0.001899756690997567
cost_comparison,CEDULE,10029,500.0,500,495,495,1.444800000000025,99.0,3.094949494949495,0.0,0.6270833333333333,0.0,903.0,0.0017478971962616822
cost_comparison,CEMA,10000,500.0,500,397,56,1.9785133333333438,11.2,149.20403022670024,88.03016620701437,9.78125,14073.0,0.0,0.040431806615776084
cost_comparison,CEMA,10001,500.0,500,418,67,2.328473333333197,13.4,170.74641148325358,81.97329541667592,11.597222222222221,16672.0,0.0,0.011304358353510896
cost_comparison,CEMA,10002,500.0,500,445,38,2.3777866666665246,7.6,169.50112359550562,71.63580517770953,11.754166666666666,16911.0,0.0,0.004561274509803922
cost_comparison,CEMA,10003,500.0,500,440,92,2.3974599999998847,18.4,155.10681818181817,75.2797607352588,11.122916666666667,15999.0,0.0,0.006244691358024692
cost_comparison,CEMA,10004,500.0,500,399,78,2.286479999999829,15.6,189.31829573934837,85.37521344477399,11.426388888888889,16426.0,1.0,0.003480893300248139
cost_comparison,CEMA,10005,500.0,500,453,80,2.5256399999998633,16.0,174.598233995585,76.05295436281352,11.940277777777778,17167.0,0.0,0.002960827250608273
cost_comparison,CEMA,10006,500.0,500,441,62,2.32478666666658,12.4,160.4920634920635,73.0233592880979,11.075694444444444,15934.0,1.0,0.0022497619047619046
cost_comparison,CEMA,10007,500.0,500,422,73,2.3322866666665307,14.6,178.43601895734596,80.20996559760293,11.53125,16577.0,0.0,0.0023327751196172246
cost_comparison,CEMA,10008,500.0,500,425,99,2.331593333333157,19.8,182.92705882352942,80.20645104002486,11.490972222222222,16516.0,0.0,0.004104028436018957
cost_comparison,CEMA,10009,500.0,500,433,89,2.4062133333331195,17.8,178.96997690531177,77.08199006709071,11.529166666666667,16562.0,0.0,0.0027845208845208845
cost_comparison,CEMA,10010,500.0,500,441,55,2.564639999999801,11.0,186.87301587301587,74.59778783308195,12.288194444444445,17677.0,0.0,0.004313868613138686
cost_comparison,CEMA,10011,500.0,500,420,36,2.146386666666691,7.2,144.88571428571427,81.09065485900723,10.31875,14858.0,0.0,0.0023709756097560976
cost_comparison,CEMA,10012,500.0,500,464,68,2.680946666666474,13.6,174.17025862068965,76.92734015241045,12.494444444444444,17970.0,0.0,0.002433906633906634
cost_comparison,CEMA,10013,500.0,500,435,56,2.3679066666665416,11.2,169.12183908045978,75.094356222232,11.069444444444445,15928.0,0.0,0.002622716049382716
cost_comparison,CEMA,10014,500.0,500,431,62,2.2711866666666,12.4,163.02088167053364,74.46764374295378,10.914583333333333,15701.0,0.0,0.0021830952380952383
cost_comparison,CEMA,10015,500.0,500,442,73,2.430913333333137,14.6,184.42533936651583,73.74926936981794,11.825,16995.0,0.0,0.0020794685990338166
cost_comparison,CEMA,10016,500.0,500,436,55,2.389313333333213,11.0,172.52522935779817,76.98422768140355,11.421527777777778,16437.0,0.0,0.0030683720930232555
cost_comparison,CEMA,10017,500.0,500,437,78,2.385499999999906,15.6,172.46453089244852,73.44807199632136,11.488194444444444,16527.0,0.0,0.0032382978723404254
cost_comparison,CEMA,10018,500.0,500,418,62,2.2420666666665574,12.4,162.0622009569378,72.4496751033762,11.227083333333333,16156.0,0.0,0.0021484486873508354
cost_comparison,CEMA,10019,500.0,500,456,79,2.394599999999813,15.8,167.54605263157896,75.261939092061,11.526388888888889,16568.0,0.0,0.0018386308068459659
cost_comparison,CEMA,10020,500.0,500,417,79,2.2147666666666286,15.8,154.6019184652278,79.59587175907916,10.463194444444444,15052.0,0.0,0.001764108910891089
cost_comparison,CEMA,10021,500.0,500,430,75,2.1533533333332913,15.0,149.30697674418604,75.49505065797135,10.438888888888888,14999.0,3.0,0.003894272076372315
cost_comparison,CEMA,10022,500.0,500,435,67,2.41730666666648,13.4,180.0758620689655,77.14571205143801,11.974305555555556,17215.0,0.0,0.0020405727923627683
cost_comparison,CEMA,10023,500.0,500,435,62,2.352726666666527,12.4,166.8,76.73176017869386,11.115277777777777,15983.0,4.0,0.0017745882352941176
cost_comparison,CEMA,10024,500.0,500,445,93,2.419299999999914,18.6,159.27865168539327,75.41501118131093,11.422916666666667,16432.0,0.0,0.003460532687651332
cost_comparison,CEMA,10025,500.0,500,449,95,2.3867133333332156,19.0,166.2739420935412,75.21266116498478,11.352083333333333,16321.0,0.0,0.0029707547169811324
cost_comparison,CEMA,10026,500.0,500,449,98,2.462719999999853,19.6,170.58129175946547,75.6795532646048,11.677083333333334,16796.0,0.0,0.001917191283292978
cost_comparison,CEMA,10027,500.0,500,451,58,2.5421933333331346,11.6,185.84922394678492,74.45921182888557,12.147916666666667,17475.0,0.0,0.002234814814814815
cost_comparison,CEMA,10028,500.0,500,433,73,2.2909466666664717,14.6,188.0646651270208,70.99825025797479,11.542361111111111,16592.0,0.0,0.002506082725060827
cost_comparison,CEMA,10029,500.0,500,421,68,2.256106666666564,13.6,168.0166270783848,76.18344802607751,11.116666666666667,15991.0,0.0,0.0018011682242990656
cost_comparison,EDF,10000,500.0,500,480,462,1.5548600000000539,92.4,5.060416666666667,60.72169102831812,1.6590277777777778,1658.0,476.0,0.16116463104325698
cost_comparison,EDF,10001,500.0,500,496,480,1.6828733333333803,96.0,4.743951612903226,76.32884319537727,1.5951388888888889,1476.0,591.0,0.013063922518159807
cost_comparison,EDF,10002,500.0,500,500,483,1.59308000000006,96.6,4.688,59.19363122752952,1.5923611111111111,1530.0,502.0,0.008238480392156862
cost_comparison,EDF,10003,500.0,500,498,480,1.6457800000000489,96.0,4.821285140562249,49.78213265041013,1.6395833333333334,1556.0,552.0,0.0054456790123456784
cost_comparison,EDF,10004,500.0,500,480,464,1.6194666666667215,92.8,4.985416666666667,52.55070086489711,1.6270833333333334,1560.0,542.0,0.015089330024813897
cost_comparison,EDF,10005,500.0,500,500,491,1.6753600000000564,98.2,4.85,53.19285083848191,1.6388888888888888,1559.0,557.0,0.00617323600973236
cost_comparison,EDF,10006,500.0,500,498,488,1.6210800000000438,97.6,4.443775100401607,58.275189436566876,1.5263888888888888,1409.0,552.0,0.004366190476190477
cost_comparison,EDF,10007,500.0,500,496,479,1.665140000000048,95.8,4.828629032258065,58.60593204569982,1.6305555555555555,1536.0,568.0,0.004487081339712919
cost_comparison,EDF,10008,500.0,500,499,488,1.6334866666667245,97.6,4.6312625250501,52.64074418604651,1.5694444444444444,1465.0,548.0,0.00608649289099526
cost_comparison,EDF,10009,500.0,500,495,478,1.6318133333333804,95.6,4.808080808080808,59.0885684860968,1.6055555555555556,1536.0,530.0,0.004923341523341523
cost_comparison,EDF,10010,500.0,500,496,491,1.693980000000059,98.2,4.689516129032258,50.060163141770936,1.5638888888888889,1442.0,574.0,0.004964476885644769
cost_comparison,EDF,10011,500.0,500,490,476,1.6229466666667187,95.2,4.697959183673469,54.927054199108014,1.5638888888888889,1449.0,564.0,0.014374146341463414
cost_comparison,EDF,10012,500.0,500,500,488,1.6928933333333966,97.6,4.766,53.381437257343784,1.6131944444444444,1516.0,562.0,0.004634398034398034
cost_comparison,EDF,10013,500.0,500,498,484,1.6360866666667226,96.8,4.586345381526105,59.023761282004045,1.551388888888889,1460.0,535.0,0.005937530864197531
cost_comparison,EDF,10014,500.0,500,499,486,1.618193333333385,97.2,4.8537074148296595,59.10210685002021,1.6298611111111112,1578.0,521.0,0.00369452380952381
cost_comparison,EDF,10015,500.0,500,500,484,1.6217266666667236,96.8,4.852,53.0806945110038,1.648611111111111,1593.0,527.0,0.004591062801932368
cost_comparison,EDF,10016,500.0,500,499,487,1.662206666666722,97.4,4.765531062124248,54.59983057714264,1.6125,1532.0,551.0,0.004341860465116279
cost_comparison,EDF,10017,500.0,500,499,486,1.6628200000000533,97.2,4.623246492985972,49.80448896308663,1.5729166666666667,1463.0,562.0,0.0057794326241134755
cost_comparison,EDF,10018,500.0,500,493,479,1.5961200000000537,95.8,4.9208924949290065,53.01661129568107,1.6506944444444445,1600.0,513.0,0.003451073985680191
cost_comparison,EDF,10019,500.0,500,500,483,1.5530533333333845,96.6,4.688,52.63193152214365,1.5729166666666667,1519.0,498.0,0.003702444987775061
cost_comparison,EDF,10020,500.0,500,497,487,1.6784066666667212,97.4,4.509054325955734,57.77305341482859,1.5291666666666666,1364.0,605.0,0.004076485148514852
cost_comparison,EDF,10021,500.0,500,496,479,1.5951200000000476,95.8,4.824596774193548,58.895048041389494,1.6083333333333334,1552.0,514.0,0.007949403341288783
cost_comparison,EDF,10022,500.0,500,496,485,1.6487800000000539,97.0,4.707661290322581,59.2160745059216,1.5770833333333334,1487.0,536.0,0.00387326968973747
cost_comparison,EDF,10023,500.0,500,498,482,1.6296133333333898,96.4,4.724899598393574,52.82155830676848,1.5888888888888888,1507.0,540.0,0.003393176470588235
cost_comparison,EDF,10024,500.0,500,500,488,1.6479000000000583,97.6,4.704,59.09007319136415,1.5777777777777777,1480.0,540.0,0.02151186440677966
cost_comparison,EDF,10025,500.0,500,500,487,1.6014400000000597,97.4,4.788,59.310067310506284,1.6034722222222222,1554.0,503.0,0.005443160377358491
cost_comparison,EDF,10026,500.0,500,500,485,1.6458200000000551,97.0,4.7,52.3035413153457,1.5902777777777777,1477.0,566.0,0.005742130750605328
cost_comparison,EDF,10027,500.0,500,500,490,1.6657933333333896,98.0,4.668,70.83907580056749,1.5604166666666666,1449.0,554.0,0.003813827160493827
cost_comparison,EDF,10028,500.0,500,497,483,1.5538533333333853,96.6,4.72635814889336,52.419439252336446,1.5833333333333333,1537.0,505.0,0.0038754257907542577
cost_comparison,EDF,10029,500.0,500,492,472,1.6280800000000473,94.4,4.841463414634147,54.12163168080988,1.6381944444444445,1567.0,545.0,0.004629906542056075
cost_comparison,HPA,10000,500.0,500,411,177,2.085026666666672,35.4,120.39416058394161,84.57608644140088,10.408333333333333,14874.0,0.0,0.04144860050890586
cost_comparison,HPA,10001,500.0,500,421,116,2.369813333333184,23.2,157.65320665083135,75.04697800505205,11.911805555555556,17058.0,0.0,0.007285230024213074
cost_comparison,HPA,10002,500.0,500,446,132,2.412626666666507,26.4,149.07174887892376,72.0636649623229,12.006944444444445,17168.0,0.0,0.00761078431372549
cost_comparison,HPA,10003,500.0,500,442,222,2.438886666666542,44.4,143.88009049773757,79.00226855352705,11.529861111111112,16453.0,0.0,0.005515061728395062
cost_comparison,HPA,10004,500.0,500,406,107,2.3531266666664887,21.4,175.98029556650246,85.62360580427149,11.843055555555555,16969.0,1.0,0.0032531017369727046
cost_comparison,HPA,10005,500.0,500,452,186,2.559786666666523,37.2,153.7566371681416,79.61661073825502,12.292361111111111,17565.0,0.0,0.0035720194647201947
cost_comparison,HPA,10006,500.0,500,439,166,2.3564199999999027,33.2,144.4100227790433,78.55279708705726,11.45625,16374.0,1.0,0.0027278571428571425
cost_comparison,HPA,10007,500.0,500,423,138,2.388706666666522,27.6,164.05200945626478,85.75854373605218,11.89236111111111,17029.0,0.0,0.0026452153110047847
cost_comparison,HPA,10008,500.0,500,430,137,2.3863666666664893,27.4,171.44883720930233,82.2369141180849,11.9125,17044.0,0.0,0.004098578199052133
cost_comparison,HPA,10009,500.0,500,436,164,2.452319999999778,32.8,164.24311926605503,79.07235142118861,11.899305555555555,17030.0,0.0,0.0033646191646191643
cost_comparison,HPA,10010,500.0,500,440,163,2.5931533333331256,32.6,175.90454545454546,78.11047539789868,12.50763888888889,17894.0,0.0,0.0028384428223844284
cost_comparison,HPA,10011,500.0,500,422,189,2.2174533333333373,37.8,113.12559241706161,77.77544020123484,10.774305555555555,15390.0,0.0,0.005770487804878048
cost_comparison,HPA,10012,500.0,500,464,197,2.707119999999802,39.4,166.81034482758622,80.318347509113,12.716666666666667,18171.0,0.0,0.002685012285012285
cost_comparison,HPA,10013,500.0,500,436,193,2.419993333333203,38.6,149.9151376146789,78.90290229448411,11.5125,16449.0,0.0,0.005219012345679013
cost_comparison,HPA,10014,500.0,500,434,180,2.33826666666659,36.0,142.93087557603687,78.46201577874301,11.393055555555556,16262.0,0.0,0.0030147619047619046
cost_comparison,HPA,10015,500.0,500,441,152,2.464279999999789,30.4,169.26757369614512,77.41165357035511,12.152777777777779,17379.0,0.0,0.0029091787439613523
cost_comparison,HPA,10016,500.0,500,438,163,2.4431333333332055,32.6,155.31278538812785,82.48802175508266,11.904861111111112,17019.0,0.0,0.002356279069767442
cost_comparison,HPA,10017,500.0,500,435,163,2.422073333333216,32.6,148.7471264367816,77.17298387971623,11.847222222222221,16928.0,0.0,0.0051990543735224585
cost_comparison,HPA,10018,500.0,500,423,147,2.296839999999878,29.4,139.4468085106383,76.4341710343592,11.575,16544.0,0.0,0.0024121718377088305
cost_comparison,HPA,10019,500.0,500,454,171,2.431693333333139,34.2,156.62334801762114,78.9645469893078,11.848611111111111,16933.0,0.0,0.0030809290953545234
cost_comparison,HPA,10020,500.0,500,427,202,2.311833333333293,40.4,129.3208430913349,81.89607086280373,11.03888888888889,15752.0,0.0,0.0021051980198019803
cost_comparison,HPA,10021,500.0,500,431,141,2.1965999999999406,28.2,123.07888631090488,77.6239812128747,10.979166666666666,15724.0,3.0,0.004229594272076372
cost_comparison,HPA,10022,500.0,500,432,106,2.435679999999801,21.2,166.5787037037037,80.7204635876146,12.239583333333334,17539.0,0.0,0.003175178997613365
cost_comparison,HPA,10023,500.0,500,436,175,2.40810666666652,35.0,150.03669724770643,80.55565247732031,11.631944444444445,16617.0,4.0,0.002291294117647059
cost_comparison,HPA,10024,500.0,500,444,192,2.461159999999903,38.4,140.69819819819818,79.11821580507927,11.799305555555556,16843.0,0.0,0.0027307506053268764
cost_comparison,HPA,10025,500.0,500,450,168,2.42813999999987,33.6,150.1822222222222,77.20759948874593,11.780555555555555,16847.0,0.0,0.004529481132075472
cost_comparison,HPA,10026,500.0,500,448,182,2.5155866666665134,36.4,155.78794642857142,79.39622641509433,12.102777777777778,17289.0,0.0,0.004097094430992736
cost_comparison,HPA,10027,500.0,500,450,176,2.577986666666462,35.2,167.5,79.70599290039674,12.44375,17790.0,0.0,0.0026479012345679014
cost_comparison,HPA,10028,500.0,500,433,111,2.323793333333132,22.2,180.54503464203233,73.02755966812732,11.843055555555555,16962.0,0.0,0.002268613138686131
cost_comparison,HPA,10029,500.0,500,427,142,2.3222333333332195,28.4,148.480093676815,78.3733505418456,11.565972222222221,16544.0,0.0,0.002491355140186916
cost_comparison,AMRP,10000,1000.0,1000,838,260,3.893620000000067,26.0,107.50477326968974,73.13137076673677,14.54375,20805.0,3.0,0.0048460059171597635
cost_comparison,AMRP,10001,1000.0,1000,909,407,4.502333333332878,40.7,109.57095709570957,68.49892730711012,16.433333333333334,23547.0,0.0,0.003810791366906475
cost_comparison,AMRP,10002,1000.0,1000,936,268,4.537693333332955,26.8,120.5,68.74943597633035,16.427777777777777,23529.0,0.0,0.010126300578034682
cost_comparison,AMRP,10003,1000.0,1000,938,350,4.529026666666387,35.0,110.0682302771855,76.22525691716177,15.810416666666667,22567.0,0.0,0.005811617647058824
cost_comparison,AMRP,10004,1000.0,1000,883,584,4.373319999999627,58.4,99.52661381653454,90.05334383676885,16.06111111111111,22903.0,3.0,0.005110693641618497
cost_comparison,AMRP,10005,1000.0,1000,941,383,4.637519999999549,38.3,109.97768331562168,77.64874294604473,16.602777777777778,23736.0,4.0,0.004828843338213763
cost_comparison,AMRP,10006,1000.0,1000,932,244,4.539639999999669,24.4,111.1824034334764,77.15910855174944,16.068055555555556,23028.0,1.0,0.014344155844155845
cost_comparison,AMRP,10007,1000.0,1000,913,304,4.4506799999996085,30.4,112.32858707557503,77.72138085347346,16.138194444444444,23096.0,0.0,0.005212607449856734
cost_comparison,AMRP,10008,1000.0,1000,930,483,4.468013333332977,48.3,109.12258064516129,78.64586580470659,16.205555555555556,23115.0,0.0,0.005020083102493075
cost_comparison,AMRP,10009,1000.0,1000,930,425,4.441319999999662,42.5,112.71612903225807,79.15900746041768,15.925,22765.0,0.0,0.004611350574712643
cost_comparison,AMRP,10010,1000.0,1000,930,483,4.6477599999995745,48.3,99.31827956989247,74.94586731530501,16.742361111111112,23970.0,0.0,0.006234472934472934
cost_comparison,AMRP,10011,1000.0,1000,865,357,4.017080000000079,35.7,100.52601156069365,77.64220356353374,14.690972222222221,20943.0,2.0,0.010737293233082706
cost_comparison,AMRP,10012,1000.0,1000,935,266,4.7160533333329635,26.6,124.97219251336898,84.51465481051788,16.616666666666667,23773.0,0.0,0.006448920863309353
cost_comparison,AMRP,10013,1000.0,1000,928,371,4.377313333333123,37.1,108.96443965517241,77.70181761455011,15.625694444444445,22319.0,1.0,0.005825180897250362
cost_comparison,AMRP,10014,1000.0,1000,913,191,4.246059999999869,19.1,121.84446878422781,68.68534932613744,15.420833333333333,22084.0,0.0,0.004981432748538012
cost_comparison,AMRP,10015,1000.0,1000,933,562,4.519319999999621,56.2,98.78778135048232,67.50576829448995,16.461111111111112,23449.0,0.0,0.007527605633802816
cost_comparison,AMRP,10016,1000.0,1000,936,355,4.6278266666661825,35.5,108.0576923076923,71.79254541885673,16.552777777777777,23734.0,0.0,0.0042858126721763085
cost_comparison,AMRP,10017,1000.0,1000,932,244,4.6520066666662006,24.4,120.46244635193133,69.4428747586827,16.51388888888889,23640.0,0.0,0.005467954220314735
cost_comparison,AMRP,10018,1000.0,1000,895,329,4.436919999999658,32.9,114.76983240223464,72.74656158829994,15.993055555555555,22844.0,7.0,0.005139173789173789
cost_comparison,AMRP,10019,1000.0,1000,938,250,4.436293333333075,25.0,115.09808102345416,68.76326726472718,15.938888888888888,22816.0,0.0,0.004734343434343434
cost_comparison,AMRP,10020,1000.0,1000,886,283,4.154886666666666,28.3,112.83972911963883,77.45075076816046,14.9125,21304.0,0.0,0.008529657228017884
cost_comparison,AMRP,10021,1000.0,1000,888,474,4.057593333333304,47.4,100.35247747747748,75.70322035814571,14.872916666666667,21162.0,3.0,0.004561739130434783
cost_comparison,AMRP,10022,1000.0,1000,901,364,4.553119999999511,36.4,115.67036625971143,75.77135747857342,16.459027777777777,23535.0,0.0,0.004984791965566715
cost_comparison,AMRP,10023,1000.0,1000,923,395,4.343586666666446,39.5,101.64788732394366,67.59568353217728,15.688194444444445,22440.0,5.0,0.005555043227665706
cost_comparison,AMRP,10024,1000.0,1000,936,324,4.494359999999696,32.4,120.39209401709402,76.44422957262891,15.911805555555556,22707.0,0.0,0.005519094766619519
cost_comparison,AMRP,10025,1000.0,1000,946,410,4.5143799999997025,41.0,110.776955602537,70.8852528461742,15.934027777777779,22748.0,0.0,0.009215782122905027
cost_comparison,AMRP,10026,1000.0,1000,938,268,4.654693333332916,26.8,122.41684434968018,72.59507450927235,16.43125,23500.0,0.0,0.005716547788873039
cost_comparison,AMRP,10027,1000.0,1000,936,297,4.737373333332835,29.7,121.44871794871794,78.53529887306897,16.799305555555556,24029.0,0.0,0.01550754716981132
cost_comparison,AMRP,10028,1000.0,1000,917,418,4.334239999999691,41.8,109.8495092693566,68.21253124945369,16.06597222222222,22947.0,1.0,0.005408739255014327
cost_comparison,AMRP,10029,1000.0,1000,912,501,4.420519999999675,50.1,97.5701754385965,77.00576288362006,16.084027777777777,23027.0,0.0,0.007506993006993007
cost_comparison,BADP,10000,1000.0,1000,973,973,2.9054399999999414,97.3,2.0709146968139773,79.68379446640316,1.2666666666666666,0.0,1812.0,0.0023022189349112426
cost_comparison,BADP,10001,1000.0,1000,991,991,3.075733333333256,99.1,2.170534813319879,79.69271290605795,1.3409722222222222,1.0,1918.0,0.006570647482014389
cost_comparison,BADP,10002,1000.0,1000,1000,1000,2.9694399999999344,100.0,2.069,70.87395696091347,1.29375,1.0,1852.0,0.0027378612716763007
cost_comparison,BADP,10003,1000.0,1000,999,999,3.0362933333332602,99.9,2.101101101101101,75.27344607950802,1.3229166666666667,0.0,1894.0,0.002353970588235294
cost_comparison,BADP,10004,1000.0,1000,970,970,2.9230399999999395,97.0,2.0927835051546393,79.68379446640316,1.2743055555555556,0.0,1823.0,0.0024115606936416186
cost_comparison,BADP,10005,1000.0,1000,1000,1000,3.018693333333262,100.0,2.128,75.27344607950802,1.3152777777777778,0.0,1883.0,0.0023824304538799415
cost_comparison,BADP,10006,1000.0,1000,999,999,3.050346666666592,99.9,2.085085085085085,70.86115992970122,1.3284722222222223,0.0,1903.0,0.004633621933621933
cost_comparison,BADP,10007,1000.0,1000,994,994,3.052639999999925,99.4,2.106639839034205,79.68379446640316,1.3305555555555555,0.0,1904.0,0.002694269340974212
cost_comparison,BADP,10008,1000.0,1000,998,998,2.989546666666599,99.8,2.0601202404809618,70.86115992970122,1.3020833333333333,0.0,1865.0,0.002451662049861496
cost_comparison,BADP,10009,1000.0,1000,996,996,2.995733333333265,99.6,2.0883534136546187,79.69271290605795,1.3069444444444445,2.0,1868.0,0.0023580459770114943
cost_comparison,BADP,10010,1000.0,1000,999,999,3.0723999999999227,99.9,2.1431431431431434,66.44693473961766,1.3375,0.0,1917.0,0.01076082621082621
cost_comparison,BADP,10011,1000.0,1000,985,985,2.9774399999999335,98.5,2.115736040609137,79.68379446640316,1.2979166666666666,0.0,1857.0,0.0026845112781954884
cost_comparison,BADP,10012,1000.0,1000,1000,1000,3.1120533333332516,100.0,2.151,62.03076923076922,1.3541666666666667,0.0,1942.0,0.002606474820143885
cost_comparison,BADP,10013,1000.0,1000,999,999,2.9678399999999345,99.9,2.059059059059059,79.68379446640316,1.29375,0.0,1851.0,0.002827930535455861
cost_comparison,BADP,10014,1000.0,1000,999,999,2.937439999999938,99.9,2.052052052052052,79.68379446640316,1.2805555555555554,0.0,1832.0,0.002373830409356725
cost_comparison,BADP,10015,1000.0,1000,1000,1000,2.972639999999934,100.0,2.081,79.68379446640316,1.2958333333333334,0.0,1854.0,0.002595211267605634
cost_comparison,BADP,10016,1000.0,1000,1000,1000,3.0702399999999233,100.0,2.141,79.68379446640316,1.3381944444444445,0.0,1915.0,0.00257603305785124
cost_comparison,BADP,10017,1000.0,1000,999,999,3.119839999999918,99.9,2.1321321321321323,79.68379446640316,1.3597222222222223,0.0,1946.0,0.002115593705293276
cost_comparison,BADP,10018,1000.0,1000,990,990,3.066693333333257,99.0,2.113131313131313,75.27344607950802,1.336111111111111,0.0,1913.0,0.0027423076923076923
cost_comparison,BADP,10019,1000.0,1000,1000,1000,2.9214399999999396,100.0,2.051,79.68379446640316,1.273611111111111,0.0,1822.0,0.00448975468975469
cost_comparison,BADP,10020,1000.0,1000,994,994,3.0030399999999307,99.4,2.0945674044265594,79.68379446640316,1.3090277777777777,0.0,1873.0,0.002706408345752608
cost_comparison,BADP,10021,1000.0,1000,996,996,2.908639999999941,99.6,2.0481927710843375,79.68379446640316,1.2680555555555555,0.0,1814.0,0.0027440579710144926
cost_comparison,BADP,10022,1000.0,1000,996,996,3.0919466666665874,99.6,2.1586345381526106,70.86115992970122,1.3465277777777778,0.0,1929.0,0.0024160688665710185
cost_comparison,BADP,10023,1000.0,1000,992,992,2.9390399999999377,99.2,2.0191532258064515,79.68379446640316,1.28125,0.0,1833.0,0.0023668587896253602
cost_comparison,BADP,10024,1000.0,1000,1000,1000,3.0238399999999284,100.0,2.118,79.68379446640316,1.3180555555555555,0.0,1886.0,0.0024012729844413013
cost_comparison,BADP,10025,1000.0,1000,1000,1000,2.994346666666598,100.0,2.104,70.86115992970122,1.3041666666666667,0.0,1868.0,0.0042159217877094975
cost_comparison,BADP,10026,1000.0,1000,1000,1000,3.0887466666665877,100.0,2.133,70.86115992970122,1.3451388888888889,0.0,1927.0,0.0025868758915834522
cost_comparison,BADP,10027,1000.0,1000,1000,1000,3.126586666666584,100.0,2.182,75.28430296377607,1.3625,1.0,1950.0,0.002542089985486212
cost_comparison,BADP,10028,1000.0,1000,995,995,2.896746666666609,99.5,2.0040201005025127,70.86115992970122,1.2618055555555556,0.0,1807.0,0.0027488538681948423
cost_comparison,BADP,10029,1000.0,1000,993,993,3.010133333333263,99.3,2.0614300100704934,79.69271290605795,1.3125,1.0,1877.0,0.004602937062937063
cost_comparison,BADP_PLUS,10000,1000.0,1000,973,973,2.9054399999999414,97.3,2.0709146968139773,79.68379446640316,1.2666666666666666,0.0,1812.0,0.018818639053254437
cost_comparison,BADP_PLUS,10001,1000.0,1000,991,991,3.0766399999999225,99.1,2.169525731584258,79.68379446640316,1.3409722222222222,0.0,1919.0,0.03496964028776978
cost_comparison,BADP_PLUS,10002,1000.0,1000,1000,1000,2.9703466666666007,100.0,2.068,70.86115992970122,1.29375,0.0,1853.0,0.01665534682080925
cost_comparison,BADP_PLUS,10003,1000.0,1000,999,999,3.0362933333332602,99.9,2.101101101101101,75.27344607950802,1.3229166666666667,0.0,1894.0,0.01772294117647059
cost_comparison,BADP_PLUS,10004,1000.0,1000,970,970,2.9230399999999395,97.0,2.0927835051546393,79.68379446640316,1.2743055555555556,0.0,1823.0,0.022334104046242774
cost_comparison,BADP_PLUS,10005,1000.0,1000,1000,1000,3.018693333333262,100.0,2.128,75.27344607950802,1.3152777777777778,0.0,1883.0,0.019446266471449487
cost_comparison,BADP_PLUS,10006,1000.0,1000,999,999,3.050346666666592,99.9,2.085085085085085,70.86115992970122,1.3284722222222223,0.0,1903.0,0.02886782106782107
cost_comparison,BADP_PLUS,10007,1000.0,1000,994,994,3.052639999999925,99.4,2.106639839034205,79.68379446640316,1.3305555555555555,0.0,1904.0,0.01807492836676218
cost_comparison,BADP_PLUS,10008,1000.0,1000,998,998,2.989546666666599,99.8,2.0601202404809618,70.86115992970122,1.3020833333333333,0.0,1865.0,0.01720803324099723
cost_comparison,BADP_PLUS,10009,1000.0,1000,996,996,2.9966399999999314,99.6,2.0863453815261046,79.68379446640316,1.30625,0.0,1869.0,0.019276580459770112
cost_comparison,BADP_PLUS,10010,1000.0,1000,999,999,3.0723999999999227,99.9,2.1431431431431434,66.44693473961766,1.3375,0.0,1917.0,0.022112962962962963
cost_comparison,BADP_PLUS,10011,1000.0,1000,985,985,2.9774399999999335,98.5,2.115736040609137,79.68379446640316,1.2979166666666666,0.0,1857.0,0.01919127819548872
cost_comparison,BADP_PLUS,10012,1000.0,1000,1000,1000,3.1120533333332516,100.0,2.151,62.03076923076922,1.3541666666666667,0.0,1942.0,0.016757841726618705
cost_comparison,BADP_PLUS,10013,1000.0,1000,999,999,2.9678399999999345,99.9,2.059059059059059,79.68379446640316,1.29375,0.0,1851.0,0.017567293777134587
cost_comparison,BADP_PLUS,10014,1000.0,1000,999,999,2.937439999999938,99.9,2.052052052052052,79.68379446640316,1.2805555555555554,0.0,1832.0,0.017010380116959063
cost_comparison,BADP_PLUS,10015,1000.0,1000,1000,1000,2.972639999999934,100.0,2.081,79.68379446640316,1.2958333333333334,0.0,1854.0,0.016464647887323942
cost_comparison,BADP_PLUS,10016,1000.0,1000,1000,1000,3.0702399999999233,100.0,2.141,79.68379446640316,1.3381944444444445,0.0,1915.0,0.016171349862258953
cost_comparison,BADP_PLUS,10017,1000.0,1000,999,999,3.119839999999918,99.9,2.1321321321321323,79.68379446640316,1.3597222222222223,0.0,1946.0,0.01822145922746781
cost_comparison,BADP_PLUS,10018,1000.0,1000,990,990,3.066693333333257,99.0,2.113131313131313,75.27344607950802,1.336111111111111,0.0,1913.0,0.017772507122507122
cost_comparison,BADP_PLUS,10019,1000.0,1000,1000,1000,2.9214399999999396,100.0,2.051,79.68379446640316,1.273611111111111,0.0,1822.0,0.01803722943722944
cost_comparison,BADP_PLUS,10020,1000.0,1000,994,994,3.0030399999999307,99.4,2.0945674044265594,79.68379446640316,1.3090277777777777,0.0,1873.0,0.018961549925484354
cost_comparison,BADP_PLUS,10021,1000.0,1000,996,996,2.908639999999941,99.6,2.0481927710843375,79.68379446640316,1.2680555555555555,0.0,1814.0,0.017093623188405797
cost_comparison,BADP_PLUS,10022,1000.0,1000,996,996,3.0919466666665874,99.6,2.1586345381526106,70.86115992970122,1.3465277777777778,0.0,1929.0,0.01729110473457676
cost_comparison,BADP_PLUS,10023,1000.0,1000,992,992,2.9390399999999377,99.2,2.0191532258064515,79.68379446640316,1.28125,0.0,1833.0,0.015594380403458213
cost_comparison,BADP_PLUS,10024,1000.0,1000,1000,1000,3.0238399999999284,100.0,2.118,79.68379446640316,1.3180555555555555,0.0,1886.0,0.02244766619519095
cost_comparison,BADP_PLUS,10025,1000.0,1000,1000,1000,2.994346666666598,100.0,2.104,70.86115992970122,1.3041666666666667,0.0,1868.0,0.02153310055865922
cost_comparison,BADP_PLUS,10026,1000.0,1000,1000,1000,3.0887466666665877,100.0,2.133,70.86115992970122,1.3451388888888889,0.0,1927.0,0.01657617689015692
cost_comparison,BADP_PLUS,10027,1000.0,1000,1000,1000,3.12749333333325,100.0,2.181,75.27344607950802,1.3625,0.0,1951.0,0.018859506531204644
cost_comparison,BADP_PLUS,10028,1000.0,1000,995,995,2.896746666666609,99.5,2.0040201005025127,70.86115992970122,1.2618055555555556,0.0,1807.0,0.01849240687679083
cost_comparison,BADP_PLUS,10029,1000.0,1000,993,993,3.0110399999999298,99.3,2.0604229607250755,79.68379446640316,1.3125,0.0,1878.0,0.028346713286713288
cost_comparison,CDASCALER,10000,1000.0,1000,846,290,3.8721666666667307,29.0,105.2872340425532,99.85657141946486,14.390277777777778,20555.0,4.0,0.0028613905325443785
cost_comparison,CDASCALER,10001,1000.0,1000,883,442,4.387413333333019,44.2,112.95469988674972,46.3184853973285,16.13125,23057.0,0.0,0.007969928057553958
cost_comparison,CDASCALER,10002,1000.0,1000,934,258,4.541506666666286,25.8,119.96573875802999,68.76420131178241,16.435416666666665,23535.0,0.0,0.008960115606936417
cost_comparison,CDASCALER,10003,1000.0,1000,939,348,4.538733333333021,34.8,112.33652822151225,99.87236577133619,15.790972222222223,22533.0,0.0,0.0035963235294117647
cost_comparison,CDASCALER,10004,1000.0,1000,883,430,4.35710666666631,43.0,102.65005662514156,99.86827854696601,16.023611111111112,22930.0,5.0,0.0034083815028901733
cost_comparison,CDASCALER,10005,1000.0,1000,939,344,4.604413333332899,34.4,113.85303514376997,82.3134628719953,16.413888888888888,23457.0,4.0,0.004779941434846266
cost_comparison,CDASCALER,10006,1000.0,1000,925,310,4.477239999999683,31.0,115.5654054054054,92.97222938698306,15.74236111111111,22519.0,1.0,0.006329725829725829
cost_comparison,CDASCALER,10007,1000.0,1000,914,303,4.455879999999603,30.3,111.72757111597375,97.56347221024181,16.152083333333334,23126.0,0.0,0.003955730659025788
cost_comparison,CDASCALER,10008,1000.0,1000,928,472,4.454493333332985,47.2,108.28125,92.94757125190533,16.178472222222222,23134.0,0.0,0.0034094182825484764
cost_comparison,CDASCALER,10009,1000.0,1000,931,403,4.448253333332988,40.3,112.74973147153598,99.8704476752555,15.93125,22781.0,0.0,0.003814080459770115
cost_comparison,CDASCALER,10010,1000.0,1000,931,251,4.640133333332915,25.1,112.70569280343716,90.91959154065063,16.685416666666665,23927.0,0.0,0.007512108262108262
cost_comparison,CDASCALER,10011,1000.0,1000,878,422,3.9984000000000797,42.2,95.61047835990888,99.85986547085201,14.468055555555555,20590.0,3.0,0.007380751879699248
cost_comparison,CDASCALER,10012,1000.0,1000,934,251,4.7094666666663025,25.1,124.83832976445396,97.66182881739418,16.61111111111111,23770.0,0.0,0.003823597122302158
cost_comparison,CDASCALER,10013,1000.0,1000,928,374,4.383899999999782,37.4,108.86422413793103,97.53336535242836,15.636111111111111,22329.0,1.0,0.0033532561505065124
cost_comparison,CDASCALER,10014,1000.0,1000,912,195,4.2479666666665326,19.5,121.83991228070175,95.08688336633958,15.42013888888889,22080.0,0.0,0.0035711988304093565
cost_comparison,CDASCALER,10015,1000.0,1000,937,325,4.5155066666662504,32.5,113.87833511205976,90.73370725735273,16.386111111111113,23440.0,0.0,0.00686718309859155
cost_comparison,CDASCALER,10016,1000.0,1000,924,349,4.575133333332896,34.9,112.51839826839827,95.34835198917303,16.382638888888888,23474.0,0.0,0.003530853994490358
cost_comparison,CDASCALER,10017,1000.0,1000,923,292,4.577646666666262,29.2,124.7486457204767,93.08879275115203,16.185416666666665,23122.0,0.0,0.0037565092989985693
cost_comparison,CDASCALER,10018,1000.0,1000,893,329,4.43379999999966,32.9,113.21612541993281,97.54994651169514,15.990277777777777,22838.0,7.0,0.003379487179487179
cost_comparison,CDASCALER,10019,1000.0,1000,938,276,4.442186666666406,27.6,114.27292110874201,99.87031700288185,15.945833333333333,22817.0,0.0,0.0038190476190476186
cost_comparison,CDASCALER,10020,1000.0,1000,883,296,4.127846666666684,29.6,109.11438278595696,99.86316573670047,14.845833333333333,21201.0,0.0,0.004493889716840537
cost_comparison,CDASCALER,10021,1000.0,1000,892,480,4.045459999999979,48.0,98.37780269058295,99.86104034461995,14.792361111111111,21029.0,3.0,0.003921884057971015
cost_comparison,CDASCALER,10022,1000.0,1000,900,366,4.562479999999508,36.6,114.64222222222222,93.07170706899475,16.466666666666665,23530.0,0.0,0.004129124820659971
cost_comparison,CDASCALER,10023,1000.0,1000,922,309,4.3321466666664366,30.9,106.59327548806941,95.15035715335547,15.651388888888889,22439.0,5.0,0.00370043227665706
cost_comparison,CDASCALER,10024,1000.0,1000,936,320,4.504586666666354,32.0,120.99358974358974,97.58300057045065,15.91875,22720.0,0.0,0.0038499292786421504
cost_comparison,CDASCALER,10025,1000.0,1000,945,410,4.499473333333051,41.0,111.04444444444445,97.58096515893293,15.909027777777778,22706.0,0.0,0.004279888268156425
cost_comparison,CDASCALER,10026,1000.0,1000,939,261,4.656426666666248,26.1,123.43237486687966,95.4090605520926,16.43402777777778,23508.0,0.0,0.004103281027104137
cost_comparison,CDASCALER,10027,1000.0,1000,937,298,4.740666666666166,29.8,119.3948772678762,97.67338421832959,16.81388888888889,24051.0,0.0,0.004915094339622642
cost_comparison,CDASCALER,10028,1000.0,1000,917,419,4.3318133333330255,41.9,109.56161395856053,90.44282609972397,16.059722222222224,22944.0,1.0,0.0038925501432664758
cost_comparison,CDASCALER,10029,1000.0,1000,890,261,4.306293333333097,26.1,114.34831460674157,95.13562920155678,15.809722222222222,22656.0,0.0,0.004093846153846154
cost_comparison,CEDULE,10000,1000.0,1000,972,972,2.5910933333333093,97.2,9.823045267489713,8.88497135301895,1.125,1.0,1619.0,0.0024215976331360945
cost_comparison,CEDULE,10001,1000.0,1000,991,991,2.751999999999958,99.1,10.744702320887992,0.0,1.1944444444444444,0.0,1720.0,0.013060287769784172
cost_comparison,CEDULE,10002,1000.0,1000,1000,1000,2.625599999999972,100.0,9.31,0.0,1.1395833333333334,0.0,1641.0,0.002790751445086705
cost_comparison,CEDULE,10003,1000.0,1000,999,999,2.7215999999999614,99.9,10.696696696696696,0.0,1.18125,0.0,1701.0,0.0032077941176470587
cost_comparison,CEDULE,10004,1000.0,1000,970,970,2.6223999999999723,97.0,9.484536082474227,0.0,1.1381944444444445,0.0,1639.0,0.0028290462427745665
cost_comparison,CEDULE,10005,1000.0,1000,1000,1000,2.723199999999961,100.0,10.938,0.0,1.1819444444444445,0.0,1702.0,0.003123133235724744
cost_comparison,CEDULE,10006,1000.0,1000,999,999,2.7551999999999577,99.9,10.865865865865866,0.0,1.1958333333333333,0.0,1722.0,0.005109235209235209
cost_comparison,CEDULE,10007,1000.0,1000,994,994,2.671999999999967,99.4,9.640845070422536,0.0,1.1597222222222223,0.0,1670.0,0.002102578796561605
cost_comparison,CEDULE,10008,1000.0,1000,998,998,2.6207999999999725,99.8,9.357715430861724,0.0,1.1375,0.0,1638.0,0.001626869806094183
cost_comparison,CEDULE,10009,1000.0,1000,996,996,2.6399999999999704,99.6,10.884538152610443,0.0,1.1458333333333333,0.0,1650.0,0.0019724137931034485
cost_comparison,CEDULE,10010,1000.0,1000,999,999,2.716799999999962,99.9,10.614614614614615,0.0,1.1791666666666667,0.0,1698.0,0.0026435897435897436
cost_comparison,CEDULE,10011,1000.0,1000,985,985,2.656693333333302,98.5,10.701522842639594,8.88497135301895,1.1534722222222222,0.0,1660.0,0.0022706766917293232
cost_comparison,CEDULE,10012,1000.0,1000,1000,1000,2.771199999999956,100.0,11.219,0.0,1.2027777777777777,0.0,1732.0,0.0021611510791366907
cost_comparison,CEDULE,10013,1000.0,1000,999,999,2.6367999999999707,99.9,10.733733733733734,0.0,1.1444444444444444,0.0,1648.0,0.0021483357452966715
cost_comparison,CEDULE,10014,1000.0,1000,999,999,2.617599999999973,99.9,10.136136136136136,0.0,1.136111111111111,0.0,1636.0,0.002676315789473684
cost_comparison,CEDULE,10015,1000.0,1000,1000,1000,2.678399999999966,100.0,10.418,0.0,1.1625,0.0,1674.0,0.002531408450704225
cost_comparison,CEDULE,10016,1000.0,1000,1000,1000,2.743999999999959,100.0,10.549,0.0,1.1909722222222223,0.0,1715.0,0.002502479338842975
cost_comparison,CEDULE,10017,1000.0,1000,999,999,2.7583999999999573,99.9,10.78078078078078,0.0,1.1972222222222222,0.0,1724.0,0.0022240343347639485
cost_comparison,CEDULE,10018,1000.0,1000,990,990,2.73279999999996,99.0,9.752525252525253,0.0,1.1861111111111111,0.0,1708.0,0.0017049857549857551
cost_comparison,CEDULE,10019,1000.0,1000,1000,1000,2.6111999999999735,100.0,10.221,0.0,1.1333333333333333,0.0,1632.0,0.00223982683982684
cost_comparison,CEDULE,10020,1000.0,1000,994,994,2.708799999999963,99.4,11.189134808853119,0.0,1.1756944444444444,0.0,1693.0,0.002311177347242921
cost_comparison,CEDULE,10021,1000.0,1000,996,996,2.590399999999976,99.6,9.823293172690763,0.0,1.1243055555555554,0.0,1619.0,0.0018840579710144927
cost_comparison,CEDULE,10022,1000.0,1000,996,996,2.787199999999954,99.6,10.46285140562249,0.0,1.2097222222222221,0.0,1742.0,0.0019748923959827832
cost_comparison,CEDULE,10023,1000.0,1000,992,992,2.579199999999977,99.2,9.733870967741936,0.0,1.1194444444444445,0.0,1612.0,0.002407492795389049
cost_comparison,CEDULE,10024,1000.0,1000,1000,1000,2.7199999999999616,100.0,10.26,0.0,1.1805555555555556,0.0,1700.0,0.0021804809052333807
cost_comparison,CEDULE,10025,1000.0,1000,1000,1000,2.6575999999999684,100.0,9.799,0.0,1.1534722222222222,0.0,1661.0,0.003235754189944134
cost_comparison,CEDULE,10026,1000.0,1000,1000,1000,2.790399999999954,100.0,10.433,0.0,1.211111111111111,0.0,1744.0,0.0019388017118402282
cost_comparison,CEDULE,10027,1000.0,1000,1000,1000,2.7935999999999535,100.0,10.669,0.0,1.2125,0.0,1746.0,0.002256168359941945
cost_comparison,CEDULE,10028,1000.0,1000,995,995,2.542399999999981,99.5,9.296482412060302,0.0,1.1034722222222222,0.0,1589.0,0.001853868194842407
cost_comparison,CEDULE,10029,1000.0,1000,993,993,2.670399999999967,99.3,9.584088620342397,0.0,1.1590277777777778,0.0,1669.0,0.00356
cost_comparison,CEMA,10000,1000.0,1000,840,196,3.762520000000067,19.6,121.30357142857143,99.8534440644846,13.977777777777778,20068.0,8.0,0.0030403846153846154
cost_comparison,CEMA,10001,1000.0,1000,879,155,4.310713333333074,15.5,130.99544937428897,97.50335135453648,15.758333333333333,22636.0,0.0,0.0032198561151079138
cost_comparison,CEMA,10002,1000.0,1000,928,134,4.473559999999694,13.4,133.10129310344828,88.36902611737048,16.129166666666666,23165.0,0.0,0.0036140173410404625
cost_comparison,CEMA,10003,1000.0,1000,929,295,4.401193333333122,29.5,120.69106566200216,90.55638574143659,15.185416666666667,21814.0,0.0,0.003405
cost_comparison,CEMA,10004,1000.0,1000,865,141,4.252713333333058,14.1,125.99884393063584,99.86587782960524,15.600694444444445,22423.0,6.0,0.003345086705202312
cost_comparison,CEMA,10005,1000.0,1000,937,213,4.5226866666663,21.3,128.6691568836713,90.73489431357198,16.044444444444444,23042.0,4.0,0.0030752562225475843
cost_comparison,CEMA,10006,1000.0,1000,923,203,4.4015799999997425,20.3,125.80281690140845,90.55446722679321,15.340972222222222,22034.0,1.0,0.006144155844155844
cost_comparison,CEMA,10007,1000.0,1000,913,161,4.394173333332986,16.1,125.01971522453451,97.53827382854487,15.843055555555555,22764.0,0.0,0.003534240687679083
cost_comparison,CEMA,10008,1000.0,1000,913,196,4.333679999999753,19.6,123.144578313253,90.44843575746904,15.746527777777779,22644.0,0.0,0.011791274238227146
cost_comparison,CEMA,10009,1000.0,1000,928,213,4.367046666666345,21.3,123.66810344827586,95.18538514292383,15.530555555555555,22333.0,0.0,0.004132614942528735
cost_comparison,CEMA,10010,1000.0,1000,924,155,4.56551333333296,15.5,130.96753246753246,88.54326984171809,16.354861111111113,23498.0,0.0,0.005656695156695157
cost_comparison,CEMA,10011,1000.0,1000,873,255,3.862760000000088,25.5,111.99885452462772,99.85628054038517,13.915972222222223,20010.0,5.0,0.006553984962406015
cost_comparison,CEMA,10012,1000.0,1000,929,148,4.627913333333047,14.8,137.75457481162542,90.9016954838349,16.284027777777776,23397.0,0.0,0.0038263309352517985
cost_comparison,CEMA,10013,1000.0,1000,921,246,4.250606666666522,24.6,119.71769815418024,92.69863482752974,15.058333333333334,21643.0,1.0,0.013511432706222865
cost_comparison,CEMA,10014,1000.0,1000,909,167,4.188513333333238,16.7,129.6017601760176,92.62196681359349,15.047916666666667,21582.0,0.0,0.004453654970760234
cost_comparison,CEMA,10015,1000.0,1000,935,165,4.444006666666286,16.5,129.47914438502673,88.31189409544662,16.029166666666665,23023.0,0.0,0.0042484507042253525
cost_comparison,CEMA,10016,1000.0,1000,924,151,4.52096666666627,15.1,125.16450216450217,93.02450610874853,16.022916666666667,23043.0,0.0,0.0037829201101928374
cost_comparison,CEMA,10017,1000.0,1000,920,231,4.507793333332974,23.1,130.73152173913044,90.7219521929387,15.808333333333334,22698.0,0.0,0.004067381974248927
cost_comparison,CEMA,10018,1000.0,1000,893,174,4.369879999999713,17.4,124.12765957446808,99.86845566956065,15.60763888888889,22421.0,8.0,0.003507977207977208
cost_comparison,CEMA,10019,1000.0,1000,932,196,4.34849999999979,19.6,121.06115879828326,90.47234297925907,15.572222222222223,22390.0,0.0,0.003917027417027417
cost_comparison,CEMA,10020,1000.0,1000,877,245,4.034420000000069,24.5,123.33865450399088,97.38032305433187,14.39236111111111,20664.0,0.0,0.0041870342771982115
cost_comparison,CEMA,10021,1000.0,1000,892,224,3.9555000000000136,22.4,112.11210762331838,94.82245131729667,14.341666666666667,20632.0,3.0,0.0033840579710144925
cost_comparison,CEMA,10022,1000.0,1000,902,181,4.48473999999956,18.1,132.8957871396896,95.27893434061609,16.152083333333334,23203.0,0.0,0.003177044476327116
cost_comparison,CEMA,10023,1000.0,1000,919,178,4.270786666666489,17.8,116.0500544069641,97.48284568542998,15.222916666666666,21864.0,5.0,0.0029863112391930835
cost_comparison,CEMA,10024,1000.0,1000,932,263,4.389579999999786,26.3,127.00321888412017,92.87078627185906,15.484722222222222,22252.0,0.0,0.0031345120226308346
cost_comparison,CEMA,10025,1000.0,1000,939,214,4.417399999999797,21.4,122.78487752928648,90.58193708944643,15.51875,22313.0,0.0,0.005300698324022347
cost_comparison,CEMA,10026,1000.0,1000,930,206,4.55450666666635,20.6,129.98924731182797,88.52268869525857,16.059722222222224,23056.0,0.0,0.0035572039942938657
cost_comparison,CEMA,10027,1000.0,1000,928,155,4.648713333332924,15.5,132.40086206896552,90.93211484613349,16.45277777777778,23648.0,0.0,0.003343686502177068
cost_comparison,CEMA,10028,1000.0,1000,907,170,4.259793333333055,17.0,123.36714443219405,87.9394146587987,15.72638888888889,22599.0,1.0,0.0032849570200573063
cost_comparison,CEMA,10029,1000.0,1000,889,137,4.255159999999809,13.7,127.32508436445444,95.09294785996848,15.42986111111111,22154.0,0.0,0.004537762237762238
cost_comparison,EDF,10000,1000.0,1000,964,930,3.0991066666667173,93.0,4.7603734439834025,71.36982265951805,3.03125,2861.0,1081.0,0.004891568047337278
cost_comparison,EDF,10001,1000.0,1000,989,965,3.2577466666667143,96.5,4.61577350859454,88.47035876824872,2.970138888888889,2699.0,1186.0,0.004850503597122302
cost_comparison,EDF,10002,1000.0,1000,1000,973,3.1703733333334156,97.3,4.45,73.7413122864884,2.9472222222222224,2701.0,1125.0,0.01675881502890173
cost_comparison,EDF,10003,1000.0,1000,998,971,3.249793333333386,97.1,4.381763527054108,72.684782934356,2.9097222222222223,2578.0,1206.0,0.004710441176470588
cost_comparison,EDF,10004,1000.0,1000,960,940,3.096593333333396,94.0,4.483333333333333,74.16269684740723,2.8652777777777776,2588.0,1133.0,0.005565317919075144
cost_comparison,EDF,10005,1000.0,1000,1000,978,3.2384600000000687,97.8,4.541,75.07389753275174,2.9715277777777778,2679.0,1200.0,0.0058502196193265
cost_comparison,EDF,10006,1000.0,1000,997,979,3.2286733333333966,97.9,4.335005015045136,77.58957071686406,2.8930555555555557,2570.0,1185.0,0.009811832611832612
cost_comparison,EDF,10007,1000.0,1000,991,961,3.210040000000074,96.1,4.567103935418769,71.6264234185894,3.0,2733.0,1172.0,0.013144985673352436
cost_comparison,EDF,10008,1000.0,1000,997,972,3.1655066666667375,97.2,4.4964894684052155,72.85476091228487,2.9611111111111112,2712.0,1142.0,0.004937811634349031
cost_comparison,EDF,10009,1000.0,1000,994,964,3.162260000000076,96.4,4.523138832997988,72.64380232244126,2.954861111111111,2706.0,1154.0,0.004581752873563218
cost_comparison,EDF,10010,1000.0,1000,997,977,3.263826666666746,97.7,4.322968906720161,78.92537490368086,2.86875,2528.0,1195.0,0.007205413105413106
cost_comparison,EDF,10011,1000.0,1000,979,951,3.150760000000049,95.1,4.491317671092952,72.86714137910047,2.9055555555555554,2611.0,1172.0,0.014428270676691729
cost_comparison,EDF,10012,1000.0,1000,1000,980,3.286706666666754,98.0,4.471,78.06400747532558,2.954861111111111,2660.0,1182.0,0.005578848920863309
cost_comparison,EDF,10013,1000.0,1000,997,966,3.1485200000000773,96.6,4.313941825476429,71.28748114630467,2.85,2548.0,1155.0,0.005712590448625181
cost_comparison,EDF,10014,1000.0,1000,999,973,3.118406666666719,97.3,4.51951951951952,75.03198102159094,2.95,2713.0,1128.0,0.004376900584795321
cost_comparison,EDF,10015,1000.0,1000,1000,972,3.1807666666667362,97.2,4.558,71.24530311547677,2.984722222222222,2747.0,1140.0,0.004947464788732395
cost_comparison,EDF,10016,1000.0,1000,997,967,3.2724933333333857,96.7,4.667001003009027,68.54116542456428,3.0805555555555557,2835.0,1182.0,0.0047767217630854
cost_comparison,EDF,10017,1000.0,1000,999,977,3.3050266666667425,97.7,4.4824824824824825,67.66757746642637,2.9819444444444443,2693.0,1185.0,0.005051216022889843
cost_comparison,EDF,10018,1000.0,1000,984,956,3.2329000000000723,95.6,4.524390243902439,66.51615039585779,2.9715277777777778,2670.0,1204.0,0.007765384615384615
cost_comparison,EDF,10019,1000.0,1000,1000,979,3.1265133333334068,97.9,4.393,74.69705524024604,2.8756944444444446,2615.0,1114.0,0.01628124098124098
cost_comparison,EDF,10020,1000.0,1000,991,971,3.1776200000000463,97.1,4.387487386478305,70.06367888939188,2.85625,2543.0,1174.0,0.008806706408345752
cost_comparison,EDF,10021,1000.0,1000,993,959,3.113006666666722,95.9,4.518630412890231,71.44340103807266,2.9270833333333335,2682.0,1123.0,0.004616811594202899
cost_comparison,EDF,10022,1000.0,1000,994,972,3.283553333333384,97.2,4.334004024144869,83.22559025133283,2.8305555555555557,2443.0,1257.0,0.004580918220946915
cost_comparison,EDF,10023,1000.0,1000,987,961,3.085580000000066,96.1,4.393110435663627,67.77627505785472,2.876388888888889,2619.0,1109.0,0.00584164265129683
cost_comparison,EDF,10024,1000.0,1000,999,971,3.2366866666667313,97.1,4.597597597597598,72.06691122523844,3.032638888888889,2786.0,1160.0,0.005878500707213579
cost_comparison,EDF,10025,1000.0,1000,1000,978,3.1806333333334047,97.8,4.551,71.82213801474289,2.9583333333333335,2713.0,1141.0,0.00676522346368715
cost_comparison,EDF,10026,1000.0,1000,1000,971,3.279593333333396,97.1,4.477,71.50836651001288,2.9604166666666667,2634.0,1223.0,0.007451069900142653
cost_comparison,EDF,10027,1000.0,1000,999,973,3.3297466666667397,97.3,4.634634634634635,86.29349029663732,3.0145833333333334,2724.0,1205.0,0.005471698113207547
cost_comparison,EDF,10028,1000.0,1000,993,967,3.0810200000000845,96.7,4.381671701913394,70.72628006492549,2.879166666666667,2661.0,1073.0,0.00475730659025788
cost_comparison,EDF,10029,1000.0,1000,989,952,3.156600000000061,95.2,4.50252780586451,71.46309288241291,2.942361111111111,2685.0,1149.0,0.0066163636363636355
cost_comparison,HPA,10000,1000.0,1000,845,295,3.870473333333396,29.5,104.71597633136095,99.85648450829999,14.396527777777777,20565.0,5.0,0.002871301775147929
cost_comparison,HPA,10001,1000.0,1000,887,443,4.38307999999969,44.3,114.63923337091319,81.76523230293122,16.1,23031.0,0.0,0.0032827338129496402
cost_comparison,HPA,10002,1000.0,1000,936,268,4.537693333332955,26.8,120.5,83.15807529771342,16.427777777777777,23529.0,0.0,0.008676878612716763
cost_comparison,HPA,10003,1000.0,1000,938,355,4.519666666666369,35.5,112.32515991471216,99.87196631291432,15.758333333333333,22491.0,0.0,0.004003088235294118
cost_comparison,HPA,10004,1000.0,1000,884,413,4.351079999999649,41.3,104.94004524886878,99.86810867844896,16.011111111111113,22922.0,6.0,0.0034354046242774565
cost_comparison,HPA,10005,1000.0,1000,941,347,4.608399999999556,34.7,114.8182784272051,87.44993255696619,16.428472222222222,23485.0,4.0,0.0036325036603221082
cost_comparison,HPA,10006,1000.0,1000,924,293,4.469959999999685,29.3,116.52813852813853,92.96376000688646,15.739583333333334,22522.0,1.0,0.003496681096681097
cost_comparison,HPA,10007,1000.0,1000,913,304,4.4506799999996085,30.4,112.32858707557503,97.56136867247979,16.138194444444444,23096.0,0.0,0.005437249283667621
cost_comparison,HPA,10008,1000.0,1000,929,478,4.458999999999648,47.8,109.7395048439182,92.95284076213467,16.1875,23147.0,0.0,0.00397797783933518
cost_comparison,HPA,10009,1000.0,1000,930,425,4.441319999999662,42.5,112.71612903225807,97.55757313733967,15.925,22765.0,0.0,0.003091379310344828
cost_comparison,HPA,10010,1000.0,1000,930,261,4.633199999999585,26.1,114.96344086021506,90.90944639964248,16.67222222222222,23900.0,0.0,0.0036901709401709402
cost_comparison,HPA,10011,1000.0,1000,875,415,3.977426666666746,41.5,96.71085714285714,99.85933543809196,14.44375,20564.0,3.0,0.0063360902255639095
cost_comparison,HPA,10012,1000.0,1000,935,266,4.7160533333329635,26.6,124.97219251336898,97.66427783902977,16.616666666666667,23773.0,0.0,0.003866187050359712
cost_comparison,HPA,10013,1000.0,1000,927,368,4.374193333333123,36.8,109.14347357065803,97.52933801769757,15.619444444444444,22316.0,1.0,0.0036434153400868303
cost_comparison,HPA,10014,1000.0,1000,913,191,4.246059999999869,19.1,121.84446878422781,95.08527339618988,15.420833333333333,22084.0,0.0,0.003917836257309942
cost_comparison,HPA,10015,1000.0,1000,933,363,4.491239999999615,36.3,112.02250803858522,90.6966240745505,16.336805555555557,23360.0,0.0,0.00407112676056338
cost_comparison,HPA,10016,1000.0,1000,922,354,4.568893333332899,35.4,113.27548806941432,95.34362563856509,16.37361111111111,23470.0,0.0,0.0033387052341597796
cost_comparison,HPA,10017,1000.0,1000,921,297,4.569499999999601,29.7,125.39739413680782,93.07962578842654,16.168055555555554,23096.0,0.0,0.003547925608011445
cost_comparison,HPA,10018,1000.0,1000,895,329,4.436919999999658,32.9,114.76983240223464,99.86996098829648,15.993055555555555,22844.0,7.0,0.0036311965811965815
cost_comparison,HPA,10019,1000.0,1000,938,250,4.436293333333075,25.0,115.09808102345416,97.55552991403681,15.938888888888888,22816.0,0.0,0.003383838383838384
cost_comparison,HPA,10020,1000.0,1000,889,300,4.140673333333347,30.0,111.13948256467941,99.86347294488858,14.8375,21184.0,0.0,0.005414456035767511
cost_comparison,HPA,10021,1000.0,1000,891,494,4.041299999999983,49.4,98.39618406285074,99.8609372827145,14.775,21018.0,3.0,0.003559275362318841
cost_comparison,HPA,10022,1000.0,1000,901,364,4.553119999999511,36.4,115.67036625971143,93.06112054329373,16.459027777777777,23535.0,0.0,0.0037401721664275466
cost_comparison,HPA,10023,1000.0,1000,922,314,4.332493333333098,31.4,106.60195227765726,95.15064225037477,15.657638888888888,22444.0,5.0,0.003592507204610951
cost_comparison,HPA,10024,1000.0,1000,936,324,4.494359999999696,32.4,120.39209401709402,97.57892631639096,15.911805555555556,22707.0,0.0,0.004004667609618105
cost_comparison,HPA,10025,1000.0,1000,946,410,4.5143799999997025,41.0,110.776955602537,95.3019235971694,15.934027777777779,22748.0,0.0,0.004797206703910615
cost_comparison,HPA,10026,1000.0,1000,938,268,4.654693333332916,26.8,122.41684434968018,95.40778266436563,16.43125,23500.0,0.0,0.004216405135520685
cost_comparison,HPA,10027,1000.0,1000,936,297,4.737373333332835,29.7,121.44871794871794,97.67216987610911,16.799305555555556,24029.0,0.0,0.005009869375907112
cost_comparison,HPA,10028,1000.0,1000,917,418,4.333546666666359,41.8,109.86586695747,90.44563175199625,16.064583333333335,22947.0,1.0,0.003563896848137536
cost_comparison,HPA,10029,1000.0,1000,887,266,4.309933333333104,26.6,113.34160090191658,95.13863924330377,15.803472222222222,22635.0,0.0,0.0037342657342657342
cost_comparison,AMRP,10000,2000.0,2000,1781,1042,7.424879999998729,52.1,79.95451993262212,75.78710143057208,20.064583333333335,28347.0,8.0,0.02952147852147852
cost_comparison,AMRP,10001,2000.0,2000,1855,1153,7.871959999998543,57.65,82.13746630727763,67.70422710679539,20.6625,29125.0,5.0,0.012928490028490029
cost_comparison,AMRP,10002,2000.0,2000,1926,747,8.46507999999711,37.35,100.30166147455867,71.4317950260867,23.054166666666667,32735.0,0.0,0.019865786901270773
cost_comparison,AMRP,10003,2000.0,2000,1891,1383,7.970559999998689,69.15,70.9709148598625,73.11411947956752,20.000694444444445,28110.0,0.0,0.014404776119402985
cost_comparison,AMRP,10004,2000.0,2000,1795,791,7.791653333330888,39.55,94.54261838440111,79.65606453287906,21.492361111111112,30495.0,8.0,0.020545809523809525
cost_comparison,AMRP,10005,2000.0,2000,1911,943,8.599053333331238,47.15,91.15698587127159,69.67323259058597,22.869444444444444,32416.0,4.0,0.015221700879765395
cost_comparison,AMRP,10006,2000.0,2000,1887,1299,7.828293333332021,64.95,72.95389507154214,68.92969332640284,19.925694444444446,27967.0,1.0,0.018237756097560974
cost_comparison,AMRP,10007,2000.0,2000,1846,725,8.191906666663906,36.25,94.31906825568798,71.4466303045426,22.494444444444444,32006.0,0.0,0.020741666666666665
cost_comparison,AMRP,10008,2000.0,2000,1858,963,7.779586666664342,48.15,90.39881593110871,70.3606413187655,21.09722222222222,29851.0,1.0,0.013585727878211228
cost_comparison,AMRP,10009,2000.0,2000,1876,935,8.100386666663768,46.75,84.50852878464819,72.02371261171044,21.813194444444445,30974.0,0.0,0.016652135054617677
cost_comparison,AMRP,10010,2000.0,2000,1904,1003,8.303706666664011,50.15,90.6875,70.7356074347828,21.9375,31004.0,0.0,0.01422245885769603
cost_comparison,AMRP,10011,2000.0,2000,1841,1264,7.43597333333276,63.2,66.82237914177078,76.38622067000877,19.209722222222222,27082.0,8.0,0.01698843813387424
cost_comparison,AMRP,10012,2000.0,2000,1929,1206,8.399386666664276,60.3,82.25246241575947,82.85619895869122,21.5,30298.0,0.0,0.01329253438113949
cost_comparison,AMRP,10013,2000.0,2000,1866,1067,7.913313333331009,53.35,84.2502679528403,75.55488759500545,20.872916666666665,29524.0,1.0,0.01303426294820717
cost_comparison,AMRP,10014,2000.0,2000,1871,1218,7.619426666665291,60.9,76.97648316408338,63.319882508812924,19.995833333333334,28179.0,1.0,0.029377356656948492
cost_comparison,AMRP,10015,2000.0,2000,1918,762,8.66094666666348,38.1,89.56152241918666,68.08829398319571,23.98472222222222,34195.0,0.0,0.020141059602649006
cost_comparison,AMRP,10016,2000.0,2000,1879,1044,8.195893333331082,52.2,91.23310271420969,67.93177097976618,21.5875,30522.0,0.0,0.015731723484848484
cost_comparison,AMRP,10017,2000.0,2000,1881,955,8.248413333330875,47.75,93.77884104199893,67.11374558731346,22.069444444444443,31254.0,0.0,0.014109689557855127
cost_comparison,AMRP,10018,2000.0,2000,1841,1181,7.71265999999863,59.05,78.94948397609994,65.93149569071096,20.07777777777778,28248.0,7.0,0.020366602316602315
cost_comparison,AMRP,10019,2000.0,2000,1932,1107,8.084439999997368,55.35,80.27587991718427,75.50126231777833,21.275,30049.0,0.0,0.018497195357833656
cost_comparison,AMRP,10020,2000.0,2000,1869,1255,7.604913333332154,62.75,70.99946495452113,73.01414762438255,19.78263888888889,27865.0,0.0,0.02359165839126117
cost_comparison,AMRP,10021,2000.0,2000,1871,1090,7.734986666665378,54.5,80.38695884553715,70.68688359793151,20.464583333333334,28876.0,4.0,0.03289549098196393
cost_comparison,AMRP,10022,2000.0,2000,1891,1234,8.026493333331873,61.7,78.9439450026441,75.06894146813906,20.646527777777777,29038.0,3.0,0.023601273261508328
cost_comparison,AMRP,10023,2000.0,2000,1848,1113,7.69051999999802,55.65,81.7478354978355,61.69293238342679,20.430555555555557,28842.0,6.0,0.019351734104046243
cost_comparison,AMRP,10024,2000.0,2000,1884,1140,8.036426666664834,57.0,82.45488322717623,75.07719045679703,20.903472222222224,29488.0,0.0,0.02640615976900866
cost_comparison,AMRP,10025,2000.0,2000,1896,1224,7.918386666664931,61.2,79.0574894514768,79.9812819279614,20.352083333333333,28673.0,0.0,0.031187535953978905
cost_comparison,AMRP,10026,2000.0,2000,1900,1136,8.299026666664583,56.8,84.41947368421053,70.85732817739782,21.397916666666667,30201.0,0.0,0.022577259752616555
cost_comparison,AMRP,10027,2000.0,2000,1889,1100,8.268866666664481,55.0,90.3446267866596,70.16174658583438,21.552777777777777,30385.0,0.0,0.02810386521308226
cost_comparison,AMRP,10028,2000.0,2000,1857,1059,7.651173333331295,52.95,86.14270328486806,69.12478580258993,20.508333333333333,28931.0,6.0,0.03240562560620757
cost_comparison,AMRP,10029,2000.0,2000,1847,1106,7.91669333333141,55.3,85.16946399566865,67.33180272737351,20.896527777777777,29452.0,1.0,0.03602613953488372
cost_comparison,BADP,10000,2000.0,2000,1948,1948,5.64623999999964,97.4,2.1642710472279263,79.68379446640316,2.45625,0.0,3525.0,0.0034316683316683314
cost_comparison,BADP,10001,2000.0,2000,1983,1983,5.893333333332946,99.15,2.2143217347453352,79.69271290605795,2.563888888888889,1.0,3679.0,0.003733713200379867
cost_comparison,BADP,10002,2000.0,2000,2000,2000,5.756426666666294,100.0,2.154,79.70162351908732,2.504861111111111,2.0,3593.0,0.0034408602150537634
cost_comparison,BADP,10003,2000.0,2000,1999,1999,5.950239999999606,99.95,2.19959979989995,79.68379446640316,2.5881944444444445,0.0,3715.0,0.003591442786069652
cost_comparison,BADP,10004,2000.0,2000,1953,1953,5.670239999999637,97.65,2.087557603686636,79.68379446640316,2.466666666666667,0.0,3540.0,0.003697238095238095
cost_comparison,BADP,10005,2000.0,2000,2000,2000,5.926239999999609,100.0,2.2285,79.68379446640316,2.577777777777778,0.0,3700.0,0.0032330400782013685
cost_comparison,BADP,10006,2000.0,2000,1999,1999,5.782239999999625,99.95,2.129064532266133,79.68379446640316,2.515277777777778,0.0,3610.0,0.003978926829268293
cost_comparison,BADP,10007,2000.0,2000,1992,1992,5.867039999999616,99.6,2.1967871485943773,79.68379446640316,2.5520833333333335,0.0,3663.0,0.003485823754789272
cost_comparison,BADP,10008,2000.0,2000,1996,1996,5.673439999999637,99.8,2.0986973947895793,79.68379446640316,2.4680555555555554,0.0,3542.0,0.004084586108468126
cost_comparison,BADP,10009,2000.0,2000,1995,1995,5.79482666666629,99.75,2.2175438596491226,79.70162351908732,2.5215277777777776,2.0,3617.0,0.004020953326713009
cost_comparison,BADP,10010,2000.0,2000,1999,1999,5.809013333332955,99.95,2.1715857928964484,79.71942130644454,2.5284722222222222,4.0,3625.0,0.0031777347531461763
cost_comparison,BADP,10011,2000.0,2000,1971,1971,5.724639999999631,98.55,2.191273465246068,79.68379446640316,2.4902777777777776,0.0,3574.0,0.005434685598377282
cost_comparison,BADP,10012,2000.0,2000,2000,2000,5.931039999999608,100.0,2.241,79.68379446640316,2.579861111111111,0.0,3703.0,0.003773575638506876
cost_comparison,BADP,10013,2000.0,2000,1998,1998,5.727839999999631,99.9,2.2712712712712713,79.68379446640316,2.4916666666666667,0.0,3576.0,0.0050180278884462155
cost_comparison,BADP,10014,2000.0,2000,1993,1993,5.700639999999634,99.65,2.0968389362769693,79.68379446640316,2.479861111111111,0.0,3559.0,0.009058697764820215
cost_comparison,BADP,10015,2000.0,2000,2000,2000,5.79642666666629,100.0,2.176,79.70162351908732,2.5229166666666667,3.0,3618.0,0.004670766319772942
cost_comparison,BADP,10016,2000.0,2000,1999,1999,5.916639999999609,99.95,2.170585292646323,79.68379446640316,2.573611111111111,0.0,3694.0,0.0036826704545454545
cost_comparison,BADP,10017,2000.0,2000,1999,1999,5.879839999999614,99.95,2.1220610305152574,79.68379446640316,2.557638888888889,0.0,3671.0,0.006866415804327375
cost_comparison,BADP,10018,2000.0,2000,1974,1974,5.828426666666286,98.7,2.1337386018237083,79.70162351908732,2.536111111111111,2.0,3638.0,0.004858976833976834
cost_comparison,BADP,10019,2000.0,2000,1999,1999,5.67733333333297,99.95,2.1060530265132567,79.69271290605795,2.470138888888889,1.0,3544.0,0.004746034816247582
cost_comparison,BADP,10020,2000.0,2000,1993,1993,5.795039999999624,99.65,2.193176116407426,79.68379446640316,2.5208333333333335,0.0,3618.0,0.004373882820258192
cost_comparison,BADP,10021,2000.0,2000,1993,1993,5.691039999999634,99.65,2.2167586552935274,79.68379446640316,2.4756944444444446,0.0,3553.0,0.008426653306613227
cost_comparison,BADP,10022,2000.0,2000,1993,1993,5.87962666666628,99.65,2.227295534370296,79.70162351908732,2.558333333333333,2.0,3670.0,0.11618863858961803
cost_comparison,BADP,10023,2000.0,2000,1987,1987,5.673439999999637,99.35,2.0679416205334675,79.68379446640316,2.4680555555555554,0.0,3542.0,0.008602119460500964
cost_comparison,BADP,10024,2000.0,2000,1999,1999,5.835039999999619,99.95,2.1755877938969483,79.68379446640316,2.5381944444444446,0.0,3643.0,0.007862078922040423
cost_comparison,BADP,10025,2000.0,2000,1999,1999,5.772639999999626,99.95,2.192096048024012,79.68379446640316,2.511111111111111,0.0,3604.0,0.007816874400767018
cost_comparison,BADP,10026,2000.0,2000,2000,2000,5.961439999999605,100.0,2.1825,79.68379446640316,2.5930555555555554,0.0,3722.0,0.0057537583254043765
cost_comparison,BADP,10027,2000.0,2000,1999,1999,5.891519999999613,99.95,2.3891945972986495,79.71052631578948,2.563888888888889,2.0,3677.0,0.013081070366699704
cost_comparison,BADP,10028,2000.0,2000,1986,1986,5.616533333332976,99.3,2.0649546827794563,79.69271290605795,2.44375,1.0,3506.0,0.010453734238603296
cost_comparison,BADP,10029,2000.0,2000,1983,1983,5.872319999999615,99.15,2.1422087745839637,79.71052631578948,2.5555555555555554,3.0,3665.0,0.008735534883720931
cost_comparison,BADP_PLUS,10000,2000.0,2000,1948,1948,5.64623999999964,97.4,2.1642710472279263,79.68379446640316,2.45625,0.0,3525.0,0.02261868131868132
cost_comparison,BADP_PLUS,10001,2000.0,2000,1983,1983,5.892639999999613,99.15,2.2138174483106403,79.68379446640316,2.5631944444444446,0.0,3679.0,0.028778632478632476
cost_comparison,BADP_PLUS,10002,2000.0,2000,2000,2000,5.756639999999628,100.0,2.153,79.68379446640316,2.504166666666667,0.0,3594.0,0.022557086999022483
cost_comparison,BADP_PLUS,10003,2000.0,2000,1999,1999,5.950239999999606,99.95,2.19959979989995,79.68379446640316,2.5881944444444445,0.0,3715.0,0.02465900497512438
cost_comparison,BADP_PLUS,10004,2000.0,2000,1953,1953,5.670239999999637,97.65,2.087557603686636,79.68379446640316,2.466666666666667,0.0,3540.0,0.02244714285714286
cost_comparison,BADP_PLUS,10005,2000.0,2000,2000,2000,5.926239999999609,100.0,2.2285,79.68379446640316,2.577777777777778,0.0,3700.0,0.02493128054740958
cost_comparison,BADP_PLUS,10006,2000.0,2000,1999,1999,5.782239999999625,99.95,2.129064532266133,79.68379446640316,2.515277777777778,0.0,3610.0,0.0299670243902439
cost_comparison,BADP_PLUS,10007,2000.0,2000,1992,1992,5.867039999999616,99.6,2.1967871485943773,79.68379446640316,2.5520833333333335,0.0,3663.0,0.028927394636015326
cost_comparison,BADP_PLUS,10008,2000.0,2000,1996,1996,5.673439999999637,99.8,2.0986973947895793,79.68379446640316,2.4680555555555554,0.0,3542.0,0.026608658420551854
cost_comparison,BADP_PLUS,10009,2000.0,2000,1995,1995,5.793439999999624,99.75,2.216541353383459,79.68379446640316,2.520138888888889,0.0,3617.0,0.025318669314796424
cost_comparison,BADP_PLUS,10010,2000.0,2000,1999,1999,5.809439999999622,99.95,2.1710855427713858,79.68379446640316,2.527083333333333,0.0,3627.0,0.0239648596321394
cost_comparison,BADP_PLUS,10011,2000.0,2000,1971,1971,5.724639999999631,98.55,2.191273465246068,79.68379446640316,2.4902777777777776,0.0,3574.0,0.025739553752535498
cost_comparison,BADP_PLUS,10012,2000.0,2000,2000,2000,5.931039999999608,100.0,2.241,79.68379446640316,2.579861111111111,0.0,3703.0,0.02404597249508841
cost_comparison,BADP_PLUS,10013,2000.0,2000,1998,1998,5.727839999999631,99.9,2.2712712712712713,79.68379446640316,2.4916666666666667,0.0,3576.0,0.03716374501992031
cost_comparison,BADP_PLUS,10014,2000.0,2000,1993,1993,5.700639999999634,99.65,2.0968389362769693,79.68379446640316,2.479861111111111,0.0,3559.0,0.033480758017492715
cost_comparison,BADP_PLUS,10015,2000.0,2000,2000,2000,5.798239999999623,100.0,2.1735,79.68379446640316,2.522222222222222,0.0,3620.0,0.0345554399243141
cost_comparison,BADP_PLUS,10016,2000.0,2000,1999,1999,5.916639999999609,99.95,2.170585292646323,79.68379446640316,2.573611111111111,0.0,3694.0,0.035712878787878787
cost_comparison,BADP_PLUS,10017,2000.0,2000,1999,1999,5.879839999999614,99.95,2.1220610305152574,79.68379446640316,2.557638888888889,0.0,3671.0,0.029905926622765755
cost_comparison,BADP_PLUS,10018,2000.0,2000,1974,1974,5.82863999999962,98.7,2.132725430597771,79.68379446640316,2.535416666666667,0.0,3639.0,0.026012258687258687
cost_comparison,BADP_PLUS,10019,2000.0,2000,1999,1999,5.6782399999996365,99.95,2.105552776388194,79.68379446640316,2.470138888888889,0.0,3545.0,0.029285106382978723
cost_comparison,BADP_PLUS,10020,2000.0,2000,1993,1993,5.795039999999624,99.65,2.193176116407426,79.68379446640316,2.5208333333333335,0.0,3618.0,0.04317874875868918
cost_comparison,BADP_PLUS,10021,2000.0,2000,1993,1993,5.691039999999634,99.65,2.2167586552935274,79.68379446640316,2.4756944444444446,0.0,3553.0,0.04554248496993988
cost_comparison,BADP_PLUS,10022,2000.0,2000,1993,1993,5.879839999999614,99.65,2.2262920220772706,79.68379446640316,2.557638888888889,0.0,3671.0,0.056550832517140055
cost_comparison,BADP_PLUS,10023,2000.0,2000,1987,1987,5.673439999999637,99.35,2.0679416205334675,79.68379446640316,2.4680555555555554,0.0,3542.0,0.04984961464354527
cost_comparison,BADP_PLUS,10024,2000.0,2000,1999,1999,5.835039999999619,99.95,2.1755877938969483,79.68379446640316,2.5381944444444446,0.0,3643.0,0.050384696823869105
cost_comparison,BADP_PLUS,10025,2000.0,2000,1999,1999,5.772639999999626,99.95,2.192096048024012,79.68379446640316,2.511111111111111,0.0,3604.0,0.04496059443911793
cost_comparison,BADP_PLUS,10026,2000.0,2000,2000,2000,5.961439999999605,100.0,2.1825,79.68379446640316,2.5930555555555554,0.0,3722.0,0.045705518553758324
cost_comparison,BADP_PLUS,10027,2000.0,2000,1999,1999,5.894239999999613,99.95,2.3901950975487742,79.68379446640316,2.563888888888889,0.0,3680.0,0.049377106045589696
cost_comparison,BADP_PLUS,10028,2000.0,2000,1986,1986,5.6158399999996425,99.3,2.0644511581067473,79.68379446640316,2.4430555555555555,0.0,3506.0,0.07686362754607177
cost_comparison,BADP_PLUS,10029,2000.0,2000,1983,1983,5.871839999999615,99.15,2.140695915279879,79.68379446640316,2.5541666666666667,0.0,3666.0,0.04843767441860465
cost_comparison,CDASCALER,10000,2000.0,2000,1801,1118,7.186173333332553,55.9,74.8411993337035,99.88979587101863,18.968055555555555,26836.0,133.0,0.006317482517482518
cost_comparison,CDASCALER,10001,2000.0,2000,1873,1207,7.876986666665482,60.35,80.31393486385478,44.79646942144649,20.489583333333332,28832.0,5.0,0.027067616334283
cost_comparison,CDASCALER,10002,2000.0,2000,1899,1216,7.892559999998436,60.8,82.53817798841496,99.91759147346446,20.529166666666665,28978.0,0.0,0.015929618768328446
cost_comparison,CDASCALER,10003,2000.0,2000,1891,1019,7.89285333333202,50.95,78.72607086197779,99.91569876358187,19.81111111111111,28057.0,133.0,0.005893134328358209
cost_comparison,CDASCALER,10004,2000.0,2000,1837,1145,7.542426666665323,57.25,81.8056614044638,99.9140335460207,19.93888888888889,28160.0,26.0,0.007186952380952381
cost_comparison,CDASCALER,10005,2000.0,2000,1896,1285,8.142666666665301,64.25,74.75580168776371,66.14834138702086,20.708333333333332,29098.0,4.0,0.012169403714565005
cost_comparison,CDASCALER,10006,2000.0,2000,1890,1318,7.727239999998767,65.9,73.35132275132275,99.91611207426878,19.770138888888887,27987.0,1.0,0.005084195121951219
cost_comparison,CDASCALER,10007,2000.0,2000,1869,1219,7.853559999998662,60.95,80.16104868913858,74.27413183110714,20.37847222222222,28670.0,0.0,0.010074233716475096
cost_comparison,CDASCALER,10008,2000.0,2000,1887,1187,7.647506666665259,59.35,80.80392156862744,90.91661125234252,20.127083333333335,28346.0,1.0,0.007489058039961942
cost_comparison,CDASCALER,10009,2000.0,2000,1892,912,7.733933333331522,45.6,86.053911205074,99.91395299921602,19.94375,28255.0,151.0,0.005562363455809335
cost_comparison,CDASCALER,10010,2000.0,2000,1898,1266,8.022213333331546,63.3,79.54109589041096,58.086544750952754,20.65625,29027.0,0.0,0.01343484995159729
cost_comparison,CDASCALER,10011,2000.0,2000,1831,893,7.259839999999334,44.65,77.30693610049154,99.9051593323217,18.650694444444444,26289.0,380.0,0.006860344827586207
cost_comparison,CDASCALER,10012,2000.0,2000,1913,1269,8.132799999998138,63.45,80.39832723470988,99.91963137591084,20.739583333333332,29464.0,0.0,0.009230550098231826
cost_comparison,CDASCALER,10013,2000.0,2000,1885,949,7.652979999998542,47.45,81.40689655172413,99.91087608805442,19.38888888888889,27296.0,296.0,0.005956673306772908
cost_comparison,CDASCALER,10014,2000.0,2000,1880,1304,7.492626666665581,65.2,72.14148936170213,99.91391019877179,19.491666666666667,27607.0,3.0,0.005820213799805636
cost_comparison,CDASCALER,10015,2000.0,2000,1897,1215,7.9372799999982595,60.75,81.06009488666315,54.69026004112009,20.594444444444445,28985.0,0.0,0.02143027436140019
cost_comparison,CDASCALER,10016,2000.0,2000,1891,1267,7.87297333333204,63.35,79.26335272342676,99.91742058613033,20.194444444444443,28609.0,0.0,0.0055460227272727276
cost_comparison,CDASCALER,10017,2000.0,2000,1898,1277,7.861879999998673,63.85,77.78398314014753,99.91732348564184,20.15138888888889,28463.0,0.0,0.005228692380056444
cost_comparison,CDASCALER,10018,2000.0,2000,1851,1228,7.648646666665465,61.4,78.43922204213938,99.91526460979352,19.880555555555556,28122.0,10.0,0.005700675675675676
cost_comparison,CDASCALER,10019,2000.0,2000,1904,1080,7.716733333331731,54.0,80.10241596638656,99.91555163548333,19.935416666666665,28295.0,33.0,0.00560541586073501
cost_comparison,CDASCALER,10020,2000.0,2000,1878,1044,7.455459999999197,52.2,73.20234291799787,99.91240620164092,19.150694444444444,27226.0,77.0,0.0057885799404170804
cost_comparison,CDASCALER,10021,2000.0,2000,1888,965,7.524466666665892,48.25,79.15254237288136,99.90647676997483,19.343055555555555,27410.0,97.0,0.009090881763527053
cost_comparison,CDASCALER,10022,2000.0,2000,1893,1231,7.951439999998551,61.55,80.34970945589012,99.91805965257292,20.586805555555557,29186.0,3.0,0.019219098922624876
cost_comparison,CDASCALER,10023,2000.0,2000,1872,1279,7.541279999998736,63.95,74.27724358974359,99.91432488005483,19.62152777777778,27712.0,6.0,0.009055587668593448
cost_comparison,CDASCALER,10024,2000.0,2000,1897,1236,7.832453333332097,61.8,79.40063257775435,99.91705069124424,20.23472222222222,28795.0,1.0,0.012074975938402309
cost_comparison,CDASCALER,10025,2000.0,2000,1896,1231,7.773906666665245,61.55,78.68881856540085,99.89879656689547,19.94375,28291.0,2.0,0.010551965484180248
cost_comparison,CDASCALER,10026,2000.0,2000,1896,1269,8.033826666665139,63.45,78.6824894514768,99.91880334169358,20.475,29008.0,0.0,0.007770789724072312
cost_comparison,CDASCALER,10027,2000.0,2000,1894,1225,8.065146666664878,61.25,84.22914466737065,99.91902688307482,20.763194444444444,29388.0,3.0,0.027982656095143707
cost_comparison,CDASCALER,10028,2000.0,2000,1868,1159,7.592239999998327,57.95,81.57173447537473,81.40938519678177,20.10763888888889,28296.0,6.0,0.01399340446168768
cost_comparison,CDASCALER,10029,2000.0,2000,1869,1262,7.7524133333321155,63.1,78.5382557517389,99.91632421577195,19.97222222222222,28171.0,2.0,0.007705674418604651
cost_comparison,CEDULE,10000,2000.0,2000,1947,1947,5.073386666666369,97.35,15.300975860297894,17.76211453744493,2.202777777777778,1.0,3170.0,0.002831068931068931
cost_comparison,CEDULE,10001,2000.0,2000,1983,1983,5.27519999999968,99.15,16.066061522945034,0.0,2.2895833333333333,0.0,3297.0,0.002792687559354226
cost_comparison,CEDULE,10002,2000.0,2000,2000,2000,5.147199999999694,100.0,16.3755,0.0,2.234027777777778,0.0,3217.0,0.0027173020527859236
cost_comparison,CEDULE,10003,2000.0,2000,1999,1999,5.37119999999967,99.95,17.32366183091546,0.0,2.33125,0.0,3357.0,0.0028050746268656716
cost_comparison,CEDULE,10004,2000.0,2000,1953,1953,5.074293333333036,97.65,15.199692780337942,8.88497135301895,2.202777777777778,0.0,3171.0,0.006615714285714286
cost_comparison,CEDULE,10005,2000.0,2000,2000,2000,5.355199999999671,100.0,17.354,0.0,2.3243055555555556,0.0,3347.0,0.0027017595307917888
cost_comparison,CEDULE,10006,2000.0,2000,1999,1999,5.214399999999687,99.95,16.14457228614307,0.0,2.2631944444444443,0.0,3259.0,0.0038585365853658535
cost_comparison,CEDULE,10007,2000.0,2000,1992,1992,5.287999999999679,99.6,16.31074297188755,0.0,2.295138888888889,0.0,3305.0,0.00304272030651341
cost_comparison,CEDULE,10008,2000.0,2000,1996,1996,5.078399999999702,99.8,15.780060120240481,0.0,2.2041666666666666,0.0,3174.0,0.0025527117031398667
cost_comparison,CEDULE,10009,2000.0,2000,1995,1995,5.2447999999996835,99.75,17.029573934837092,0.0,2.276388888888889,0.0,3278.0,0.0028183714001986096
cost_comparison,CEDULE,10010,2000.0,2000,1999,1999,5.2447999999996835,99.95,16.82041020510255,0.0,2.276388888888889,0.0,3278.0,0.002416553727008713
cost_comparison,CEDULE,10011,2000.0,2000,1971,1971,5.141493333333028,98.55,16.038051750380518,8.88497135301895,2.2319444444444443,0.0,3213.0,0.005401217038539553
cost_comparison,CEDULE,10012,2000.0,2000,2000,2000,5.351999999999672,100.0,17.036,0.0,2.3229166666666665,0.0,3345.0,0.003037229862475442
cost_comparison,CEDULE,10013,2000.0,2000,1998,1998,5.236799999999684,99.9,16.54804804804805,0.0,2.2729166666666667,0.0,3273.0,0.002886653386454183
cost_comparison,CEDULE,10014,2000.0,2000,1993,1993,5.0991999999996995,99.65,15.851981936778726,0.0,2.2131944444444445,0.0,3187.0,0.005900680272108843
cost_comparison,CEDULE,10015,2000.0,2000,2000,2000,5.246399999999683,100.0,16.436,0.0,2.277083333333333,0.0,3279.0,0.004970198675496688
cost_comparison,CEDULE,10016,2000.0,2000,1999,1999,5.305599999999677,99.95,17.030015007503753,0.0,2.3027777777777776,0.0,3316.0,0.002981060606060606
cost_comparison,CEDULE,10017,2000.0,2000,1999,1999,5.283199999999679,99.95,16.828914457228613,0.0,2.2930555555555556,0.0,3302.0,0.005053527751646285
cost_comparison,CEDULE,10018,2000.0,2000,1974,1974,5.247999999999683,98.7,16.324214792299898,0.0,2.2777777777777777,0.0,3280.0,0.003652123552123552
cost_comparison,CEDULE,10019,2000.0,2000,1999,1999,5.047999999999705,99.95,16.021010505252626,0.0,2.1909722222222223,0.0,3155.0,0.00316073500967118
cost_comparison,CEDULE,10020,2000.0,2000,1993,1993,5.2175999999996865,99.65,16.581033617661816,0.0,2.2645833333333334,0.0,3261.0,0.002809334657398213
cost_comparison,CEDULE,10021,2000.0,2000,1993,1993,5.166399999999692,99.65,16.460110386352234,0.0,2.2423611111111112,0.0,3229.0,0.008186272545090181
cost_comparison,CEDULE,10022,2000.0,2000,1993,1993,5.329599999999674,99.65,16.65679879578525,0.0,2.3131944444444446,0.0,3331.0,0.010992948090107738
cost_comparison,CEDULE,10023,2000.0,2000,1987,1987,5.065599999999703,99.35,15.319577252138902,0.0,2.198611111111111,0.0,3166.0,0.03724595375722543
cost_comparison,CEDULE,10024,2000.0,2000,1999,1999,5.27999999999968,99.95,16.96648324162081,0.0,2.2916666666666665,0.0,3300.0,0.0055172281039461025
cost_comparison,CEDULE,10025,2000.0,2000,1999,1999,5.166399999999692,99.95,16.33066533266633,0.0,2.2423611111111112,0.0,3229.0,0.004355417066155321
cost_comparison,CEDULE,10026,2000.0,2000,2000,2000,5.36959999999967,100.0,16.766,0.0,2.3305555555555557,0.0,3356.0,0.007099429115128449
cost_comparison,CEDULE,10027,2000.0,2000,1999,1999,5.3263999999996745,99.95,17.069534767383693,0.0,2.3118055555555554,0.0,3329.0,0.0070485629335976215
cost_comparison,CEDULE,10028,2000.0,2000,1986,1986,5.012799999999709,99.3,15.099697885196374,0.0,2.1756944444444444,0.0,3133.0,0.005318816682832202
cost_comparison,CEDULE,10029,2000.0,2000,1983,1983,5.267199999999681,99.15,15.818456883509834,0.0,2.286111111111111,0.0,3292.0,0.005179255813953489
cost_comparison,CEMA,10000,2000.0,2000,1796,754,7.040019999999274,37.7,83.77839643652561,99.8939582195385,18.539583333333333,26517.0,143.0,0.00523886113886114
cost_comparison,CEMA,10001,2000.0,2000,1856,870,7.597473333332185,43.5,90.35183189655173,99.91480580456451,20.02986111111111,28794.0,9.0,0.004600094966761633
cost_comparison,CEMA,10002,2000.0,2000,1893,1006,7.669566666665134,50.3,90.80507131537243,99.91560310955654,20.146527777777777,28981.0,0.0,0.005035777126099707
cost_comparison,CEMA,10003,2000.0,2000,1879,751,7.692919999998696,37.55,86.37147418839808,99.9136690647482,19.352083333333333,27700.0,144.0,0.005654228855721393
cost_comparison,CEMA,10004,2000.0,2000,1821,934,7.307006666665359,46.7,90.0236133992312,99.90522592013058,19.509722222222223,28008.0,36.0,0.005943428571428571
cost_comparison,CEMA,10005,2000.0,2000,1895,746,7.898419999998688,37.3,89.34617414248021,99.91713851677945,20.25625,29103.0,36.0,0.004673509286412512
cost_comparison,CEMA,10006,2000.0,2000,1881,1081,7.523473333332128,54.05,82.05741626794259,99.91417209448699,19.28472222222222,27726.0,5.0,0.004942536585365853
cost_comparison,CEMA,10007,2000.0,2000,1867,887,7.593539999998698,44.35,88.78093197643278,99.91461991632752,19.894444444444446,28602.0,19.0,0.004810632183908046
cost_comparison,CEMA,10008,2000.0,2000,1875,730,7.402426666665299,36.5,91.64,99.91273319629214,19.67152777777778,28274.0,23.0,0.004646812559467174
cost_comparison,CEMA,10009,2000.0,2000,1883,743,7.556986666664877,37.15,90.98513011152416,99.9121608432559,19.556944444444444,27945.0,156.0,0.005165839126117179
cost_comparison,CEMA,10010,2000.0,2000,1894,955,7.758486666664948,47.75,90.24234424498417,99.91640737472716,20.21736111111111,29078.0,0.0,0.004470377541142304
cost_comparison,CEMA,10011,2000.0,2000,1831,726,7.060959999999381,36.3,85.53522665210268,99.89662970651273,18.186805555555555,25823.0,348.0,0.008748580121703852
cost_comparison,CEMA,10012,2000.0,2000,1908,830,7.982806666664859,41.5,91.81498951781971,99.91812301562031,20.385416666666668,29297.0,18.0,0.00910402750491159
cost_comparison,CEMA,10013,2000.0,2000,1879,765,7.383919999998577,38.25,88.02182011708355,99.908480780964,18.883333333333333,26895.0,271.0,0.0057847609561752986
cost_comparison,CEMA,10014,2000.0,2000,1872,988,7.304933333332265,49.4,82.5806623931624,99.91180275175415,19.0375,27370.0,21.0,0.00886025267249757
cost_comparison,CEMA,10015,2000.0,2000,1889,1022,7.685339999998312,51.1,89.23028057173107,99.91574690369872,20.179166666666667,29011.0,0.0,0.008678051087984863
cost_comparison,CEMA,10016,2000.0,2000,1884,992,7.683806666665411,49.6,88.15286624203821,99.91566005379015,19.81597222222222,28502.0,5.0,0.004523674242424242
cost_comparison,CEMA,10017,2000.0,2000,1889,1021,7.629699999998709,51.05,85.04711487559555,99.91523747633713,19.697916666666668,28339.0,0.0,0.006343744120413923
cost_comparison,CEMA,10018,2000.0,2000,1844,904,7.4234466666654875,45.2,86.87852494577007,99.91295348814717,19.413888888888888,27903.0,22.0,0.005771138996138996
cost_comparison,CEMA,10019,2000.0,2000,1903,807,7.576639999998425,40.35,87.00840777719391,99.91367403314918,19.550694444444446,28052.0,71.0,0.004423307543520309
cost_comparison,CEMA,10020,2000.0,2000,1878,636,7.330373333332557,31.8,82.19169329073482,99.91039069656298,18.7,26780.0,124.0,0.004707745779543198
cost_comparison,CEMA,10021,2000.0,2000,1883,725,7.3134466666659,36.25,86.7498672331386,99.90943213951476,18.738888888888887,26782.0,171.0,0.06260711422845691
cost_comparison,CEMA,10022,2000.0,2000,1886,907,7.781926666665249,45.35,88.72322375397667,99.91641669065817,20.250694444444445,29117.0,14.0,0.007722722820763957
cost_comparison,CEMA,10023,2000.0,2000,1860,967,7.305779999998772,48.35,83.40322580645162,99.91192272687238,19.10763888888889,27472.0,14.0,0.008164643545279383
cost_comparison,CEMA,10024,2000.0,2000,1890,885,7.684139999998779,44.25,88.43439153439154,99.9156046923791,19.88125,28572.0,9.0,0.007717998075072185
cost_comparison,CEMA,10025,2000.0,2000,1896,815,7.63496666666524,40.75,88.60864978902954,99.91403108253971,19.483333333333334,27950.0,84.0,0.00957267497603068
cost_comparison,CEMA,10026,2000.0,2000,1888,1083,7.8551133333318575,54.15,86.04819915254237,99.91723605197576,20.09375,28892.0,2.0,0.011028544243577545
cost_comparison,CEMA,10027,2000.0,2000,1892,811,7.8772599999982535,40.55,96.06923890063425,99.91707896846236,20.431944444444444,29366.0,27.0,0.0074095143706640245
cost_comparison,CEMA,10028,2000.0,2000,1857,942,7.3464466666650425,47.1,90.04738826063543,99.91241983982562,19.715972222222224,28342.0,8.0,0.008996023278370515
cost_comparison,CEMA,10029,2000.0,2000,1850,1057,7.470033333332136,52.85,85.38324324324324,99.91361852018927,19.422916666666666,27940.0,8.0,0.008301488372093022
cost_comparison,EDF,10000,2000.0,2000,1928,1874,6.062053333333114,93.7,4.41390041493776,94.10188019239177,5.406944444444444,4849.0,2294.0,0.018176823176823176
cost_comparison,EDF,10001,2000.0,2000,1980,1939,6.3086933333330535,96.95,4.254040404040404,96.2859396914446,5.372222222222222,4628.0,2454.0,0.006457359924026591
cost_comparison,EDF,10002,2000.0,2000,2000,1948,6.188866666666378,97.4,4.2605,95.43096307276453,5.402777777777778,4757.0,2366.0,0.009869990224828934
cost_comparison,EDF,10003,2000.0,2000,1997,1957,6.402586666666355,97.85,4.201301952929394,86.42063139172966,5.350694444444445,4520.0,2548.0,0.014074726368159204
cost_comparison,EDF,10004,2000.0,2000,1939,1901,6.023546666666408,95.05,4.178958225889634,94.28662944998626,5.186111111111111,4450.0,2380.0,0.007632285714285714
cost_comparison,EDF,10005,2000.0,2000,2000,1965,6.365779999999702,98.25,4.318,92.77401835183845,5.452083333333333,4720.0,2488.0,0.006857673509286412
cost_comparison,EDF,10006,2000.0,2000,1998,1960,6.222179999999769,98.0,4.2107107107107105,85.32510990092513,5.34375,4648.0,2395.0,0.006657560975609756
cost_comparison,EDF,10007,2000.0,2000,1987,1941,6.287239999999711,97.05,4.3004529441368895,88.86489551978363,5.434027777777778,4727.0,2429.0,0.010902011494252874
cost_comparison,EDF,10008,2000.0,2000,1992,1948,6.07957333333309,97.4,4.2203815261044175,85.02811495894322,5.304861111111111,4636.0,2355.0,0.007622359657469078
cost_comparison,EDF,10009,2000.0,2000,1992,1953,6.236453333333049,97.65,4.208333333333333,89.16394167034909,5.332638888888889,4598.0,2429.0,0.0123201588877855
cost_comparison,EDF,10010,2000.0,2000,1997,1961,6.277993333333072,98.05,4.211316975463195,89.25581089666353,5.356944444444444,4625.0,2434.0,0.007878993223620522
cost_comparison,EDF,10011,2000.0,2000,1958,1913,6.150219999999735,95.65,4.296731358529112,91.68452982810919,5.334027777777778,4640.0,2416.0,0.012896957403651117
cost_comparison,EDF,10012,2000.0,2000,1999,1962,6.383153333333012,98.1,4.27863931965983,90.95778684007495,5.427777777777778,4668.0,2515.0,0.007426424361493124
cost_comparison,EDF,10013,2000.0,2000,1995,1938,6.205333333333013,96.9,4.2481203007518795,91.66186012977649,5.336111111111111,4607.0,2457.0,0.00727808764940239
cost_comparison,EDF,10014,2000.0,2000,1993,1943,6.112273333333057,97.15,4.345208228800803,85.56750404647346,5.4534722222222225,4838.0,2360.0,0.012407385811467445
cost_comparison,EDF,10015,2000.0,2000,1999,1948,6.237033333333041,97.4,4.323661830915458,94.55223717794891,5.445138888888889,4785.0,2398.0,0.008827057710501419
cost_comparison,EDF,10016,2000.0,2000,1997,1947,6.358139999999678,97.35,4.369554331497246,89.22133579481769,5.5368055555555555,4833.0,2492.0,0.011644791666666668
cost_comparison,EDF,10017,2000.0,2000,1999,1956,6.261846666666386,97.8,4.199099549774887,85.48123034372001,5.319444444444445,4546.0,2468.0,0.008987676387582315
cost_comparison,EDF,10018,2000.0,2000,1962,1919,6.226126666666422,95.95,4.180428134556575,83.68929439846521,5.285416666666666,4505.0,2446.0,0.010868725868725868
cost_comparison,EDF,10019,2000.0,2000,1997,1955,6.0860466666664115,97.75,4.193289934902354,85.6824230693091,5.309027777777778,4669.0,2324.0,0.0070424564796905224
cost_comparison,EDF,10020,2000.0,2000,1989,1958,6.228673333333093,97.9,4.203117144293615,89.22607148349114,5.332638888888889,4604.0,2410.0,0.015011717974180735
cost_comparison,EDF,10021,2000.0,2000,1989,1935,6.162799999999742,96.75,4.304675716440422,90.87714616137355,5.357638888888889,4676.0,2399.0,0.01768997995991984
cost_comparison,EDF,10022,2000.0,2000,1988,1942,6.309566666666385,97.1,4.283702213279678,90.7776703612941,5.399305555555555,4611.0,2517.0,0.012775612144955926
cost_comparison,EDF,10023,2000.0,2000,1982,1935,6.092333333333055,96.75,4.231079717457114,81.9021278494,5.353472222222222,4693.0,2362.0,0.012677263969171484
cost_comparison,EDF,10024,2000.0,2000,1996,1955,6.302826666666372,97.75,4.340681362725451,85.76041302065103,5.482638888888889,4800.0,2446.0,0.01767795957651588
cost_comparison,EDF,10025,2000.0,2000,1999,1956,6.209773333333046,97.8,4.323161580790395,85.77099637126743,5.440972222222222,4796.0,2386.0,0.012265771812080538
cost_comparison,EDF,10026,2000.0,2000,1997,1948,6.408366666666333,97.4,4.320480721081623,87.49030009425896,5.48125,4722.0,2517.0,0.010993815413891533
cost_comparison,EDF,10027,2000.0,2000,1997,1950,6.381786666666341,97.5,4.545818728092138,98.94727818259751,5.695138888888889,5086.0,2444.0,0.019850545094152627
cost_comparison,EDF,10028,2000.0,2000,1980,1933,6.046646666666398,96.65,4.217171717171717,89.20520326634825,5.310416666666667,4691.0,2301.0,0.0767395732298739
cost_comparison,EDF,10029,2000.0,2000,1978,1936,6.274319999999723,96.8,4.226996966632963,83.81673306772907,5.355555555555555,4596.0,2457.0,0.012519255813953488
cost_comparison,HPA,10000,2000.0,2000,1804,1090,7.176506666665889,54.5,76.4229490022173,99.90208694679123,18.929166666666667,26787.0,134.0,0.010071328671328672
cost_comparison,HPA,10001,2000.0,2000,1868,1205,7.873346666665483,60.25,79.64882226980728,90.98885965438713,20.45,28796.0,5.0,0.006221747388414055
cost_comparison,HPA,10002,2000.0,2000,1901,1213,7.877826666665104,60.65,83.35402419779064,99.91746299590983,20.483333333333334,28937.0,0.0,0.008817790811339198
cost_comparison,HPA,10003,2000.0,2000,1891,1009,7.88565333333202,50.45,79.52617662612374,99.91560390097524,19.793055555555554,28047.0,135.0,0.004985771144278607
cost_comparison,HPA,10004,2000.0,2000,1836,1148,7.536613333331989,57.4,82.39106753812636,99.907721975729,19.927777777777777,28158.0,28.0,0.005613238095238096
cost_comparison,HPA,10005,2000.0,2000,1895,1289,8.139373333331966,64.45,74.92664907651715,99.88156618179104,20.676388888888887,29051.0,4.0,0.006485141739980449
cost_comparison,HPA,10006,2000.0,2000,1889,1312,7.728106666665438,65.6,72.88988883006881,99.91611989263346,19.76597222222222,27969.0,1.0,0.0046659512195121955
cost_comparison,HPA,10007,2000.0,2000,1869,1215,7.844893333332003,60.75,80.27661851257356,99.88338566894373,20.365972222222222,28682.0,0.0,0.009447509578544061
cost_comparison,HPA,10008,2000.0,2000,1885,1185,7.6294799999985905,59.25,81.22068965517241,99.89166071688636,20.102777777777778,28322.0,1.0,0.005596098953377735
cost_comparison,HPA,10009,2000.0,2000,1891,1189,7.74054666666489,59.45,80.24748810153358,99.89848294335349,20.086805555555557,28500.0,0.0,0.008620556107249254
cost_comparison,HPA,10010,2000.0,2000,1899,1259,8.016666666664886,62.95,80.52238020010532,97.24801039254152,20.62986111111111,28996.0,0.0,0.006701452081316553
cost_comparison,HPA,10011,2000.0,2000,1831,876,7.249119999999337,43.8,76.74385581649372,99.8984801021,18.65,26309.0,372.0,0.004936308316430021
cost_comparison,HPA,10012,2000.0,2000,1911,1267,8.118933333331476,63.35,81.85347985347985,99.9195163828874,20.688194444444445,29390.0,0.0,0.0062596267190569745
cost_comparison,HPA,10013,2000.0,2000,1890,956,7.656246666665212,47.8,82.05767195767196,99.9109906738006,19.3875,27287.0,291.0,0.005932171314741035
cost_comparison,HPA,10014,2000.0,2000,1880,1299,7.489506666665582,64.95,73.2090425531915,99.91388054274395,19.481944444444444,27596.0,3.0,0.009324392614188532
cost_comparison,HPA,10015,2000.0,2000,1893,1216,7.913533333331595,60.8,79.94558901215002,97.28029220161137,20.53611111111111,28923.0,0.0,0.007016650898770104
cost_comparison,HPA,10016,2000.0,2000,1891,1267,7.871066666665374,63.35,80.35219460602856,99.91740391321905,20.185416666666665,28598.0,0.0,0.006192045454545454
cost_comparison,HPA,10017,2000.0,2000,1900,1276,7.857026666665339,63.8,78.30421052631579,99.9172809323358,20.14375,28450.0,0.0,0.006276763875823142
cost_comparison,HPA,10018,2000.0,2000,1852,1222,7.654019999998804,61.1,78.14794816414687,99.90916489167451,19.884027777777778,28117.0,10.0,0.00646592664092664
cost_comparison,HPA,10019,2000.0,2000,1901,1049,7.707906666665068,52.45,79.95949500263019,99.91552944268203,19.928472222222222,28298.0,29.0,0.005414990328820116
cost_comparison,HPA,10020,2000.0,2000,1877,1049,7.44723333333253,52.45,72.96057538625466,99.91235672759497,19.139583333333334,27215.0,75.0,0.009990069513406157
cost_comparison,HPA,10021,2000.0,2000,1885,972,7.503173333332531,48.6,79.43819628647215,99.91144869927979,19.263194444444444,27254.0,167.0,0.014658617234468938
cost_comparison,HPA,10022,2000.0,2000,1891,1234,7.947453333331889,61.7,79.61131676361714,99.91802532106749,20.56736111111111,29170.0,3.0,0.009503036238981391
cost_comparison,HPA,10023,2000.0,2000,1871,1278,7.531613333332066,63.9,73.97701763762694,99.91421872319336,19.618055555555557,27723.0,7.0,0.010391425818882466
cost_comparison,HPA,10024,2000.0,2000,1898,1239,7.824959999998761,61.95,79.25026343519494,99.91699867197875,20.220833333333335,28776.0,0.0,0.012627526467757458
cost_comparison,HPA,10025,2000.0,2000,1897,973,7.780439999998565,48.65,82.2619926199262,99.91578238167425,19.877777777777776,28205.0,57.0,0.012475647171620327
cost_comparison,HPA,10026,2000.0,2000,1896,1264,8.041453333331804,63.2,79.33755274261604,99.91886775443973,20.47222222222222,29015.0,0.0,0.011128353948620362
cost_comparison,HPA,10027,2000.0,2000,1894,1225,8.053533333331552,61.25,85.32682154171067,99.91892914407192,20.727777777777778,29347.0,3.0,0.011086521308225966
cost_comparison,HPA,10028,2000.0,2000,1868,1154,7.592933333331653,57.7,82.1659528907923,99.89116393922309,20.10625,28295.0,6.0,0.012852376333656644
cost_comparison,HPA,10029,2000.0,2000,1869,1269,7.765066666665449,63.45,76.81059390048154,99.91643764391294,19.992361111111112,28187.0,2.0,0.01127953488372093
cost_comparison,AMRP,10000,5000.0,5000,4661,3881,17.287339999993534,77.62,42.139455052563825,88.46174443245889,31.28472222222222,43562.0,18.0,0.1269352220520674
cost_comparison,AMRP,10001,5000.0,5000,4828,4240,17.76413333332578,84.8,39.44159072079536,74.9565942809606,30.675,42514.0,6.0,0.08188430656934306
cost_comparison,AMRP,10002,5000.0,5000,4833,3658,17.972079999993134,73.16,52.96668735774881,80.18910685360262,33.66319444444444,47131.0,35.0,0.04849178181818181
cost_comparison,AMRP,10003,5000.0,5000,4881,4303,18.009333333326698,86.06,36.583077238270846,77.49156996137839,30.754166666666666,42749.0,0.0,0.0947804054054054
cost_comparison,AMRP,10004,5000.0,5000,4698,3995,17.144199999993123,79.9,42.416347381864625,90.49720506031186,30.727083333333333,42799.0,21.0,0.06788963997060984
cost_comparison,AMRP,10005,5000.0,5000,4854,4107,18.288559999991563,82.14,43.862793572311496,77.1890138476555,32.734027777777776,45489.0,4.0,0.07786873630387144
cost_comparison,AMRP,10006,5000.0,5000,4845,4033,18.088366666659336,80.66,43.45696594427245,76.07817834007463,32.55486111111111,45291.0,2.0,0.06361909696521095
cost_comparison,AMRP,10007,5000.0,5000,4805,3984,17.961266666659995,79.68,45.860145681581685,79.78605965470568,32.75347222222222,45781.0,3.0,0.10307518301610542
cost_comparison,AMRP,10008,5000.0,5000,4832,4098,17.7568266666609,81.96,42.06684602649007,76.19457495684985,31.772916666666667,44196.0,1.0,0.08919868517165815
cost_comparison,AMRP,10009,5000.0,5000,4834,4079,17.952653333327323,81.58,42.235829540753,77.2486927087255,31.972916666666666,44654.0,0.0,0.08105845808383233
cost_comparison,AMRP,10010,5000.0,5000,4863,4212,17.935839999992485,84.24,40.52477894303927,78.99974905049393,31.470833333333335,43733.0,0.0,0.07089173976608187
cost_comparison,AMRP,10011,5000.0,5000,4759,4104,17.644126666659492,82.08,39.2101281781887,83.12859849508166,30.89375,42951.0,11.0,0.0806667933130699
cost_comparison,AMRP,10012,5000.0,5000,4829,3975,18.463466666658082,79.5,47.2930213294678,81.23604605869444,33.49305555555556,46751.0,0.0,0.06207300521998509
cost_comparison,AMRP,10013,5000.0,5000,4831,4094,17.868666666660282,81.88,43.06002897950735,81.71329956561242,31.914583333333333,44804.0,2.0,0.08406139430284858
cost_comparison,AMRP,10014,5000.0,5000,4838,4074,17.630159999992973,81.48,40.72467961967755,76.99778957598362,31.635416666666668,44029.0,2.0,0.06692416356877323
cost_comparison,AMRP,10015,5000.0,5000,4878,4271,17.839119999993247,85.42,39.46289462894629,81.13303969940513,30.95,43052.0,0.0,0.21509632352941177
cost_comparison,AMRP,10016,5000.0,5000,4856,4141,17.873306666659616,82.82,41.73208401976936,79.77876957783262,31.60763888888889,44054.0,1.0,0.06934175182481751
cost_comparison,AMRP,10017,5000.0,5000,4823,3943,18.38649333332559,78.86,46.957495334853824,83.01438813621996,33.68194444444445,46914.0,4.0,0.0830243938280676
cost_comparison,AMRP,10018,5000.0,5000,4769,4089,17.607473333326613,81.78,40.97462780457119,79.67717671309758,31.25,43568.0,9.0,0.07803574561403509
cost_comparison,AMRP,10019,5000.0,5000,4834,4008,18.087846666660266,80.16,46.301613570541996,75.54979748205201,32.90833333333333,46215.0,2.0,0.0713341968911917
cost_comparison,AMRP,10020,5000.0,5000,4818,3945,18.006673333327402,78.9,44.89933582399336,87.8839018069432,33.0,45985.0,5.0,0.07158606741573034
cost_comparison,AMRP,10021,5000.0,5000,4818,3993,17.89797999999282,79.86,43.33125778331258,81.66962101225296,32.290277777777774,44984.0,9.0,0.08579676691729324
cost_comparison,AMRP,10022,5000.0,5000,4865,3591,17.653706666658973,71.82,44.995477903391574,78.9808767619038,30.261805555555554,42088.0,296.0,0.08319062730627307
cost_comparison,AMRP,10023,5000.0,5000,4803,4141,17.556759999993897,82.82,39.66458463460337,77.91158786030367,31.09722222222222,43159.0,13.0,0.06965309278350515
cost_comparison,AMRP,10024,5000.0,5000,4873,4216,18.048506666658835,84.32,40.149189411040425,78.35274070526754,31.586805555555557,43847.0,0.0,0.05715306273062731
cost_comparison,AMRP,10025,5000.0,5000,4842,4073,18.042266666659334,81.46,42.80545229244114,81.83114203171982,32.330555555555556,45087.0,0.0,0.09829322033898306
cost_comparison,AMRP,10026,5000.0,5000,4863,4222,17.970626666658916,84.44,39.62307217766811,74.89350177450024,31.405555555555555,43672.0,3.0,0.06305342163355408
cost_comparison,AMRP,10027,5000.0,5000,4863,3807,18.046639999992383,76.14,49.01583384741929,80.0556055965892,31.89375,44534.0,118.0,0.10184403261675315
cost_comparison,AMRP,10028,5000.0,5000,4805,3172,17.336519999993993,63.44,48.956295525494276,78.41494789438771,30.793055555555554,43048.0,240.0,0.06372294721407624
cost_comparison,AMRP,10029,5000.0,5000,4808,4139,17.843506666660026,82.78,40.404118136439266,78.9202726809224,31.461111111111112,43738.0,10.0,0.08326768336964416
cost_comparison,BADP,10000,5000.0,5000,4879,4879,12.982293333332136,97.58,3.8962902234064356,84.21052631578947,5.666666666666667,6.0,8081.0,0.01755658499234303
cost_comparison,BADP,10001,5000.0,5000,4967,4967,13.885599999998732,99.34,2.4952687739077914,79.73718791064388,6.034722222222222,4.0,8672.0,0.016676788321167885
cost_comparison,BADP,10002,5000.0,5000,4995,4995,13.328906666665462,99.9,2.914914914914915,82.793867120954,5.798611111111111,4.0,8318.0,0.01750312727272727
cost_comparison,BADP,10003,5000.0,5000,4999,4999,13.850933333332078,99.98,3.3516703340668133,82.95796346562982,6.035416666666666,3.0,8633.0,0.014088063063063063
cost_comparison,BADP,10004,5000.0,5000,4900,4900,13.11327999999882,98.0,3.303265306122449,87.40072977033697,5.7125,7.0,8175.0,0.01326590742101396
cost_comparison,BADP,10005,5000.0,5000,4999,4999,13.607039999998758,99.98,3.6473294658931787,88.5987815491732,5.929166666666666,5.0,8481.0,0.013487289992695398
cost_comparison,BADP,10006,5000.0,5000,4998,4998,13.647733333332095,99.96,2.832533013205282,82.76834062754989,5.935416666666667,4.0,8519.0,0.014410140636565507
cost_comparison,BADP,10007,5000.0,5000,4979,4979,13.467199999998762,99.58,3.5197830889736896,85.98321342925658,5.870833333333334,7.0,8391.0,0.04801054172767204
cost_comparison,BADP,10008,5000.0,5000,4985,4985,13.594773333332101,99.7,3.091073219658977,84.98906189679577,5.915972222222222,4.0,8482.0,0.01900328707085464
cost_comparison,BADP,10009,5000.0,5000,4987,4987,13.641759999998767,99.74,3.5283737718066974,82.93292190140328,5.9430555555555555,5.0,8504.0,0.021868413173652696
cost_comparison,BADP,10010,5000.0,5000,4999,4999,13.618293333332096,99.98,2.9095819163832766,84.97456044309912,5.925,7.0,8498.0,0.01193157894736842
cost_comparison,BADP,10011,5000.0,5000,4933,4933,13.527306666665446,98.66,3.498682343401581,87.43780429083515,5.896527777777778,13.0,8429.0,0.017661702127659575
cost_comparison,BADP,10012,5000.0,5000,4999,4999,13.554453333332107,99.98,3.5933186637327466,82.9391891891892,5.905555555555556,4.0,8449.0,0.015218642803877703
cost_comparison,BADP,10013,5000.0,5000,4994,4994,13.830986666665412,99.88,3.141770124148979,85.05157941949125,6.024305555555555,11.0,8624.0,0.020874587706146926
cost_comparison,BADP,10014,5000.0,5000,4988,4988,13.494079999998783,99.76,2.8943464314354452,85.93261131167267,5.877777777777778,4.0,8413.0,0.015606988847583643
cost_comparison,BADP,10015,5000.0,5000,4998,4998,13.906186666665397,99.96,2.4059623849539817,79.75492341356674,6.045138888888889,6.0,8684.0,0.015546470588235294
cost_comparison,BADP,10016,5000.0,5000,4996,4996,13.526826666665434,99.92,3.2794235388310646,84.102704179186,5.895138888888889,5.0,8430.0,0.015328175182481753
cost_comparison,BADP,10017,5000.0,5000,4999,4999,13.6355733333321,99.98,3.164632926585317,81.59294846343207,5.939583333333333,1.0,8501.0,0.013447097722263043
cost_comparison,BADP,10018,5000.0,5000,4940,4940,13.443733333332112,98.8,3.0558704453441297,82.86367660076719,5.852777777777778,3.0,8385.0,0.014047368421052631
cost_comparison,BADP,10019,5000.0,5000,4999,4999,13.734666666665419,99.98,2.823964792958592,82.8320153721085,5.977083333333334,4.0,8569.0,0.04233612139156181
cost_comparison,BADP,10020,5000.0,5000,4981,4981,13.470986666665434,99.62,3.351937361975507,85.9283779717123,5.867361111111111,3.0,8399.0,0.02153685393258427
cost_comparison,BADP,10021,5000.0,5000,4983,4983,13.530239999998747,99.66,3.5017057997190446,88.5987815491732,5.895833333333333,9.0,8433.0,0.019640375939849623
cost_comparison,BADP,10022,5000.0,5000,4988,4988,13.70058666666542,99.76,2.8315958299919806,82.81296241491566,5.961111111111111,11.0,8549.0,0.023465756457564574
cost_comparison,BADP,10023,5000.0,5000,4960,4960,13.395519999998793,99.2,3.2379032258064515,84.02634829147796,5.832638888888889,0.0,8354.0,0.016668262150220912
cost_comparison,BADP,10024,5000.0,5000,4998,4998,13.542453333332109,99.96,3.3081232492997197,82.84469389262242,5.894444444444445,4.0,8448.0,0.017322952029520295
cost_comparison,BADP,10025,5000.0,5000,4996,4996,13.660426666665428,99.92,2.912329863891113,82.86999483813878,5.947916666666667,9.0,8520.0,0.019280471628592484
cost_comparison,BADP,10026,5000.0,5000,4999,4999,13.40026666666546,99.98,3.7113422684536905,85.13728737975408,5.84375,11.0,8347.0,0.011110816777041944
cost_comparison,BADP,10027,5000.0,5000,4999,4999,14.011146666665386,99.98,2.841968393678736,84.93575256666881,6.092361111111111,4.0,8747.0,0.02118880652335063
cost_comparison,BADP,10028,5000.0,5000,4967,4967,13.429013333332124,99.34,3.3577612240789207,85.10407355382453,5.853472222222222,10.0,8368.0,0.02231297653958944
cost_comparison,BADP,10029,5000.0,5000,4960,4960,13.307626666665469,99.2,3.7098790322580646,84.102704179186,5.8,3.0,8293.0,0.017994771241830066
cost_comparison,BADP_PLUS,10000,5000.0,5000,4879,4879,12.960853333332162,97.58,4.015372002459521,90.31522358882462,5.636111111111111,0.0,8091.0,0.08103353751914243
cost_comparison,BADP_PLUS,10001,5000.0,5000,4967,4967,13.884639999998733,99.34,2.4988926917656533,79.68379446640316,6.031944444444444,0.0,8674.0,0.10253211678832116
cost_comparison,BADP_PLUS,10002,5000.0,5000,4995,4995,13.321226666665462,99.9,2.942142142142142,82.67839832972933,5.788194444444445,0.0,8321.0,0.08794261818181817
cost_comparison,BADP_PLUS,10003,5000.0,5000,4999,4999,13.928506666665397,99.98,3.193238647729546,90.12163426551615,6.05625,0.0,8696.0,0.10529271771771771
cost_comparison,BADP_PLUS,10004,5000.0,5000,4900,4900,13.233706666665471,98.0,3.045714285714286,85.78723404255318,5.751388888888889,0.0,8265.0,0.10061065393093313
cost_comparison,BADP_PLUS,10005,5000.0,5000,4999,4999,13.60650666666543,99.98,3.513102620524105,85.78723404255318,5.913194444444445,0.0,8498.0,0.08918948137326516
cost_comparison,BADP_PLUS,10006,5000.0,5000,4998,4998,13.645466666665426,99.96,2.8247298919567827,84.39101168748535,5.929861111111111,0.0,8523.0,0.07747542561065877
cost_comparison,BADP_PLUS,10007,5000.0,5000,4979,4979,13.45109333333211,99.58,3.565977103836112,87.29162156310889,5.846527777777778,0.0,8400.0,0.11895358711566618
cost_comparison,BADP_PLUS,10008,5000.0,5000,4985,4985,13.593279999998767,99.7,3.1077231695085255,88.49868305531169,5.909027777777778,0.0,8488.0,0.0990736303871439
cost_comparison,BADP_PLUS,10009,5000.0,5000,4987,4987,13.632026666665428,99.74,3.6039703228393822,88.76407168527024,5.926388888888889,0.0,8512.0,0.12824610778443116
cost_comparison,BADP_PLUS,10010,5000.0,5000,4999,4999,13.610399999998762,99.98,2.933386677335467,86.58306132966842,5.915277777777778,0.0,8500.0,0.09789736842105262
cost_comparison,BADP_PLUS,10011,5000.0,5000,4933,4933,13.411493333332114,98.66,3.8621528481654166,90.85086390396378,5.833333333333333,0.0,8372.0,0.13054316109422492
cost_comparison,BADP_PLUS,10012,5000.0,5000,4999,4999,13.53631999999877,99.98,3.6729345869173833,83.8602329450915,5.881944444444445,0.0,8455.0,0.11881685309470545
cost_comparison,BADP_PLUS,10013,5000.0,5000,4994,4994,13.804479999998744,99.88,3.1976371645975172,88.49868305531169,6.001388888888889,0.0,8620.0,0.11600232383808096
cost_comparison,BADP_PLUS,10014,5000.0,5000,4988,4988,13.48015999999878,99.76,2.94887730553328,89.91971454058876,5.861111111111111,0.0,8416.0,0.07679695167286245
cost_comparison,BADP_PLUS,10015,5000.0,5000,4998,4998,13.903626666665398,99.96,2.41296518607443,82.67839832972933,6.040972222222222,0.0,8685.0,0.11580345588235295
cost_comparison,BADP_PLUS,10016,5000.0,5000,4996,4996,13.517519999998775,99.92,3.322257806244996,89.2582249165588,5.877083333333333,0.0,8440.0,0.10242299270072994
cost_comparison,BADP_PLUS,10017,5000.0,5000,4999,4999,13.624879999998761,99.98,3.1288257651530307,82.01790073230266,5.920138888888889,0.0,8511.0,0.09099110947832476
cost_comparison,BADP_PLUS,10018,5000.0,5000,4940,4940,13.437813333332114,98.8,3.087651821862348,84.88695990153526,5.839583333333334,0.0,8393.0,0.09651176900584794
cost_comparison,BADP_PLUS,10019,5000.0,5000,4999,4999,13.636693333332094,99.98,3.0736147229445887,87.29162156310889,5.927083333333333,0.0,8516.0,0.2210282013323464
cost_comparison,BADP_PLUS,10020,5000.0,5000,4981,4981,13.453733333332112,99.62,3.3792411162417184,88.21984946612987,5.848611111111111,0.0,8401.0,0.1236643445692884
cost_comparison,BADP_PLUS,10021,5000.0,5000,4983,4983,13.523146666665431,99.66,3.559702990166566,90.6793914029804,5.8805555555555555,0.0,8442.0,0.258446992481203
cost_comparison,BADP_PLUS,10022,5000.0,5000,4988,4988,13.692213333332088,99.76,2.8434242181234963,84.88695990153526,5.95,0.0,8552.0,0.12087084870848709
cost_comparison,BADP_PLUS,10023,5000.0,5000,4960,4960,13.335199999998794,99.2,3.1756048387096776,86.58306132966842,5.795833333333333,0.0,8328.0,0.08968578792341679
cost_comparison,BADP_PLUS,10024,5000.0,5000,4998,4998,13.543626666665437,99.96,3.194077631052421,82.67839832972933,5.884722222222222,0.0,8460.0,0.0957649446494465
cost_comparison,BADP_PLUS,10025,5000.0,5000,4996,4996,13.640319999998761,99.92,2.932746196957566,83.8602329450915,5.927083333333333,0.0,8520.0,0.16132778187177596
cost_comparison,BADP_PLUS,10026,5000.0,5000,4999,4999,13.384933333332121,99.98,3.8385677135427088,88.21984946612987,5.81875,0.0,8358.0,0.15165768947755703
cost_comparison,BADP_PLUS,10027,5000.0,5000,4999,4999,14.011093333332052,99.98,2.847369473894779,87.29162156310889,6.089583333333334,0.0,8750.0,0.10149859154929579
cost_comparison,BADP_PLUS,10028,5000.0,5000,4967,4967,13.419013333332119,99.34,3.241191866317697,89.70891488853675,5.834722222222222,0.0,8378.0,0.11898834310850438
cost_comparison,BADP_PLUS,10029,5000.0,5000,4960,4960,13.634133333332095,99.2,2.81875,81.30343603807064,5.923611111111111,0.0,8517.0,0.1558185185185185
cost_comparison,CDASCALER,10000,5000.0,5000,4724,3405,15.981379999995326,68.1,45.39225232853514,99.93181973136974,25.034027777777776,32053.0,3821.0,0.03517427258805513
cost_comparison,CDASCALER,10001,5000.0,5000,4811,3063,16.759306666661075,61.26,50.98420286842652,99.93817662252019,26.292361111111113,34277.0,3572.0,0.11860781021897811
cost_comparison,CDASCALER,10002,5000.0,5000,4859,2989,16.60869333332742,59.78,52.16381971599095,99.93828515003565,26.239583333333332,34311.0,3464.0,0.08165330909090909
cost_comparison,CDASCALER,10003,5000.0,5000,4847,3337,16.932133333327744,66.74,48.16958943676501,99.93159137995544,25.9125,33321.0,3893.0,0.04344196696696696
cost_comparison,CDASCALER,10004,5000.0,5000,4732,4159,17.137786666659025,83.18,38.22295012679628,77.18976591114178,29.835416666666667,41376.0,21.0,0.1231181484202792
cost_comparison,CDASCALER,10005,5000.0,5000,4885,4359,17.971706666658974,87.18,36.27471852610031,53.77685083624892,30.73263888888889,42592.0,4.0,0.14037691745799852
cost_comparison,CDASCALER,10006,5000.0,5000,4885,2552,17.250446666660228,51.04,55.14636642784033,99.9260449368113,27.854166666666668,37775.0,2181.0,0.03820111028867505
cost_comparison,CDASCALER,10007,5000.0,5000,4840,4291,17.62413333332584,85.82,36.3754132231405,68.01142518844982,30.352777777777778,42108.0,3.0,0.10245409956076135
cost_comparison,CDASCALER,10008,5000.0,5000,4860,4291,17.56199999999309,85.82,36.672222222222224,74.10852034251143,30.281944444444445,42005.0,1.0,0.094299926953981
cost_comparison,CDASCALER,10009,5000.0,5000,4865,4301,17.736159999993472,86.02,36.66803699897225,99.8921602819435,30.397916666666667,42446.0,0.0,0.0391872754491018
cost_comparison,CDASCALER,10010,5000.0,5000,4885,4347,17.835999999992666,86.94,36.756601842374614,49.62021756849017,30.614583333333332,42438.0,0.0,0.14108676900584796
cost_comparison,CDASCALER,10011,5000.0,5000,4732,2676,16.734553333326435,53.52,52.86158072696534,99.89876926384383,27.281944444444445,36924.0,2197.0,0.026228419452887536
cost_comparison,CDASCALER,10012,5000.0,5000,4881,4342,18.033599999992582,86.84,37.00635115754968,50.29065199127213,30.8125,42702.0,0.0,0.11805764354958986
cost_comparison,CDASCALER,10013,5000.0,5000,4841,2962,16.819599999993386,59.24,49.870274736624665,99.93134252566236,26.38125,34558.0,3307.0,0.028952923538230882
cost_comparison,CDASCALER,10014,5000.0,5000,4864,2353,16.945106666659964,47.06,54.160978618421055,99.9262358698929,27.739583333333332,37883.0,1964.0,0.02821710037174721
cost_comparison,CDASCALER,10015,5000.0,5000,4884,4324,17.795093333326314,86.48,36.106265356265354,44.93921739842279,30.573611111111113,42400.0,0.0,0.610686544117647
cost_comparison,CDASCALER,10016,5000.0,5000,4881,4312,17.76306666665909,86.24,36.84429420200779,93.01584094744061,30.40138888888889,42111.0,1.0,0.048254452554744524
cost_comparison,CDASCALER,10017,5000.0,5000,4867,3240,16.950413333328118,64.8,49.59009656872817,99.93621454591845,26.023611111111112,33514.0,3934.0,0.03554452608376194
cost_comparison,CDASCALER,10018,5000.0,5000,4784,2892,16.553406666660777,57.84,52.302048494983275,99.92995745906808,26.122222222222224,34283.0,3306.0,0.020167616959064327
cost_comparison,CDASCALER,10019,5000.0,5000,4890,3091,17.282993333325564,61.82,49.69693251533742,99.92841965302163,28.645138888888887,39601.0,1348.0,0.18984115470022203
cost_comparison,CDASCALER,10020,5000.0,5000,4830,3577,16.4006333333285,71.54,43.66459627329193,99.93160002735999,25.207638888888887,32042.0,4106.0,0.026619101123595505
cost_comparison,CDASCALER,10021,5000.0,5000,4830,3342,16.444786666662125,66.84,47.03871635610766,99.93330863282698,25.37361111111111,32521.0,3951.0,0.032729473684210524
cost_comparison,CDASCALER,10022,5000.0,5000,4844,2978,16.77605333332749,59.56,50.23761354252684,99.9384067889406,26.32638888888889,34346.0,3553.0,0.14738760147601476
cost_comparison,CDASCALER,10023,5000.0,5000,4831,3002,17.15594666665919,60.04,47.435520596149864,99.92359413202934,29.197916666666668,40944.0,527.0,0.15841045655375552
cost_comparison,CDASCALER,10024,5000.0,5000,4892,4335,17.90134666665921,86.7,36.31623058053966,87.16036733204884,30.582638888888887,42421.0,0.0,0.0631319557195572
cost_comparison,CDASCALER,10025,5000.0,5000,4882,3020,17.148373333326955,60.4,51.810118803768944,99.93117734132429,27.521527777777777,37075.0,2448.0,0.021404347826086956
cost_comparison,CDASCALER,10026,5000.0,5000,4870,3223,16.91262666666088,64.46,49.42956878850103,99.9367719998314,26.114583333333332,33752.0,3843.0,0.0464663723325975
cost_comparison,CDASCALER,10027,5000.0,5000,4869,3037,17.03621333332737,60.74,52.79687820907784,99.93902769497588,26.5125,34522.0,3635.0,0.22571845811712377
cost_comparison,CDASCALER,10028,5000.0,5000,4807,2938,16.427839999993317,58.76,51.27605575202829,99.93733288770053,26.0,33953.0,3471.0,0.061687096774193546
cost_comparison,CDASCALER,10029,5000.0,5000,4797,2987,17.214453333326002,59.74,47.904940587867415,99.93097340055509,29.479166666666668,41795.0,356.0,0.02367124183006536
cost_comparison,CEDULE,10000,5000.0,5000,4877,4877,12.564853333332207,97.54,21.575558745130202,56.98134539287732,5.45625,2.0,7850.0,0.015258269525267994
cost_comparison,CEDULE,10001,5000.0,5000,4967,4967,12.871093333332178,99.34,22.45198308838333,8.88497135301895,5.586805555555555,0.0,8044.0,0.014946642335766423
cost_comparison,CEDULE,10002,5000.0,5000,4995,4995,12.542666666665548,99.9,21.792792792792792,17.870655521337437,5.445833333333334,3.0,7837.0,0.015217236363636364
cost_comparison,CEDULE,10003,5000.0,5000,4999,4999,13.021066666665496,99.98,22.59291858371674,44.34667839859216,5.654166666666667,0.0,8136.0,0.025682282282282278
cost_comparison,CEDULE,10004,5000.0,5000,4900,4900,12.452373333332222,98.0,21.463061224489795,35.492957746478865,5.40625,0.0,7781.0,0.014950036737692874
cost_comparison,CEDULE,10005,5000.0,5000,4999,4999,12.951573333332169,99.98,22.658331666333268,35.492957746478865,5.622916666666667,0.0,8093.0,0.010797735573411248
cost_comparison,CEDULE,10006,5000.0,5000,4998,4998,12.844239999998848,99.96,22.484593837535012,13.324520819563778,5.575694444444444,0.0,8027.0,0.017977646188008883
cost_comparison,CEDULE,10007,5000.0,5000,4979,4979,12.818986666665516,99.58,22.087768628238603,17.76211453744493,5.564583333333333,0.0,8011.0,0.016027818448023423
cost_comparison,CEDULE,10008,5000.0,5000,4985,4985,12.657866666665536,99.7,22.175125376128385,44.346678398592154,5.495833333333334,0.0,7909.0,0.014423739956172387
cost_comparison,CEDULE,10009,5000.0,5000,4987,4987,12.929599999998837,99.74,22.628634449568878,0.0,5.611805555555556,0.0,8081.0,0.018070583832335327
cost_comparison,CEDULE,10010,5000.0,5000,4999,4999,12.864133333332179,99.98,22.454090818163632,22.197753798722744,5.584722222222222,0.0,8039.0,0.01344641812865497
cost_comparison,CEDULE,10011,5000.0,5000,4933,4933,12.78426666666552,98.66,21.854246908574904,44.346678398592154,5.550694444444445,0.0,7988.0,0.011301139817629178
cost_comparison,CEDULE,10012,5000.0,5000,4999,4999,13.02629333333216,99.98,22.534106821364272,8.88497135301895,5.654166666666667,0.0,8141.0,0.01409179716629381
cost_comparison,CEDULE,10013,5000.0,5000,4994,4994,12.903839999998842,99.88,22.158590308370044,57.01605745178729,5.604166666666667,2.0,8061.0,0.015371664167916042
cost_comparison,CEDULE,10014,5000.0,5000,4988,4988,12.567066666665546,99.76,21.931234963913393,69.19946819225656,5.460416666666666,1.0,7849.0,0.015141635687732342
cost_comparison,CEDULE,10015,5000.0,5000,4998,4998,12.837279999998849,99.96,22.313525410164065,26.63143989431968,5.572916666666667,0.0,8022.0,0.01659014705882353
cost_comparison,CEDULE,10016,5000.0,5000,4996,4996,12.818426666665516,99.92,22.68214571657326,31.063174114021564,5.565277777777778,0.0,8010.0,0.017776058394160583
cost_comparison,CEDULE,10017,5000.0,5000,4999,4999,12.941839999998836,99.98,22.488897779555913,13.324520819563778,5.618055555555555,0.0,8088.0,0.009525495958853785
cost_comparison,CEDULE,10018,5000.0,5000,4940,4940,12.736959999998858,98.8,22.095546558704452,44.3711521547933,5.530555555555556,1.0,7958.0,0.01776198830409357
cost_comparison,CEDULE,10019,5000.0,5000,4999,4999,12.776399999998855,99.98,22.369673934786956,57.63128982641178,5.548611111111111,0.0,7982.0,0.01490703182827535
cost_comparison,CEDULE,10020,5000.0,5000,4981,4981,12.803386666665517,99.62,22.15197751455531,63.96090573357704,5.561111111111111,0.0,7998.0,0.01813812734082397
cost_comparison,CEDULE,10021,5000.0,5000,4983,4983,12.869333333332174,99.66,22.43247039935782,60.22676413546173,5.589583333333334,2.0,8039.0,0.014721428571428571
cost_comparison,CEDULE,10022,5000.0,5000,4988,4988,12.845893333332182,99.76,22.123496391339213,61.05484040192081,5.579166666666667,1.0,8025.0,0.0810090774907749
cost_comparison,CEDULE,10023,5000.0,5000,4960,4960,12.614879999998871,99.2,22.010483870967743,26.63143989431968,5.476388888888889,0.0,7883.0,0.013804418262150222
cost_comparison,CEDULE,10024,5000.0,5000,4998,4998,12.924799999998838,99.96,22.43297318927571,0.0,5.6097222222222225,0.0,8078.0,0.01251749077490775
cost_comparison,CEDULE,10025,5000.0,5000,4996,4996,12.862399999998845,99.92,22.355084067253802,0.0,5.582638888888889,0.0,8039.0,0.01650876934414149
cost_comparison,CEDULE,10026,5000.0,5000,4999,4999,12.90927999999884,99.98,22.501500300060012,17.798326728313516,5.604166666666667,1.0,8067.0,0.011923693892568065
cost_comparison,CEDULE,10027,5000.0,5000,4999,4999,12.929173333332171,99.98,22.9123824764953,35.492957746478865,5.613194444444445,0.0,8079.0,0.013665307635285397
cost_comparison,CEDULE,10028,5000.0,5000,4967,4967,12.55783999999888,99.34,21.928125629152404,13.324520819563778,5.451388888888889,0.0,7848.0,0.016355865102639297
cost_comparison,CEDULE,10029,5000.0,5000,4960,4960,12.886399999998842,99.2,22.07540322580645,0.0,5.593055555555556,0.0,8054.0,0.012698838053740015
cost_comparison,CEMA,10000,5000.0,5000,4688,3082,15.05144666666208,61.64,50.52111774744027,99.90378568470429,24.617361111111112,32294.0,3145.0,0.03267833078101072
cost_comparison,CEMA,10001,5000.0,5000,4813,2963,15.821786666660827,59.26,56.30022854768336,99.93754337265787,25.760416666666668,34028.0,3066.0,0.024853430656934305
cost_comparison,CEMA,10002,5000.0,5000,4858,2940,15.652039999993704,58.8,57.076574722107864,99.93771022798056,25.699305555555554,34068.0,2939.0,0.016979709090909092
cost_comparison,CEMA,10003,5000.0,5000,4848,3042,16.04733333332652,60.84,53.03465346534654,99.9290635857956,25.57986111111111,33738.0,3093.0,0.02396539039039039
cost_comparison,CEMA,10004,5000.0,5000,4745,2916,15.346566666660733,58.32,55.0031612223393,99.9225266637399,25.367361111111112,33662.0,2866.0,0.021541954445260837
cost_comparison,CEMA,10005,5000.0,5000,4874,3012,16.16451999999371,60.24,55.00574476815757,99.93412331577518,26.009722222222223,34339.0,3115.0,0.02236347699050402
cost_comparison,CEMA,10006,5000.0,5000,4861,3232,15.662646666660894,64.64,51.59349927998354,99.93295240365633,24.90972222222222,32357.0,3501.0,0.01952094744633605
cost_comparison,CEMA,10007,5000.0,5000,4815,2832,15.938439999993184,56.64,54.965316718587744,99.93272045475896,26.22222222222222,35173.0,2585.0,0.017296852122986824
cost_comparison,CEMA,10008,5000.0,5000,4823,2701,15.911553333326088,54.02,56.23450134770889,99.93008854224799,26.37361111111111,35621.0,2357.0,0.014828414901387874
cost_comparison,CEMA,10009,5000.0,5000,4830,2834,16.165193333325618,56.68,54.18178053830228,99.9297187393268,26.386805555555554,35418.0,2562.0,0.021231661676646706
cost_comparison,CEMA,10010,5000.0,5000,4861,3003,15.97477333332651,60.06,55.867722690804364,99.93742003671358,25.788888888888888,33957.0,3177.0,0.023750804093567255
cost_comparison,CEMA,10011,5000.0,5000,4754,3143,15.495473333328338,62.86,50.827724021876314,99.91072106729634,25.178472222222222,33225.0,3018.0,0.019531382978723404
cost_comparison,CEMA,10012,5000.0,5000,4868,3233,16.064279999993143,64.66,54.25534100246508,99.93698273326892,25.777083333333334,33829.0,3287.0,0.02683415361670395
cost_comparison,CEMA,10013,5000.0,5000,4843,3194,16.462773333326183,63.88,52.3572166012802,99.9266862170088,27.624305555555555,37665.0,2104.0,0.02641431784107946
cost_comparison,CEMA,10014,5000.0,5000,4829,3162,15.561153333328226,63.24,52.649409815696835,99.93067237888535,25.739583333333332,33918.0,3139.0,0.023285130111524163
cost_comparison,CEMA,10015,5000.0,5000,4853,3047,15.906479999993119,60.94,54.68637955903565,99.9377024669823,25.806944444444444,34062.0,3099.0,0.019842867647058823
cost_comparison,CEMA,10016,5000.0,5000,4855,3031,15.862459999993675,60.62,55.09207003089598,99.93236238851871,25.55,33655.0,3136.0,0.021224890510948904
cost_comparison,CEMA,10017,5000.0,5000,4870,3054,15.99939333332694,61.08,54.06036960985626,99.93287202256596,25.634027777777778,33750.0,3162.0,0.02205753122703894
cost_comparison,CEMA,10018,5000.0,5000,4785,3034,15.494106666661038,60.68,52.960710553814,99.92978373390041,25.038194444444443,32859.0,3194.0,0.019407529239766082
cost_comparison,CEMA,10019,5000.0,5000,4865,2804,16.147533333325725,56.08,54.49373072970195,99.92967842065136,26.261111111111113,35247.0,2556.0,0.02090384900074019
cost_comparison,CEMA,10020,5000.0,5000,4820,3351,15.4673399999948,67.02,48.95892116182573,99.92335868281053,24.82777777777778,32413.0,3333.0,0.016992883895131088
cost_comparison,CEMA,10021,5000.0,5000,4810,3000,15.644999999994615,60.0,53.24116424116424,99.91828817750489,25.289583333333333,33390.0,3023.0,0.02007375939849624
cost_comparison,CEMA,10022,5000.0,5000,4836,2912,16.04643999999335,58.24,55.53908188585608,99.9366183154959,26.293055555555554,35134.0,2724.0,0.021752250922509226
cost_comparison,CEMA,10023,5000.0,5000,4800,2974,15.530306666660264,59.48,53.79770833333333,99.92277699350514,25.238888888888887,33384.0,2955.0,0.018992488954344623
cost_comparison,CEMA,10024,5000.0,5000,4878,2976,16.061986666660484,59.52,55.50061500615006,99.93379398308909,25.821527777777778,34091.0,3091.0,0.02296169741697417
cost_comparison,CEMA,10025,5000.0,5000,4871,2915,16.048773333326242,58.3,53.766167111476086,99.92943757755211,25.705555555555556,33964.0,3051.0,0.017246647015475312
cost_comparison,CEMA,10026,5000.0,5000,4873,3148,15.942239999993452,62.96,53.70695670018469,99.93621364177581,25.527083333333334,33452.0,3304.0,0.013797718910963945
cost_comparison,CEMA,10027,5000.0,5000,4877,2706,16.39095999999335,54.12,61.98154603239696,99.93624649355716,27.059722222222224,36274.0,2692.0,0.018875685693106006
cost_comparison,CEMA,10028,5000.0,5000,4814,2894,15.487299999993438,57.88,55.30099709181554,99.93184590498205,25.40486111111111,33621.0,2961.0,0.07780263929618768
cost_comparison,CEMA,10029,5000.0,5000,4804,3124,15.624933333327705,62.48,52.56661115736886,99.9344615653491,25.068055555555556,32782.0,3310.0,0.013955555555555554
cost_comparison,EDF,10000,5000.0,5000,4836,4638,14.738473333329955,92.76,5.755996691480562,99.8780720663104,13.784722222222221,13336.0,5660.0,0.029868683001531393
cost_comparison,EDF,10001,5000.0,5000,4960,4858,15.291886666663544,97.16,4.690927419354839,99.89207986090292,13.249305555555555,11947.0,6023.0,0.0143185401459854
cost_comparison,EDF,10002,5000.0,5000,4994,4877,14.89905333333021,97.54,4.81657989587505,99.89230585138208,13.419444444444444,12454.0,5768.0,0.02734661818181818
cost_comparison,EDF,10003,5000.0,5000,4996,4671,15.463393333329732,93.42,8.785628502802242,99.85921106640677,14.63263888888889,14416.0,5752.0,0.03632567567567568
cost_comparison,EDF,10004,5000.0,5000,4878,4784,14.744273333330353,95.68,4.555350553505535,99.87429826413019,12.768055555555556,11537.0,5805.0,0.021877002204261572
cost_comparison,EDF,10005,5000.0,5000,4994,4857,15.366533333329953,97.14,5.122346816179415,99.89486472594739,14.036111111111111,13271.0,5950.0,0.027512929145361575
cost_comparison,EDF,10006,5000.0,5000,4994,4880,15.228959999996691,97.6,4.731477773327994,99.41905572901882,13.356944444444444,12255.0,5921.0,0.028831606217616584
cost_comparison,EDF,10007,5000.0,5000,4964,4825,15.192119999996574,96.5,5.104955680902498,99.89477376359173,14.080555555555556,13428.0,5845.0,0.032163689604685214
cost_comparison,EDF,10008,5000.0,5000,4975,4796,15.028526666663462,95.92,5.61608040201005,99.89232775431586,13.495138888888889,12596.0,5848.0,0.032005770635500363
cost_comparison,EDF,10009,5000.0,5000,4981,4675,15.271553333329928,93.5,8.789801244729974,99.86970851017021,14.521527777777777,14253.0,5805.0,0.04013772455089821
cost_comparison,EDF,10010,5000.0,5000,4997,4881,15.271753333330102,97.62,4.89453672203322,99.8937363480725,13.695833333333333,12728.0,5940.0,0.0309797514619883
cost_comparison,EDF,10011,5000.0,5000,4903,4526,15.143673333329334,90.52,9.800326330817867,99.86056070762409,14.850694444444445,14970.0,5611.0,0.037976595744680854
cost_comparison,EDF,10012,5000.0,5000,4994,4863,15.460546666663356,97.26,5.111734080897077,99.8954679551209,14.206944444444444,13460.0,5982.0,0.03953228933631618
cost_comparison,EDF,10013,5000.0,5000,4986,4647,15.251759999996644,92.94,9.510028078620136,99.83740410760322,14.129166666666666,13673.0,5815.0,0.03445629685157421
cost_comparison,EDF,10014,5000.0,5000,4985,4841,14.896219999996724,96.82,4.863590772316951,99.88927846466137,13.127777777777778,12075.0,5890.0,0.026742230483271377
cost_comparison,EDF,10015,5000.0,5000,4995,4877,15.220699999996777,97.54,4.910310310310311,99.89294508082646,13.621527777777779,12616.0,5942.0,0.01974764705882353
cost_comparison,EDF,10016,5000.0,5000,4991,4886,15.19765333333015,97.72,4.593868964135444,99.16529922779922,13.0875,11800.0,5992.0,0.0256343795620438
cost_comparison,EDF,10017,5000.0,5000,4993,4873,15.304739999996688,97.46,4.73943520929301,99.89368111422192,13.42013888888889,12321.0,5963.0,0.038927920646583396
cost_comparison,EDF,10018,5000.0,5000,4916,4810,15.034879999996825,96.2,4.570992676973149,99.88944575471699,12.902777777777779,11543.0,5970.0,0.024848976608187134
cost_comparison,EDF,10019,5000.0,5000,4995,4637,15.191033333329894,92.74,8.91031031031031,99.87263832834674,14.604166666666666,14541.0,5638.0,0.04466076980014804
cost_comparison,EDF,10020,5000.0,5000,4972,4632,15.16937333332952,92.64,8.625301689460981,99.8905502419063,14.733333333333333,14677.0,5701.0,0.03546651685393258
cost_comparison,EDF,10021,5000.0,5000,4969,4686,15.17617333332945,93.72,8.330046286979272,99.84966369975577,13.993055555555555,13418.0,5819.0,0.039689774436090224
cost_comparison,EDF,10022,5000.0,5000,4980,4839,15.22004666666346,96.78,5.440562248995984,99.89441948312471,14.234722222222222,13655.0,5878.0,0.025274464944649445
cost_comparison,EDF,10023,5000.0,5000,4943,4819,14.931153333330117,96.38,4.771596196641716,99.89178139842481,13.172916666666667,12132.0,5810.0,0.023712150220913105
cost_comparison,EDF,10024,5000.0,5000,4994,4873,15.269046666663304,97.46,4.9367240688826595,99.89355788676924,13.597222222222221,12598.0,5946.0,0.02523180811808118
cost_comparison,EDF,10025,5000.0,5000,4995,4802,15.209113333329723,96.04,5.827827827827828,99.89593330481135,14.252083333333333,13822.0,5804.0,0.033513411938098744
cost_comparison,EDF,10026,5000.0,5000,4994,4897,15.250033333330185,97.94,4.4677613135762915,98.18816767512641,12.85763888888889,11361.0,6047.0,0.020778072111846946
cost_comparison,EDF,10027,5000.0,5000,4997,4831,15.31029999999675,96.62,5.832699619771863,99.88934280920216,14.219444444444445,13626.0,5842.0,0.02390289103039288
cost_comparison,EDF,10028,5000.0,5000,4954,4827,14.92803999999687,96.54,4.71719822365765,99.89178269966092,13.104166666666666,11993.0,5808.0,0.3331451612903226
cost_comparison,EDF,10029,5000.0,5000,4949,4851,15.183599999996865,97.02,4.429379672661144,98.41633612457763,12.702777777777778,11138.0,6048.0,0.03229440813362382
cost_comparison,HPA,10000,5000.0,5000,4713,3385,15.61115333332874,67.7,46.15934648843624,99.9143498792914,24.886805555555554,32085.0,3583.0,0.02117633996937213
cost_comparison,HPA,10001,5000.0,5000,4810,3052,16.63231999999435,61.04,53.02245322245322,99.93801652892562,26.204166666666666,34207.0,3513.0,0.02857978102189781
cost_comparison,HPA,10002,5000.0,5000,4859,2998,16.52133333332733,59.96,54.33072648693147,99.93816302973671,26.17013888888889,34248.0,3425.0,0.0408848
cost_comparison,HPA,10003,5000.0,5000,4854,3010,16.78037333332702,60.2,51.592913061392665,99.9284523618252,26.475694444444443,34920.0,3102.0,0.02608063063063063
cost_comparison,HPA,10004,5000.0,5000,4760,4183,17.0655866666589,83.66,38.544117647058826,99.90644440727978,29.726388888888888,41485.0,49.0,0.019852608376193976
cost_comparison,HPA,10005,5000.0,5000,4883,4349,17.899946666658916,86.98,36.990989146016794,99.91032656999923,30.625,42633.0,4.0,0.02724346238130022
cost_comparison,HPA,10006,5000.0,5000,4861,3334,16.444073333327726,66.68,48.27196050195433,99.93372167522148,25.474305555555556,32722.0,3905.0,0.023410436713545524
cost_comparison,HPA,10007,5000.0,5000,4845,4007,17.42065333332578,80.14,41.00536635706914,99.9217841950248,30.095833333333335,42428.0,38.0,0.04094077598828697
cost_comparison,HPA,10008,5000.0,5000,4858,3563,17.42178666665954,71.26,43.19720049403047,99.92356604752302,29.92361111111111,41830.0,218.0,0.027525346968590214
cost_comparison,HPA,10009,5000.0,5000,4838,2933,16.892839999992578,58.66,51.0549813972716,99.93118416177016,27.95625,38184.0,1745.0,0.03255815868263473
cost_comparison,HPA,10010,5000.0,5000,4886,4348,17.866506666659355,86.96,37.23884568153909,99.90507540621451,30.604861111111113,42358.0,0.0,0.027254020467836256
cost_comparison,HPA,10011,5000.0,5000,4781,3459,15.830259999995393,69.18,45.75569964442585,99.92824707606835,25.125,32449.0,3566.0,0.01869407294832827
cost_comparison,HPA,10012,5000.0,5000,4878,4328,18.038799999992598,86.56,37.79540795407954,99.90580989478732,30.769444444444446,42675.0,0.0,0.025626025354213273
cost_comparison,HPA,10013,5000.0,5000,4840,2716,16.503599999992694,54.32,52.02768595041322,99.92957850884346,26.530555555555555,35303.0,2791.0,0.021141379310344828
cost_comparison,HPA,10014,5000.0,5000,4834,3421,16.07917333332763,68.42,45.898634671079854,99.93297387470582,25.243055555555557,32500.0,3759.0,0.024082527881040892
cost_comparison,HPA,10015,5000.0,5000,4883,4321,17.806879999992997,86.42,37.72066352652058,99.89489931814974,30.568055555555556,42382.0,0.0,0.04963411764705882
cost_comparison,HPA,10016,5000.0,5000,4879,2733,17.399306666659704,54.66,52.45439639270342,99.93275161948841,29.3875,41301.0,709.0,0.025304306569343064
cost_comparison,HPA,10017,5000.0,5000,4867,3240,16.833213333328022,64.8,49.9560304088761,99.93618741048512,25.958333333333332,33493.0,3864.0,0.03533519470977223
cost_comparison,HPA,10018,5000.0,5000,4786,3120,16.268699999994276,62.4,50.04283326368575,99.92089233446721,25.55763888888889,33171.0,3607.0,0.015418055555555555
cost_comparison,HPA,10019,5000.0,5000,4881,3004,16.718033333326673,60.08,52.38373284163082,99.93168592916452,27.008333333333333,35857.0,2928.0,0.019617320503330867
cost_comparison,HPA,10020,5000.0,5000,4823,3530,16.09995333332819,70.6,44.82977399958532,99.9276954473217,25.180555555555557,32309.0,3791.0,0.019360749063670413
cost_comparison,HPA,10021,5000.0,5000,4799,3132,16.263099999994587,62.64,50.94269639508231,99.9140691832853,25.975694444444443,34158.0,3181.0,0.018067894736842106
cost_comparison,HPA,10022,5000.0,5000,4841,2994,16.674613333327414,59.88,51.991737244370995,99.93822415023887,26.244444444444444,34272.0,3513.0,0.031325461254612545
cost_comparison,HPA,10023,5000.0,5000,4800,3234,16.13843999999386,64.68,48.63625,99.9243028002251,25.329166666666666,32769.0,3659.0,0.016776509572901326
cost_comparison,HPA,10024,5000.0,5000,4893,2780,17.562559999993834,55.6,52.69507459636215,99.93062208232594,29.175694444444446,40340.0,1172.0,0.02452169741697417
cost_comparison,HPA,10025,5000.0,5000,4862,3091,16.489786666660454,61.82,50.50349650349651,99.93235445162928,25.88125,33703.0,3529.0,0.016169049373618277
cost_comparison,HPA,10026,5000.0,5000,4872,3196,16.809613333327448,63.92,50.13977832512315,99.93675244908572,26.055555555555557,33729.0,3781.0,0.017922590139808684
cost_comparison,HPA,10027,5000.0,5000,4869,3007,16.939359999993947,60.14,56.478537687410146,99.93865532471781,26.42152777777778,34416.0,3623.0,0.03601638250555968
cost_comparison,HPA,10028,5000.0,5000,4814,2935,16.358279999993293,58.7,52.02451184046531,99.93727261322293,25.945833333333333,33911.0,3435.0,0.042238049853372435
cost_comparison,HPA,10029,5000.0,5000,4807,3245,16.56507999999437,64.9,49.23653006032869,99.93512952471565,25.68125,33131.0,3821.0,0.026880973129992734
cost_comparison,AMRP,10000,10000.0,10000,9525,8981,32.98101333334149,89.81,22.303412073490815,99.84368501917656,45.61666666666667,63137.0,61.0,0.2024723870056497
cost_comparison,AMRP,10001,10000.0,10000,9780,9122,34.16352000000392,91.22,26.255725971370143,81.83729616836693,47.86527777777778,66304.0,14.0,0.13462958827634333
cost_comparison,AMRP,10002,10000.0,10000,9837,8408,33.80776000000319,84.08,30.21012503812138,87.18225249311514,47.84583333333333,66575.0,129.0,0.11760362369337979
cost_comparison,AMRP,10003,10000.0,10000,9807,7303,34.191579999999206,73.03,33.39583970633221,86.86071924814601,48.38263888888889,67606.0,384.0,0.12421811134601833
cost_comparison,AMRP,10004,10000.0,10000,9544,7200,32.93562666666927,72.0,34.575335289186924,99.8457180245959,46.81041666666667,65089.0,508.0,0.12955767344078487
cost_comparison,AMRP,10005,10000.0,10000,9828,9053,34.590906666669724,90.53,28.950854700854702,93.04215213720497,49.525,69426.0,4.0,0.08081167016072675
cost_comparison,AMRP,10006,10000.0,10000,9783,8734,35.019653333328066,87.34,31.18072166002249,83.40916916240604,52.114583333333336,72727.0,2.0,0.1278985324947589
cost_comparison,AMRP,10007,10000.0,10000,9723,7219,34.065439999998716,72.19,35.965751311323665,91.56769823921746,48.75277777777778,67712.0,669.0,0.12181542219120725
cost_comparison,AMRP,10008,10000.0,10000,9804,8827,33.606586666670886,88.27,28.139942880456957,86.89493418588667,46.641666666666666,65486.0,44.0,0.10632754532775454
cost_comparison,AMRP,10009,10000.0,10000,9767,6522,33.81002666666542,65.22,39.586669396948906,91.34730880960927,46.85069444444444,64105.0,2114.0,0.1970226441631505
cost_comparison,AMRP,10010,10000.0,10000,9759,6878,35.41725333331883,68.78,47.15554872425454,90.15168953641297,55.34791666666667,77032.0,1076.0,0.14670327983251918
cost_comparison,AMRP,10011,10000.0,10000,9603,8871,33.65268666667103,88.71,25.66250130167656,92.29496671672709,47.97083333333333,66520.0,33.0,0.13051720733427363
cost_comparison,AMRP,10012,10000.0,10000,9810,7777,34.357786666665405,77.77,33.97288481141692,90.52505855550015,49.15416666666667,68942.0,208.0,0.08746480055983205
cost_comparison,AMRP,10013,10000.0,10000,9771,7130,33.704539999997,71.3,38.56104799918125,90.39118259417246,47.60347222222222,64727.0,2508.0,0.11745527426160338
cost_comparison,AMRP,10014,10000.0,10000,9783,7511,33.88203999999664,75.11,33.919554328937956,86.36089564088535,49.43680555555556,69335.0,166.0,0.15029135628952917
cost_comparison,AMRP,10015,10000.0,10000,9840,8106,34.28672000000067,81.06,31.81869918699187,86.0380880939939,48.31388888888889,67459.0,169.0,0.1413053109713487
cost_comparison,AMRP,10016,10000.0,10000,9826,7407,33.87269333333401,74.07,33.71015672705068,89.93410345023962,47.65347222222222,66106.0,708.0,0.11425549335199439
cost_comparison,AMRP,10017,10000.0,10000,9805,7813,34.4033466666666,78.13,31.357980622131567,87.41106790358673,48.87361111111111,68032.0,372.0,0.1281728541521284
cost_comparison,AMRP,10018,10000.0,10000,9650,7806,33.592106666668634,78.06,31.940932642487045,96.3679311066174,46.858333333333334,64844.0,1099.0,0.15157317927170869
cost_comparison,AMRP,10019,10000.0,10000,9806,7004,33.5365133333322,70.04,38.475015296757086,88.59382923215493,46.39652777777778,62885.0,2632.0,0.09069538461538462
cost_comparison,AMRP,10020,10000.0,10000,9740,8771,34.39207999999578,87.71,29.628439425051333,96.04511458777252,50.91458333333333,70923.0,8.0,0.11534049295774648
cost_comparison,AMRP,10021,10000.0,10000,9766,8998,34.1994133333357,89.98,25.35193528568503,97.79357756217568,48.66180555555555,67609.0,10.0,0.18553622377622378
cost_comparison,AMRP,10022,10000.0,10000,9797,7991,33.688613333334025,79.91,34.625089313055014,88.49735745750166,47.11875,63991.0,2021.0,0.1261191340782123
cost_comparison,AMRP,10023,10000.0,10000,9707,8561,34.15677999999494,85.61,33.3668486659112,88.87755196450149,50.420833333333334,71035.0,47.0,0.17964958275382475
cost_comparison,AMRP,10024,10000.0,10000,9831,8546,34.538226666666795,85.46,29.43627301393551,88.53632929858566,49.75,69334.0,52.0,0.1645663394109397
cost_comparison,AMRP,10025,10000.0,10000,9838,8950,34.27464000000291,89.5,27.250457410042692,90.7209360219069,48.12569444444444,67183.0,23.0,0.15414951048951048
cost_comparison,AMRP,10026,10000.0,10000,9853,7422,33.94497333333809,74.22,32.200852532223685,85.08323545986858,46.44583333333333,64490.0,773.0,0.16478655462184874
cost_comparison,AMRP,10027,10000.0,10000,9706,5399,37.21442666664013,53.99,63.072326396043685,88.69486969992637,63.52361111111111,89705.0,709.0,0.1353217939733707
cost_comparison,AMRP,10028,10000.0,10000,9729,7232,33.228359999998034,72.32,36.9184911090554,84.67002989075688,46.13194444444444,62334.0,2609.0,0.09794508025122121
cost_comparison,AMRP,10029,10000.0,10000,9736,7877,34.073066666667486,78.77,30.58309367296631,84.34288049155836,47.239583333333336,65396.0,721.0,0.1549790243902439
cost_comparison,BADP,10000,10000.0,10000,9757,9757,25.388853333330843,97.57,4.273957158962796,92.93606600390659,11.083333333333334,36.0,15800.0,0.07226454802259887
cost_comparison,BADP,10001,10000.0,10000,9936,9936,27.11845333333061,99.36,2.8087761674718195,83.99890026805964,11.7875,21.0,16933.0,0.037476064200976975
cost_comparison,BADP,10002,10000.0,10000,9991,9991,26.82447999999731,99.91,2.8414573115804225,85.8688425506195,11.657638888888888,10.0,16751.0,0.034350801393728224
cost_comparison,BADP,10003,10000.0,10000,9997,9997,26.952746666663945,99.97,3.9335800740222067,93.12453984255534,11.7625,43.0,16777.0,0.05908104298801973
cost_comparison,BADP,10004,10000.0,10000,9801,9801,26.273333333330708,98.01,2.931435567799204,87.42434791923303,11.427083333333334,10.0,16397.0,0.042065872459705674
cost_comparison,BADP,10005,10000.0,10000,9994,9994,26.940853333330686,99.94,3.7736641985191115,91.48489485108348,11.745138888888889,32.0,16783.0,0.03621160027952481
cost_comparison,BADP,10006,10000.0,10000,9996,9996,26.64117333333068,99.96,3.6849739895958384,91.48034747935058,11.613888888888889,33.0,16597.0,0.04946009783368274
cost_comparison,BADP,10007,10000.0,10000,9952,9952,26.98117333333064,99.52,3.204079581993569,90.83355771819825,11.75625,28.0,16816.0,0.027925331472435453
cost_comparison,BADP,10008,10000.0,10000,9972,9972,26.886133333330637,99.72,3.292920176494184,91.70270924881493,11.70486111111111,18.0,16767.0,0.049798953974895394
cost_comparison,BADP,10009,10000.0,10000,9974,9974,26.83973333333064,99.74,4.183677561660317,93.31721921608481,11.720138888888888,33.0,16699.0,0.05350717299578059
cost_comparison,BADP,10010,10000.0,10000,9998,9998,27.107946666663945,99.98,2.8380676135227048,85.89016294508146,11.783333333333333,17.0,16926.0,0.02472937892533147
cost_comparison,BADP,10011,10000.0,10000,9853,9853,25.72746666666402,98.53,4.247234344869583,92.98006721520454,11.247222222222222,46.0,15993.0,0.04053194640338505
cost_comparison,BADP,10012,10000.0,10000,9998,9998,26.838186666663926,99.98,3.519603920784157,87.54773016546456,11.686805555555555,22.0,16734.0,0.024514975507347797
cost_comparison,BADP,10013,10000.0,10000,9983,9983,26.739413333330656,99.83,3.8356205549434037,91.17190388170054,11.654166666666667,34.0,16661.0,0.03895569620253165
cost_comparison,BADP,10014,10000.0,10000,9979,9979,26.525066666664014,99.79,3.6048702274777034,92.05856108926268,11.575694444444444,39.0,16511.0,0.030570695713281797
cost_comparison,BADP,10015,10000.0,10000,9998,9998,26.98847999999729,99.98,3.039507901580316,84.05916187345932,11.734722222222222,17.0,16847.0,0.031833403214535295
cost_comparison,BADP,10016,10000.0,10000,9991,9991,26.400639999997377,99.91,3.651886698028225,87.61995149214383,11.505555555555556,22.0,16451.0,0.022963121063680897
cost_comparison,BADP,10017,10000.0,10000,9998,9998,26.818293333330605,99.98,3.6769353870774153,90.85466477338143,11.689583333333333,29.0,16709.0,0.07326343335659456
cost_comparison,BADP,10018,10000.0,10000,9884,9884,26.559733333330655,98.84,3.6161473087818696,86.95652173913042,11.575,20.0,16550.0,0.036742016806722684
cost_comparison,BADP,10019,10000.0,10000,9997,9997,26.74997333333066,99.97,3.441632489746924,91.13256591162272,11.649305555555555,21.0,16678.0,0.05573937062937063
cost_comparison,BADP,10020,10000.0,10000,9962,9962,26.177439999997425,99.62,4.403131901224653,93.5219875116248,11.45,59.0,16266.0,0.03391612676056338
cost_comparison,BADP,10021,10000.0,10000,9970,9970,26.546933333330735,99.7,4.185456369107322,93.93407354286701,11.593055555555555,47.0,16516.0,0.049268321678321673
cost_comparison,BADP,10022,10000.0,10000,9981,9981,27.1795733333306,99.81,2.7786794910329626,88.0248358695099,11.818055555555556,20.0,16966.0,0.0516627094972067
cost_comparison,BADP,10023,10000.0,10000,9928,9928,26.60335999999735,99.28,3.393029814665592,90.1087907965487,11.592361111111112,24.0,16579.0,0.03750806675938804
cost_comparison,BADP,10024,10000.0,10000,9997,9997,26.8726933333306,99.97,3.47704311293388,87.54442735133414,11.70138888888889,19.0,16756.0,0.047179242636746145
cost_comparison,BADP,10025,10000.0,10000,9993,9993,26.658559999997287,99.93,3.8776143300310215,90.20069375619424,11.634722222222223,32.0,16594.0,0.06736426573426574
cost_comparison,BADP,10026,10000.0,10000,9998,9998,26.589173333330642,99.98,3.522704540908182,89.24197587070338,11.585416666666667,14.0,16571.0,0.031209593837535018
cost_comparison,BADP,10027,10000.0,10000,9997,9997,27.66309333333055,99.97,3.052715814744423,85.98741384477073,12.034722222222221,40.0,17263.0,0.04039922915206728
cost_comparison,BADP,10028,10000.0,10000,9949,9949,26.581119999997345,99.49,3.47291185043723,90.82120021569986,11.579166666666667,11.0,16569.0,0.027760083740404746
cost_comparison,BADP,10029,10000.0,10000,9924,9924,26.760213333330658,99.24,3.2528214429665456,86.74623826224685,11.639583333333333,8.0,16700.0,0.0332977700348432
cost_comparison,BADP_PLUS,10000,10000.0,10000,9757,9757,25.331973333330815,97.57,4.313928461617301,95.71362547792107,11.020833333333334,0.0,15808.0,0.15476814971751413
cost_comparison,BADP_PLUS,10001,10000.0,10000,9936,9936,27.11461333333061,99.36,2.8309178743961354,84.88695990153526,11.775694444444444,0.0,16941.0,0.11477641311933008
cost_comparison,BADP_PLUS,10002,10000.0,10000,9991,9991,26.811786666663977,99.91,2.8581723551196077,87.92652265380471,11.645833333333334,0.0,16750.0,0.12336013937282231
cost_comparison,BADP_PLUS,10003,10000.0,10000,9997,9997,26.91791999999729,99.97,3.976592977893368,95.74563815427686,11.708333333333334,0.0,16799.0,0.24813939393939394
cost_comparison,BADP_PLUS,10004,10000.0,10000,9801,9801,26.26735999999737,98.01,2.953270074482196,89.91971454058876,11.411111111111111,0.0,16408.0,0.1152675543097407
cost_comparison,BADP_PLUS,10005,10000.0,10000,9994,9994,26.90165333333064,99.94,3.689513708224935,90.31522358882462,11.686805555555555,0.0,16804.0,0.12020251572327045
cost_comparison,BADP_PLUS,10006,10000.0,10000,9996,9996,26.870399999997307,99.96,3.426170468187275,92.59599485577806,11.677777777777777,0.0,16781.0,0.2076464709993012
cost_comparison,BADP_PLUS,10007,10000.0,10000,9952,9952,26.98671999999729,99.52,3.116258038585209,91.88696444849587,11.727083333333333,0.0,16855.0,0.1589410327983252
cost_comparison,BADP_PLUS,10008,10000.0,10000,9972,9972,26.872319999997305,99.72,3.2879061371841156,94.4704779756326,11.682638888888889,0.0,16777.0,0.1575410739191074
cost_comparison,BADP_PLUS,10009,10000.0,10000,9974,9974,26.87245333333064,99.74,4.072688991377582,94.73984349423927,11.684027777777779,0.0,16776.0,0.2366089310829817
cost_comparison,BADP_PLUS,10010,10000.0,10000,9998,9998,27.10597333333061,99.98,2.856371274254851,89.01696490820356,11.774305555555555,0.0,16933.0,0.13101681786461966
cost_comparison,BADP_PLUS,10011,10000.0,10000,9853,9853,25.65789333333075,98.53,4.335735309042931,95.50948843057904,11.159722222222221,0.0,16013.0,0.139161706629055
cost_comparison,BADP_PLUS,10012,10000.0,10000,9998,9998,26.89797333333063,99.98,3.3884776955391076,89.01696490820356,11.684027777777779,0.0,16803.0,0.11773372988103568
cost_comparison,BADP_PLUS,10013,10000.0,10000,9983,9983,26.711546666663992,99.83,3.773615145747771,94.83969023666496,11.615277777777777,0.0,16675.0,0.2067943741209564
cost_comparison,BADP_PLUS,10014,10000.0,10000,9979,9979,26.456319999997355,99.79,3.637238200220463,94.4704779756326,11.502777777777778,0.0,16517.0,0.16522916373858046
cost_comparison,BADP_PLUS,10015,10000.0,10000,9998,9998,26.977279999997293,99.98,3.0657131426285256,88.49868305531169,11.718055555555555,0.0,16853.0,0.14955031446540878
cost_comparison,BADP_PLUS,10016,10000.0,10000,9991,9991,26.383279999997363,99.91,3.839755780202182,94.2937324602432,11.469444444444445,0.0,16472.0,0.16612736179146256
cost_comparison,BADP_PLUS,10017,10000.0,10000,9998,9998,27.03757333333062,99.98,3.1104220844168835,91.75440103048518,11.747916666666667,0.0,16887.0,0.22960523377529657
cost_comparison,BADP_PLUS,10018,10000.0,10000,9884,9884,26.572026666664,98.84,3.611189801699717,93.27274987224992,11.549305555555556,0.0,16593.0,0.15138557422969187
cost_comparison,BADP_PLUS,10019,10000.0,10000,9997,9997,26.735413333330655,99.97,3.4713414024207263,94.5817967573701,11.622916666666667,0.0,16691.0,0.14527650349650348
cost_comparison,BADP_PLUS,10020,10000.0,10000,9962,9962,26.137973333330734,99.62,4.427323830556113,95.15846257585972,11.36736111111111,0.0,16315.0,0.14611014084507043
cost_comparison,BADP_PLUS,10021,10000.0,10000,9970,9970,26.493359999997356,99.7,4.322266800401204,95.83851385943099,11.525694444444444,0.0,16533.0,0.3177976223776224
cost_comparison,BADP_PLUS,10022,10000.0,10000,9981,9981,27.174346666663936,99.81,2.796012423604849,90.6793914029804,11.805555555555555,0.0,16974.0,0.24895097765363128
cost_comparison,BADP_PLUS,10023,10000.0,10000,9928,9928,26.502239999997347,99.28,3.6076752618855763,94.1041292639138,11.520138888888889,0.0,16547.0,0.286180876216968
cost_comparison,BADP_PLUS,10024,10000.0,10000,9997,9997,26.916133333330627,99.97,3.189156747024107,88.21984946612987,11.691666666666666,0.0,16815.0,0.2209202664796634
cost_comparison,BADP_PLUS,10025,10000.0,10000,9993,9993,26.790186666663974,99.93,3.555789052336636,92.99965401914426,11.643055555555556,0.0,16730.0,0.2922208391608392
cost_comparison,BADP_PLUS,10026,10000.0,10000,9998,9998,26.59727999999733,99.98,3.735247049409882,93.18430120178165,11.560416666666667,0.0,16609.0,0.22165525210084036
cost_comparison,BADP_PLUS,10027,10000.0,10000,9997,9997,27.658106666663883,99.97,3.067220166049815,90.12163426551615,12.015277777777778,0.0,17277.0,0.23627021723896285
cost_comparison,BADP_PLUS,10028,10000.0,10000,9949,9949,26.55191999999734,99.49,3.59583877776661,93.44242473096608,11.540277777777778,0.0,16580.0,0.24016315422191206
cost_comparison,BADP_PLUS,10029,10000.0,10000,9924,9924,26.749093333330652,99.24,3.2557436517533254,90.85086390396378,11.621527777777779,0.0,16708.0,0.17677825783972123
cost_comparison,CDASCALER,10000,10000.0,10000,9538,7607,29.45986666666462,76.07,30.436884042776263,99.91126051823858,33.16597222222222,37830.0,9892.0,0.07276235875706215
cost_comparison,CDASCALER,10001,10000.0,10000,9791,9283,33.98048000000584,92.83,21.97885813502196,40.731784197043076,46.772222222222226,64676.0,14.0,0.5156884856943474
cost_comparison,CDASCALER,10002,10000.0,10000,9871,9355,33.76021333333988,93.55,21.874683416067267,42.55463026952315,46.5625,64321.0,2.0,0.4062375609756098
cost_comparison,CDASCALER,10003,10000.0,10000,9789,7130,31.456793333337036,71.3,35.366738175503116,99.92691158451386,36.03611111111111,42956.0,8918.0,0.08203100775193799
cost_comparison,CDASCALER,10004,10000.0,10000,9581,9003,32.931306666674104,90.03,22.96200814111262,72.02155603292427,45.701388888888886,63249.0,36.0,0.25030175192711984
cost_comparison,CDASCALER,10005,10000.0,10000,9869,9349,34.49626666667368,93.49,22.069307933934542,55.51625839960248,47.297916666666666,65422.0,4.0,0.2701679245283019
cost_comparison,CDASCALER,10006,10000.0,10000,9870,7110,33.438326666675536,71.1,35.897061803444785,99.90815384862103,43.669444444444444,59663.0,2734.0,0.0930988819007687
cost_comparison,CDASCALER,10007,10000.0,10000,9788,9249,34.0497600000056,92.49,22.201879852881078,67.87649220946894,46.85069444444444,64833.0,4.0,0.1985337752965806
cost_comparison,CDASCALER,10008,10000.0,10000,9829,9281,33.88245333333808,92.81,22.001933055244685,63.22591074590637,46.68402777777778,64659.0,3.0,0.23779246861924686
cost_comparison,CDASCALER,10009,10000.0,10000,9834,9279,34.122933333337556,92.79,24.208867195444377,99.90047608988836,46.87916666666667,65579.0,9.0,0.10017911392405063
cost_comparison,CDASCALER,10010,10000.0,10000,9870,9706,44.52967999992288,97.06,23.08277608915907,63.54287968819119,96.6986111111111,136885.0,0.0,0.6356468946266574
cost_comparison,CDASCALER,10011,10000.0,10000,9534,5198,31.52842000000679,51.98,43.427837214180826,99.89870009906788,40.00833333333333,52939.0,4642.0,0.056843229901269395
cost_comparison,CDASCALER,10012,10000.0,10000,9870,9339,34.28810666667258,93.39,22.19270516717325,52.532371212299374,47.09305555555556,65196.0,0.0,0.3256762771168649
cost_comparison,CDASCALER,10013,10000.0,10000,9849,7479,32.334753333343315,74.79,33.087115443192204,99.92042288144428,40.06666666666667,51839.0,5465.0,0.054903305203938116
cost_comparison,CDASCALER,10014,10000.0,10000,9807,4936,32.342746666673996,49.36,44.28428673396554,99.92374462370041,40.7625,53984.0,4705.0,0.05442557976106816
cost_comparison,CDASCALER,10015,10000.0,10000,9867,9356,34.23056000000507,93.56,21.79041248606466,44.426236643846856,47.03541666666667,65032.0,0.0,0.660680782669462
cost_comparison,CDASCALER,10016,10000.0,10000,9871,9316,33.925360000007146,93.16,22.3013879039611,89.61356463424778,46.69166666666667,64528.0,1.0,0.08777263820853744
cost_comparison,CDASCALER,10017,10000.0,10000,9842,8432,30.514186666663896,84.32,26.93355009144483,99.9378281293175,32.173611111111114,34109.0,12213.0,0.049399511514305654
cost_comparison,CDASCALER,10018,10000.0,10000,9638,5345,32.360120000004315,53.45,42.12720481427682,99.93386848986154,41.793055555555554,56490.0,3614.0,0.07484950980392156
cost_comparison,CDASCALER,10019,10000.0,10000,9877,6827,33.12655333334179,68.27,35.75923863521312,99.92148300106975,43.584722222222226,59528.0,2471.0,0.07809671328671328
cost_comparison,CDASCALER,10020,10000.0,10000,9711,7092,31.05225333333644,70.92,35.67881783544434,99.90669127252369,36.14861111111111,43645.0,8379.0,0.061404647887323936
cost_comparison,CDASCALER,10021,10000.0,10000,9755,7909,30.501079999999366,79.09,30.389133777549976,99.91115570746187,33.607638888888886,37814.0,10555.0,0.12877167832167832
cost_comparison,CDASCALER,10022,10000.0,10000,9837,8364,30.303999999995945,83.64,27.24905967266443,99.93908382066277,32.27777777777778,34560.0,11920.0,0.7679967877094973
cost_comparison,CDASCALER,10023,10000.0,10000,9603,5086,33.39222666665505,50.86,53.94689159637613,99.92550167174248,48.10347222222222,63827.0,5423.0,0.08511801112656467
cost_comparison,CDASCALER,10024,10000.0,10000,9880,9346,34.197280000006685,93.46,22.30060728744939,86.29409267697022,46.97847222222222,65026.0,0.0,0.20003877980364654
cost_comparison,CDASCALER,10025,10000.0,10000,9839,8448,30.347079999997693,84.48,26.94186401057018,99.93716751141457,31.96527777777778,33819.0,12191.0,0.05609223776223776
cost_comparison,CDASCALER,10026,10000.0,10000,9867,9333,34.19272000000651,93.33,22.029796290665857,88.47371040396779,46.9625,64981.0,3.0,0.22283200280112045
cost_comparison,CDASCALER,10027,10000.0,10000,9888,9732,44.801813333253534,97.32,23.34445792880259,55.71968638787334,97.24722222222222,137669.0,0.0,1.3044334267694464
cost_comparison,CDASCALER,10028,10000.0,10000,9798,8376,30.137279999997514,83.76,27.511839150847113,99.9385447394297,32.141666666666666,34391.0,11886.0,0.1820951151430565
cost_comparison,CDASCALER,10029,10000.0,10000,9744,7851,30.81233333333205,78.51,31.500718390804597,99.93471928221176,34.04097222222222,38541.0,10467.0,0.06138132404181185
cost_comparison,CEDULE,10000,10000.0,10000,9756,9756,24.767333333330875,97.56,23.824928249282493,73.73062461113965,10.756944444444445,4.0,15472.0,0.035988559322033896
cost_comparison,CEDULE,10001,10000.0,10000,9936,9936,25.428159999997465,99.36,24.778582930756844,44.3711521547933,11.03888888888889,1.0,15890.0,0.01797271458478716
cost_comparison,CEDULE,10002,10000.0,10000,9991,9991,25.187706666664152,99.91,24.553097788009207,72.27572804435425,10.940972222222221,6.0,15733.0,0.02282439024390244
cost_comparison,CEDULE,10003,10000.0,10000,9997,9997,25.612399999997447,99.97,24.812843853155947,70.61997877823252,11.125694444444445,7.0,15998.0,0.0396092318534179
cost_comparison,CEDULE,10004,10000.0,10000,9801,9801,24.699573333330882,98.01,23.944087338026733,71.0291493158834,10.727777777777778,4.0,15429.0,0.019585564120532584
cost_comparison,CEDULE,10005,10000.0,10000,9994,9994,25.746826666664095,99.94,25.009105463277965,65.372399040643,11.179166666666667,0.0,16087.0,0.03129937106918239
cost_comparison,CEDULE,10006,10000.0,10000,9996,9996,25.748133333330763,99.96,25.037014805922368,73.73062461113965,11.182638888888889,2.0,16085.0,0.038421523410202656
cost_comparison,CEDULE,10007,10000.0,10000,9952,9952,25.488506666664126,99.52,24.492865755627008,82.03460689815351,11.072222222222223,4.0,15921.0,0.022311863224005583
cost_comparison,CEDULE,10008,10000.0,10000,9972,9972,25.335253333330808,99.72,24.737164059366226,76.14251486378559,11.004861111111111,1.0,15825.0,0.025887308228730824
cost_comparison,CEDULE,10009,10000.0,10000,9974,9974,25.63959999999744,99.74,24.91267294966914,81.18102755243733,11.138194444444444,3.0,16015.0,0.029996694796061884
cost_comparison,CEDULE,10010,10000.0,10000,9998,9998,25.552453333330785,99.98,24.800160032006403,68.65874583184952,11.096527777777778,0.0,15964.0,0.03389211444521982
cost_comparison,CEDULE,10011,10000.0,10000,9853,9853,25.076533333330826,98.53,24.161778138637978,76.15838247683233,10.89375,4.0,15662.0,0.022348942172073342
cost_comparison,CEDULE,10012,10000.0,10000,9998,9998,25.61783999999744,99.98,25.031106221244247,77.97716150081564,11.126388888888888,1.0,16004.0,0.025533939818054584
cost_comparison,CEDULE,10013,10000.0,10000,9983,9983,25.50325333333079,99.83,24.619553240508864,86.60989827408845,11.080555555555556,6.0,15930.0,0.03500611814345991
cost_comparison,CEDULE,10014,10000.0,10000,9979,9979,25.181253333330826,99.79,24.584026455556668,64.02800014893695,10.935416666666667,0.0,15732.0,0.028689388615600844
cost_comparison,CEDULE,10015,10000.0,10000,9998,9998,25.603093333330776,99.98,24.775255051010202,72.47998357626768,11.11875,0.0,15995.0,0.04041851851851852
cost_comparison,CEDULE,10016,10000.0,10000,9991,9991,25.325946666664144,99.91,24.8167350615554,68.66888896080778,10.998611111111112,1.0,15822.0,0.02157151854443667
cost_comparison,CEDULE,10017,10000.0,10000,9998,9998,25.64581333333077,99.98,24.979595919183836,65.16555224361555,11.136805555555556,0.0,16023.0,0.0340728541521284
cost_comparison,CEDULE,10018,10000.0,10000,9884,9884,25.379653333330804,98.84,24.514771347632536,77.96454855244694,11.022222222222222,0.0,15856.0,0.01917436974789916
cost_comparison,CEDULE,10019,10000.0,10000,9997,9997,25.340826666664142,99.97,24.584375312593778,68.69927899382455,11.00625,3.0,15830.0,0.027966153846153845
cost_comparison,CEDULE,10020,10000.0,10000,9962,9962,25.393413333330813,99.62,24.658803453121863,75.0826647527747,11.029861111111112,2.0,15862.0,0.020913028169014084
cost_comparison,CEDULE,10021,10000.0,10000,9970,9970,25.568026666664114,99.7,24.60752256770311,76.27106244970615,11.104861111111111,0.0,15972.0,0.049478391608391604
cost_comparison,CEDULE,10022,10000.0,10000,9981,9981,25.342293333330808,99.81,24.565674782085964,76.43429313704264,11.00625,1.0,15832.0,0.04949287709497207
cost_comparison,CEDULE,10023,10000.0,10000,9928,9928,25.30687999999748,99.28,24.559629331184528,70.0152207001522,10.991666666666667,1.0,15809.0,0.03354554937413074
cost_comparison,CEDULE,10024,10000.0,10000,9997,9997,25.524426666664112,99.97,24.96038811643493,67.72052792483781,11.083333333333334,0.0,15948.0,0.036360238429172506
cost_comparison,CEDULE,10025,10000.0,10000,9993,9993,25.62911999999744,99.93,24.93315320724507,69.32599724896836,11.128472222222221,0.0,16013.0,0.04843132867132867
cost_comparison,CEDULE,10026,10000.0,10000,9998,9998,25.566506666664107,99.98,24.88617723544709,65.40603548763112,11.102083333333333,3.0,15973.0,0.043410994397759105
cost_comparison,CEDULE,10027,10000.0,10000,9997,9997,25.68893333333076,99.97,24.935680704211265,70.57537574009412,11.156944444444445,3.0,16048.0,0.022881289418360196
cost_comparison,CEDULE,10028,10000.0,10000,9949,9949,25.23237333333082,99.49,24.573927027841993,69.38740490762454,10.959027777777777,4.0,15762.0,0.028039706908583394
cost_comparison,CEDULE,10029,10000.0,10000,9924,9924,25.62335999999744,99.24,24.592402257154372,53.19261213720316,11.123611111111112,0.0,16012.0,0.02642076655052265
cost_comparison,CEMA,10000,10000.0,10000,9494,7140,28.071786666665812,71.4,37.21371392458395,99.88864650262339,33.545833333333334,40338.0,7963.0,0.05838227401129944
cost_comparison,CEMA,10001,10000.0,10000,9713,6232,30.012613333333857,62.32,44.39658190054566,99.92979584934943,36.96041666666667,46785.0,6438.0,0.03453517096999302
cost_comparison,CEMA,10002,10000.0,10000,9800,6790,29.560826666669396,67.9,42.53122448979592,99.93258067845478,35.78472222222222,44301.0,7229.0,0.031557073170731705
cost_comparison,CEMA,10003,10000.0,10000,9858,5659,31.488326666674133,56.59,43.59251369446135,99.9194124366911,39.922222222222224,52540.0,4931.0,0.06636483439041578
cost_comparison,CEMA,10004,10000.0,10000,9589,6743,28.641119999997628,67.43,40.56450099071853,99.91443861359441,34.97847222222222,42840.0,7528.0,0.03172011212333567
cost_comparison,CEMA,10005,10000.0,10000,9828,7045,30.31762666666978,70.45,40.922669922669925,99.91967271003598,36.24722222222222,44651.0,7533.0,0.035058071278826
cost_comparison,CEMA,10006,10000.0,10000,9845,6374,30.99996666666947,63.74,43.766988318943625,99.92632380337578,38.68819444444444,49482.0,6229.0,0.061207896575821104
cost_comparison,CEMA,10007,10000.0,10000,9726,6288,30.37825333333429,62.88,42.80248817602303,99.92967288841108,38.022222222222226,49117.0,5634.0,0.04201598046057223
cost_comparison,CEMA,10008,10000.0,10000,9738,5405,30.95041333333956,54.05,45.221503388786196,99.92621528307112,39.87847222222222,53189.0,4221.0,0.04648633193863319
cost_comparison,CEMA,10009,10000.0,10000,9784,6058,31.813113333337686,60.58,44.23119378577269,99.9231575229083,42.015277777777776,55964.0,4514.0,0.06440210970464136
cost_comparison,CEMA,10010,10000.0,10000,9843,5763,31.106693333337375,57.63,46.463679772427106,99.93589137975248,39.397222222222226,51268.0,5463.0,0.05007599441730635
cost_comparison,CEMA,10011,10000.0,10000,9549,6758,28.949020000002324,67.58,40.20263901979265,99.886408173797,35.36666666666667,43936.0,6990.0,0.036864739069111425
cost_comparison,CEMA,10012,10000.0,10000,9822,6438,30.69526666667294,64.38,42.98330278965587,99.92829077876216,37.90138888888889,48435.0,6132.0,0.05390482855143457
cost_comparison,CEMA,10013,10000.0,10000,9805,5994,31.53122000000365,59.94,43.48118306986232,99.92417078243847,41.5375,54751.0,5063.0,0.04571954992967651
cost_comparison,CEMA,10014,10000.0,10000,9768,5453,30.60801333333723,54.53,46.60257985257985,99.92393914611615,39.269444444444446,51527.0,5021.0,0.059447505270555166
cost_comparison,CEMA,10015,10000.0,10000,9805,5523,32.06085333333831,55.23,48.07373788883223,99.92689634236174,42.769444444444446,58068.0,3486.0,0.06704185883997205
cost_comparison,CEMA,10016,10000.0,10000,9811,6376,30.238326666667955,63.76,43.355621241463666,99.92644595003229,37.47152777777778,47478.0,6480.0,0.05145248425472358
cost_comparison,CEMA,10017,10000.0,10000,9842,6772,30.475093333336144,67.72,41.79018492176387,99.92663866065361,37.12986111111111,46374.0,7093.0,0.0304768318213538
cost_comparison,CEMA,10018,10000.0,10000,9661,6591,29.743273333333455,65.91,42.519821964599934,99.91521330077732,36.81458333333333,45967.0,7043.0,0.03851232492997199
cost_comparison,CEMA,10019,10000.0,10000,9834,5713,31.046986666672527,57.13,43.88804148871263,99.92829716754434,39.44097222222222,51722.0,5058.0,0.04687475524475525
cost_comparison,CEMA,10020,10000.0,10000,9692,6505,29.90894000000139,65.05,42.67860090796533,99.90509866478892,37.30416666666667,47116.0,6600.0,0.03779401408450704
cost_comparison,CEMA,10021,10000.0,10000,9674,6936,29.509246666668453,69.36,39.46888567293777,99.88360088645912,35.71388888888889,43882.0,7545.0,0.08554909090909091
cost_comparison,CEMA,10022,10000.0,10000,9755,6415,30.668453333331346,64.15,45.001742696053306,99.93626719034961,39.670833333333334,51439.0,5687.0,0.06488379888268156
cost_comparison,CEMA,10023,10000.0,10000,9692,6161,30.087880000001775,61.61,43.88278992983904,99.92790366145343,37.734027777777776,47986.0,6348.0,0.05804694019471489
cost_comparison,CEMA,10024,10000.0,10000,9816,7826,29.11699333333236,78.26,35.60299511002445,99.92887752816503,33.49861111111111,38781.0,9456.0,0.056833730715287516
cost_comparison,CEMA,10025,10000.0,10000,9854,6478,31.051506666672232,64.78,41.275015222244775,99.92261959381449,38.84305555555556,49867.0,6055.0,0.06884363636363636
cost_comparison,CEMA,10026,10000.0,10000,9821,5593,31.400120000005654,55.93,46.166276346604214,99.92706697703039,40.31388888888889,53489.0,4548.0,0.08750448179271708
cost_comparison,CEMA,10027,10000.0,10000,9822,5863,31.163893333341047,58.63,46.0816534310731,99.93030294984467,39.014583333333334,50717.0,5450.0,0.06254099509460406
cost_comparison,CEMA,10028,10000.0,10000,9712,5346,30.4249066666702,53.46,46.06064662273476,99.93481900266212,38.765972222222224,50522.0,5301.0,0.05128911374738311
cost_comparison,CEMA,10029,10000.0,10000,9700,6929,29.609053333334376,69.29,40.19845360824742,99.92537651322178,35.43194444444445,43491.0,7529.0,0.05225498257839721
cost_comparison,EDF,10000,10000.0,10000,9602,8821,29.212846666667726,88.21,11.205686315350968,99.87814702832162,29.41875,32442.0,8936.0,0.08150727401129944
cost_comparison,EDF,10001,10000.0,10000,9919,9426,29.494133333332005,94.26,7.480391168464563,99.9252666799526,28.09513888888889,28088.0,11416.0,0.08015373342637823
cost_comparison,EDF,10002,10000.0,10000,9987,9357,29.43909999999805,93.57,8.984579953940122,99.90523223367624,27.199305555555554,27111.0,10909.0,0.048269825783972126
cost_comparison,EDF,10003,10000.0,10000,9986,9438,29.91072666666381,94.38,8.957840977368315,99.85598003483811,25.620833333333334,24195.0,11381.0,0.059965539112050735
cost_comparison,EDF,10004,10000.0,10000,9760,9370,28.688059999998497,93.7,6.968545081967213,99.88391642504327,24.2375,21970.0,11568.0,0.04406208829712684
cost_comparison,EDF,10005,10000.0,10000,9987,9277,29.925506666665946,92.77,9.619305096625613,99.90471776460816,27.90763888888889,28002.0,11263.0,0.049434870719776376
cost_comparison,EDF,10006,10000.0,10000,9990,9390,30.651966666665952,93.9,9.151451451451452,99.9015729367114,29.67361111111111,31656.0,9541.0,0.07552732354996505
cost_comparison,EDF,10007,10000.0,10000,9925,9455,29.417406666665553,94.55,7.425692695214106,99.90672385800937,25.52986111111111,23746.0,11879.0,0.04089720865317516
cost_comparison,EDF,10008,10000.0,10000,9956,9238,29.65159333333057,92.38,10.304037766171152,99.86172379483969,27.158333333333335,26952.0,11017.0,0.054155299860529985
cost_comparison,EDF,10009,10000.0,10000,9956,9228,30.267299999997356,92.28,11.123141824025714,99.84556666004809,27.631944444444443,28125.0,10463.0,0.09924859353023908
cost_comparison,EDF,10010,10000.0,10000,9992,9447,30.533486666666033,94.47,9.232786228983187,99.8930394342214,29.352777777777778,31484.0,9153.0,0.07951598046057222
cost_comparison,EDF,10011,10000.0,10000,9791,9082,29.67262666666883,90.82,10.51475845163926,99.86172355229647,28.929861111111112,31289.0,9335.0,0.057186882933709444
cost_comparison,EDF,10012,10000.0,10000,9989,9428,30.020853333331647,94.28,8.318750625688256,99.90173389981716,27.329166666666666,27256.0,10895.0,0.04468005598320504
cost_comparison,EDF,10013,10000.0,10000,9972,9367,29.44863999999812,93.67,8.88898916967509,99.85658341393108,24.438194444444445,22083.0,11908.0,0.09120407876230661
cost_comparison,EDF,10014,10000.0,10000,9973,9460,29.652999999997668,94.6,8.37992579965908,99.87275411004225,26.161805555555556,25555.0,10621.0,0.06505720309205903
cost_comparison,EDF,10015,10000.0,10000,9992,9347,30.173939999998662,93.47,9.196357085668534,99.91105861237445,29.08888888888889,30781.0,9962.0,0.05512473794549266
cost_comparison,EDF,10016,10000.0,10000,9981,9219,30.246406666667824,92.19,10.38974050696323,99.90390634191202,30.510416666666668,33572.0,9178.0,0.05916766969909028
cost_comparison,EDF,10017,10000.0,10000,9984,9326,30.069359999999428,93.26,9.455128205128204,99.89390697938951,28.120833333333334,28258.0,11007.0,0.05270418702023726
cost_comparison,EDF,10018,10000.0,10000,9840,9342,29.933773333332386,93.42,7.935670731707317,99.88725156554823,27.613194444444446,27703.0,10616.0,0.08425644257703081
cost_comparison,EDF,10019,10000.0,10000,9988,9391,29.61061333333083,93.91,9.052563075690829,99.87108107428243,25.899305555555557,25113.0,10857.0,0.07820244755244755
cost_comparison,EDF,10020,10000.0,10000,9943,9239,29.630173333332618,92.39,9.99889369405612,99.88322938248699,27.431944444444444,27669.0,10787.0,0.05758774647887324
cost_comparison,EDF,10021,10000.0,10000,9946,8900,29.855633333332932,89.0,12.750955157852403,99.84971204260239,29.29375,30761.0,10671.0,0.05679643356643357
cost_comparison,EDF,10022,10000.0,10000,9968,9518,29.58289333333239,95.18,7.468599518459069,99.87566842744963,25.115972222222222,23165.0,11503.0,0.15950013966480447
cost_comparison,EDF,10023,10000.0,10000,9895,9219,29.759813333331184,92.19,9.595957554320364,99.89431122310168,27.330555555555556,27619.0,10453.0,0.09260625869262865
cost_comparison,EDF,10024,10000.0,10000,9990,9235,29.819146666664185,92.35,10.242342342342342,99.90506907126309,27.993055555555557,27856.0,11347.0,0.08925378681626928
cost_comparison,EDF,10025,10000.0,10000,9988,9236,30.1575066666661,92.36,10.413596315578694,99.88377930177731,28.479166666666668,29581.0,10355.0,0.07283132867132867
cost_comparison,EDF,10026,10000.0,10000,9989,9437,29.950246666664604,94.37,8.285614175593153,99.91487734045859,28.281944444444445,28939.0,10601.0,0.07289558823529411
cost_comparison,EDF,10027,10000.0,10000,9993,9683,30.05671333333105,96.83,6.698989292504753,99.89061219071826,25.875694444444445,23867.0,11915.0,0.07987070777855641
cost_comparison,EDF,10028,10000.0,10000,9923,9288,29.72493999999811,92.88,9.164164063287313,99.88461063236437,27.036805555555556,27163.0,10437.0,0.08375673412421493
cost_comparison,EDF,10029,10000.0,10000,9895,9503,29.994439999999006,95.03,7.2138453764527535,99.90859912932208,27.150694444444444,26668.0,10915.0,0.08505839721254356
cost_comparison,HPA,10000,10000.0,10000,9475,7033,28.830933333333128,70.33,36.84031662269129,99.89185690908603,34.62152777777778,41907.0,7914.0,0.05989484463276836
cost_comparison,HPA,10001,10000.0,10000,9796,9243,34.08725333333891,92.43,24.084115965700285,99.90167824225175,46.87916666666667,64692.0,14.0,0.10993607815771109
cost_comparison,HPA,10002,10000.0,10000,9872,9314,33.80389333333979,93.14,24.129659643435982,99.90370977713566,46.60625,64357.0,2.0,0.11536257839721255
cost_comparison,HPA,10003,10000.0,10000,9861,5981,31.964513333340204,59.81,41.78267924145624,99.92150131699681,39.36666666666667,50475.0,6154.0,0.0905939393939394
cost_comparison,HPA,10004,10000.0,10000,9582,7978,32.37578666667617,79.78,30.690148194531414,99.91780856752594,44.865972222222226,63194.0,331.0,0.059423405746320955
cost_comparison,HPA,10005,10000.0,10000,9871,7605,34.14768000000657,76.05,31.543916523148617,99.92579986863504,46.62291666666667,65521.0,359.0,0.07120335429769392
cost_comparison,HPA,10006,10000.0,10000,9859,6162,31.594240000003634,61.62,43.701085302769044,99.92547983075347,39.63333333333333,51184.0,5787.0,0.03692976939203354
cost_comparison,HPA,10007,10000.0,10000,9799,6228,33.33106666667168,62.28,38.502602306357794,99.93323886063588,44.675,62134.0,1593.0,0.047068876482903005
cost_comparison,HPA,10008,10000.0,10000,9828,7836,33.510426666673496,78.36,30.693935693935693,99.92962242661874,45.63472222222222,63505.0,734.0,0.05313863319386332
cost_comparison,HPA,10009,10000.0,10000,9819,7418,32.64400000000677,74.18,36.912516549546794,99.92327182018832,42.88055555555555,57484.0,3574.0,0.062444866385372715
cost_comparison,HPA,10010,10000.0,10000,9658,4156,37.466773333294604,41.56,73.0642990267136,99.9357118366414,67.39791666666666,93325.0,3616.0,0.08221577110956037
cost_comparison,HPA,10011,10000.0,10000,9521,6175,29.999540000003677,61.75,41.49438084234849,99.88994242570945,37.31597222222222,47451.0,6265.0,0.03884555712270804
cost_comparison,HPA,10012,10000.0,10000,9868,8985,34.02298666667292,89.85,27.279590595865425,99.92071111415885,46.799305555555556,65772.0,28.0,0.07495381385584324
cost_comparison,HPA,10013,10000.0,10000,9812,7101,32.15030000000397,71.01,39.685589074602525,99.92229332282787,42.394444444444446,55820.0,4927.0,0.050648523206751055
cost_comparison,HPA,10014,10000.0,10000,9748,6198,31.027853333336004,61.98,42.331965531391056,99.92479641314702,38.36527777777778,48675.0,6560.0,0.04175319747013352
cost_comparison,HPA,10015,10000.0,10000,9871,9316,34.30162666667157,93.16,23.937493668321345,99.90884628266066,47.105555555555554,65084.0,0.0,0.06517155835080363
cost_comparison,HPA,10016,10000.0,10000,9871,5718,31.844426666670994,57.18,43.93070610880357,99.92920899509349,39.986805555555556,52420.0,5078.0,0.04661441567529741
cost_comparison,HPA,10017,10000.0,10000,9838,8339,30.119106666664464,83.39,28.15541776783899,99.93545786715912,32.259027777777774,34775.0,11670.0,0.02999420795533845
cost_comparison,HPA,10018,10000.0,10000,9627,5633,31.073733333335852,56.33,44.36397631660954,99.91158255264494,38.927083333333336,50013.0,6030.0,0.058490826330532215
cost_comparison,HPA,10019,10000.0,10000,9868,6052,31.685233333339422,60.52,41.43585326307256,99.92922049271797,39.516666666666666,50893.0,5763.0,0.048767552447552445
cost_comparison,HPA,10020,10000.0,10000,9688,6992,30.33696000000088,69.92,38.56471924029727,99.90383171958267,36.733333333333334,45083.0,7791.0,0.04196683098591549
cost_comparison,HPA,10021,10000.0,10000,9681,6858,30.361786666669246,68.58,38.591261233343666,99.8901015723481,36.67638888888889,45398.0,7389.0,0.05007090909090909
cost_comparison,HPA,10022,10000.0,10000,9836,8370,30.20725333332927,83.7,28.953334688897925,99.938958220293,32.22083333333333,34522.0,11876.0,0.06046187150837989
cost_comparison,HPA,10023,10000.0,10000,9694,5233,31.388513333338363,52.33,45.07551062512895,99.92314394235409,39.52777777777778,51463.0,5443.0,0.07413386648122393
cost_comparison,HPA,10024,10000.0,10000,9870,5702,32.25041333333674,57.02,42.787132725430595,99.93467028792008,40.44444444444444,52834.0,5326.0,0.07110799438990183
cost_comparison,HPA,10025,10000.0,10000,9865,7292,31.43506666667394,72.92,37.57313735428282,99.91962739530625,38.72569444444444,49405.0,6206.0,0.05509643356643356
cost_comparison,HPA,10026,10000.0,10000,9865,5633,32.432866666671885,56.33,44.16431829700963,99.93194823331696,41.46527777777778,54959.0,4475.0,0.08565287114845938
cost_comparison,HPA,10027,10000.0,10000,9885,5282,44.46311999992373,52.82,47.54132524026303,99.92773055285794,96.04583333333333,137440.0,0.0,0.18985984583041346
cost_comparison,HPA,10028,10000.0,10000,9795,8359,30.01043999999751,83.59,28.007656967840735,99.93842617298141,32.05138888888889,34326.0,11822.0,0.059269295184926726
cost_comparison,HPA,10029,10000.0,10000,9752,8155,29.56842666666518,81.55,29.977543068088597,99.9309218180408,32.49861111111111,36001.0,10786.0,0.03983825783972126
credit_regeneration_sensitivity,BADP,10000,0.5,3500,3463,3463,11.431679999999005,98.94285714285714,3.5512561362980075,60.3459747172322,4.96875,3.0,7137.0,0.014857444933920704
credit_regeneration_sensitivity,BADP,10001,0.5,3500,3498,3498,11.737706666665638,99.94285714285714,3.6203544882790166,57.10370532777899,5.1,0.0,7330.0,0.01101654135338346
credit_regeneration_sensitivity,BADP,10002,0.5,3500,3498,3498,11.858133333332288,99.94285714285714,3.0851915380217267,53.276421376131125,5.1506944444444445,0.0,7407.0,0.007555875102711585
credit_regeneration_sensitivity,BADP,10003,0.5,3500,3499,3499,11.652693333332314,99.97142857142858,3.573020863103744,57.1372684026039,5.063888888888889,0.0,7276.0,0.00954045534150613
credit_regeneration_sensitivity,BADP,10004,0.5,3500,3472,3472,11.422986666665672,99.2,3.4890552995391704,60.33163080751813,4.964583333333334,0.0,7132.0,0.01716419545071609
credit_regeneration_sensitivity,BADP,10005,0.5,3500,3498,3498,11.54202666666566,99.94285714285714,3.0817610062893084,53.296356344397985,5.013888888888889,1.0,7209.0,0.00866266891891892
credit_regeneration_sensitivity,BADP,10006,0.5,3500,3500,3500,11.647146666665646,100.0,3.379714285714286,53.2365003417635,5.058333333333334,0.0,7276.0,0.007785291557876414
credit_regeneration_sensitivity,BADP,10007,0.5,3500,3496,3496,11.400319999999008,99.88571428571429,3.3915903890160184,53.31627430910952,4.9527777777777775,0.0,7120.0,0.009398994974874373
credit_regeneration_sensitivity,BADP,10008,0.5,3500,3496,3496,11.596639999998986,99.88571428571429,3.379576659038902,57.01956722998949,5.0368055555555555,0.0,7244.0,0.009500247116968698
credit_regeneration_sensitivity,BADP,10009,0.5,3500,3500,3500,11.497279999998998,100.0,3.6745714285714284,63.07822717364979,4.997222222222222,1.0,7178.0,0.008778161888701518
credit_regeneration_sensitivity,BADP,10010,0.5,3500,3499,3499,11.661599999998979,99.97142857142858,3.350957416404687,53.37592639918221,5.067361111111111,2.0,7282.0,0.006639787581699347
credit_regeneration_sensitivity,BADP,10011,0.5,3500,3463,3463,11.549119999998991,98.94285714285714,3.501876985272885,57.07008964955175,5.017361111111111,1.0,7213.0,0.012123787740164685
credit_regeneration_sensitivity,BADP,10012,0.5,3500,3499,3499,11.42090666666567,99.97142857142858,3.350957416404687,53.35605931481166,4.9625,0.0,7132.0,0.0068185
credit_regeneration_sensitivity,BADP,10013,0.5,3500,3497,3497,11.46650666666567,99.91428571428571,4.039748355733486,65.5732567904639,4.988194444444445,5.0,7154.0,0.010882186616399623
credit_regeneration_sensitivity,BADP,10014,0.5,3500,3498,3498,11.392586666665675,99.94285714285714,3.43453401943968,57.15403025231116,4.951388888888889,2.0,7113.0,0.009098247078464107
credit_regeneration_sensitivity,BADP,10015,0.5,3500,3498,3498,11.734026666665637,99.94285714285714,3.31789594053745,53.296356344397985,5.097222222222222,0.0,7329.0,0.01864106364428945
credit_regeneration_sensitivity,BADP,10016,0.5,3500,3499,3499,11.334559999999016,99.97142857142858,3.6238925407259215,57.22094675850005,4.927777777777778,3.0,7075.0,0.007192320675105485
credit_regeneration_sensitivity,BADP,10017,0.5,3500,3498,3498,11.350133333332348,99.94285714285714,3.94568324757004,63.16495966280521,4.936111111111111,1.0,7083.0,0.00705149190110827
credit_regeneration_sensitivity,BADP,10018,0.5,3500,3469,3469,11.275999999999021,99.11428571428571,3.095704814067455,63.04093094670492,4.9,1.0,7041.0,0.010146087704213241
credit_regeneration_sensitivity,BADP,10019,0.5,3500,3500,3500,11.506666666665664,100.0,3.512,57.20423723517279,5.002083333333333,1.0,7183.0,0.01101933751119069
credit_regeneration_sensitivity,BADP,10020,0.5,3500,3498,3498,11.415519999999,99.94285714285714,3.8430531732418527,60.474604616294,4.965277777777778,1.0,7123.0,0.00877669237360754
credit_regeneration_sensitivity,BADP,10021,0.5,3500,3499,3499,11.245226666665689,99.97142857142858,4.293798228065161,60.46035363004413,4.8909722222222225,3.0,7017.0,0.03223485513608428
credit_regeneration_sensitivity,BADP,10022,0.5,3500,3500,3500,11.61546666666565,100.0,3.426285714285714,60.374631438977865,5.049305555555556,1.0,7251.0,0.00993945278022948
credit_regeneration_sensitivity,BADP,10023,0.5,3500,3498,3498,11.750239999998968,99.94285714285714,3.142367066895369,57.01956722998949,5.103472222222222,0.0,7340.0,0.006938011226944667
credit_regeneration_sensitivity,BADP,10024,0.5,3500,3499,3499,11.466826666665668,99.97142857142858,3.2732209202629323,57.05326204550087,4.98125,2.0,7162.0,0.01244724279835391
credit_regeneration_sensitivity,BADP,10025,0.5,3500,3498,3498,11.461546666665667,99.94285714285714,3.0906232132647227,57.00269998744191,4.977777777777778,0.0,7160.0,0.01129009393680615
credit_regeneration_sensitivity,BADP,10026,0.5,3500,3499,3499,11.348533333332336,99.97142857142858,4.040583023721063,53.57367037068454,4.935416666666667,0.0,7082.0,0.01594458041958042
credit_regeneration_sensitivity,BADP,10027,0.5,3500,3500,3500,11.755093333332303,100.0,3.5677142857142856,53.39577656675749,5.108333333333333,5.0,7340.0,0.008518496110630942
credit_regeneration_sensitivity,BADP,10028,0.5,3500,3495,3495,11.34570666666568,99.85714285714286,3.40343347639485,53.35605931481166,4.929861111111111,1.0,7085.0,0.011020322580645161
credit_regeneration_sensitivity,BADP,10029,0.5,3500,3496,3496,11.430986666665662,99.88571428571429,3.7714530892448512,57.15403025231116,4.968055555555556,0.0,7137.0,0.008485751295336788
credit_regeneration_sensitivity,BADP_PLUS,10000,0.5,3500,3463,3463,11.483946666665664,98.94285714285714,3.3970545769563962,60.20206712344677,4.9875,0.0,7174.0,0.05046325991189427
credit_regeneration_sensitivity,BADP_PLUS,10001,0.5,3500,3498,3498,11.739039999998969,99.94285714285714,3.6083476272155517,62.966111988339605,5.098611111111111,0.0,7333.0,0.06179749373433584
credit_regeneration_sensitivity,BADP_PLUS,10002,0.5,3500,3498,3498,11.860853333332289,99.94285714285714,3.0889079473985133,56.985819500934376,5.1506944444444445,0.0,7410.0,0.04615086277732128
credit_regeneration_sensitivity,BADP_PLUS,10003,0.5,3500,3499,3499,11.627733333332316,99.97142857142858,3.687625035724493,65.36705923889744,5.050694444444445,0.0,7263.0,0.05948266199649737
credit_regeneration_sensitivity,BADP_PLUS,10004,0.5,3500,3472,3472,11.422933333332338,99.2,3.5345622119815667,65.36705923889744,4.961805555555555,0.0,7135.0,0.04596360572872788
credit_regeneration_sensitivity,BADP_PLUS,10005,0.5,3500,3498,3498,11.535359999998992,99.94285714285714,3.10062893081761,53.1965110312981,5.009027777777778,0.0,7207.0,0.04237744932432432
credit_regeneration_sensitivity,BADP_PLUS,10006,0.5,3500,3500,3500,11.64735999999898,100.0,3.388571428571429,53.1965110312981,5.057638888888889,0.0,7277.0,0.06556597040905135
credit_regeneration_sensitivity,BADP_PLUS,10007,0.5,3500,3496,3496,11.400746666665674,99.88571428571429,3.391304347826087,60.20206712344677,4.951388888888889,0.0,7122.0,0.051669095477386934
credit_regeneration_sensitivity,BADP_PLUS,10008,0.5,3500,3496,3496,11.59525333333232,99.88571428571429,3.380434782608696,56.985819500934376,5.035416666666666,0.0,7244.0,0.04922438220757826
credit_regeneration_sensitivity,BADP_PLUS,10009,0.5,3500,3500,3500,11.485333333332331,100.0,3.6977142857142855,65.36705923889744,4.988888888888889,0.0,7174.0,0.04935143338954469
credit_regeneration_sensitivity,BADP_PLUS,10010,0.5,3500,3499,3499,11.701759999998973,99.97142857142858,3.249785653043727,53.1965110312981,5.08125,0.0,7311.0,0.0602140522875817
credit_regeneration_sensitivity,BADP_PLUS,10011,0.5,3500,3463,3463,11.558453333332324,98.94285714285714,3.367600346520358,56.985819500934376,5.019444444444445,0.0,7221.0,0.06583513266239707
credit_regeneration_sensitivity,BADP_PLUS,10012,0.5,3500,3499,3499,11.419946666665671,99.97142857142858,3.349528436696199,60.20206712344677,4.959722222222222,0.0,7134.0,0.045968
credit_regeneration_sensitivity,BADP_PLUS,10013,0.5,3500,3497,3497,11.462506666665668,99.91428571428571,4.087503574492422,72.47308821473509,4.980555555555555,0.0,7158.0,0.05865862393967955
credit_regeneration_sensitivity,BADP_PLUS,10014,0.5,3500,3498,3498,11.389333333332342,99.94285714285714,3.419668381932533,65.36705923889744,4.947222222222222,0.0,7114.0,0.04687679465776294
credit_regeneration_sensitivity,BADP_PLUS,10015,0.5,3500,3498,3498,11.73055999999897,99.94285714285714,3.3887935963407663,53.1965110312981,5.09375,0.0,7329.0,0.04899965126416739
credit_regeneration_sensitivity,BADP_PLUS,10016,0.5,3500,3499,3499,11.374453333332344,99.97142857142858,3.6716204629894253,56.985819500934376,4.939583333333333,0.0,7106.0,0.0464053164556962
credit_regeneration_sensitivity,BADP_PLUS,10017,0.5,3500,3498,3498,11.384533333332342,99.94285714285714,3.5254431103487707,65.36705923889744,4.945138888888889,0.0,7111.0,0.05406095481670929
credit_regeneration_sensitivity,BADP_PLUS,10018,0.5,3500,3469,3469,11.272746666665688,99.11428571428571,3.101470164312482,60.20206712344677,4.895833333333333,0.0,7042.0,0.07759114359415305
credit_regeneration_sensitivity,BADP_PLUS,10019,0.5,3500,3500,3500,11.502453333332328,100.0,3.535142857142857,56.985819500934376,4.995138888888889,0.0,7186.0,0.09165165622202327
credit_regeneration_sensitivity,BADP_PLUS,10020,0.5,3500,3498,3498,11.393439999999007,99.94285714285714,4.001429388221841,62.966111988339605,4.948611111111111,0.0,7117.0,0.06298174807197944
credit_regeneration_sensitivity,BADP_PLUS,10021,0.5,3500,3499,3499,11.245813333332356,99.97142857142858,4.307516433266648,70.98901330411975,4.886111111111111,0.0,7023.0,0.06808911325724319
credit_regeneration_sensitivity,BADP_PLUS,10022,0.5,3500,3500,3500,11.618613333332316,100.0,3.400857142857143,70.98901330411975,5.047916666666667,0.0,7256.0,0.05837166813768755
credit_regeneration_sensitivity,BADP_PLUS,10023,0.5,3500,3498,3498,11.747253333332301,99.94285714285714,3.148084619782733,56.985819500934376,5.101388888888889,0.0,7339.0,0.0744457898957498
credit_regeneration_sensitivity,BADP_PLUS,10024,0.5,3500,3499,3499,11.464053333332334,99.97142857142858,3.281223206630466,56.985819500934376,4.978472222222222,0.0,7162.0,0.05063975308641975
credit_regeneration_sensitivity,BADP_PLUS,10025,0.5,3500,3498,3498,11.459253333332333,99.94285714285714,3.090909090909091,56.985819500934376,4.976388888888889,0.0,7159.0,0.06036071733561059
credit_regeneration_sensitivity,BADP_PLUS,10026,0.5,3500,3499,3499,11.34954666666568,99.97142857142858,4.0185767362103455,60.20206712344677,4.929166666666666,0.0,7090.0,0.058554632867132875
credit_regeneration_sensitivity,BADP_PLUS,10027,0.5,3500,3500,3500,11.745653333332301,100.0,3.599142857142857,56.985819500934376,5.100694444444445,0.0,7338.0,0.0537324114088159
credit_regeneration_sensitivity,BADP_PLUS,10028,0.5,3500,3495,3495,11.336959999999014,99.85714285714286,3.4206008583690988,53.1965110312981,4.922916666666667,0.0,7083.0,0.07565516129032258
credit_regeneration_sensitivity,BADP_PLUS,10029,0.5,3500,3496,3496,11.429333333332334,99.88571428571429,3.78175057208238,65.36705923889744,4.964583333333334,0.0,7139.0,0.05169576856649396
credit_regeneration_sensitivity,CEDULE,10000,0.5,3500,3463,3463,10.797546666665738,98.94285714285714,19.3595148714987,44.4207108680793,4.689583333333333,3.0,6745.0,0.009051629955947136
credit_regeneration_sensitivity,CEDULE,10001,0.5,3500,3498,3498,10.979893333332386,99.94285714285714,19.854774156660948,8.885080126831777,4.7659722222222225,0.0,6862.0,0.0058889724310776945
credit_regeneration_sensitivity,CEDULE,10002,0.5,3500,3498,3498,10.939199999999056,99.94285714285714,19.887650085763294,0.0,4.747916666666667,0.0,6837.0,0.007027691043549712
credit_regeneration_sensitivity,CEDULE,10003,0.5,3500,3499,3499,10.951573333332389,99.97142857142858,19.813661046013145,35.494693598082854,4.754861111111111,0.0,6843.0,0.006653590192644483
credit_regeneration_sensitivity,CEDULE,10004,0.5,3500,3472,3472,10.787893333332406,99.2,19.030241935483872,8.885080126831777,4.682638888888889,0.0,6742.0,0.0058550968828980626
credit_regeneration_sensitivity,CEDULE,10005,0.5,3500,3498,3498,10.782399999999074,99.94285714285714,19.724128073184676,0.0,4.679861111111111,0.0,6739.0,0.0056291385135135135
credit_regeneration_sensitivity,CEDULE,10006,0.5,3500,3500,3500,10.982879999999053,100.0,20.050285714285714,26.63241715900334,4.768055555555556,0.0,6863.0,0.005020539599651872
credit_regeneration_sensitivity,CEDULE,10007,0.5,3500,3496,3496,10.710399999999082,99.88571428571429,19.268020594965677,0.0,4.648611111111111,0.0,6694.0,0.007651507537688442
credit_regeneration_sensitivity,CEDULE,10008,0.5,3500,3496,3496,10.80186666666574,99.88571428571429,19.458810068649885,44.3493883137993,4.690277777777778,0.0,6749.0,0.005895304777594729
credit_regeneration_sensitivity,CEDULE,10009,0.5,3500,3500,3500,10.775093333332409,100.0,19.363714285714284,8.885080126831777,4.677083333333333,0.0,6734.0,0.008002782462057337
credit_regeneration_sensitivity,CEDULE,10010,0.5,3500,3499,3499,10.90719999999906,99.97142857142858,19.819948556730495,0.0,4.7340277777777775,0.0,6817.0,0.01689705882352941
credit_regeneration_sensitivity,CEDULE,10011,0.5,3500,3463,3463,10.921386666665725,98.94285714285714,19.59688131677736,17.762549254754155,4.740972222222222,0.0,6825.0,0.01250018298261665
credit_regeneration_sensitivity,CEDULE,10012,0.5,3500,3499,3499,10.773493333332409,99.97142857142858,19.634466990568733,8.885080126831777,4.676388888888889,0.0,6733.0,0.00578475
credit_regeneration_sensitivity,CEDULE,10013,0.5,3500,3497,3497,10.796159999999073,99.91428571428571,19.654275092936803,53.1965110312981,4.688194444444444,0.0,6745.0,0.008158058435438265
credit_regeneration_sensitivity,CEDULE,10014,0.5,3500,3498,3498,10.637973333332424,99.94285714285714,19.341052029731276,35.494693598082854,4.61875,0.0,6647.0,0.006174123539232054
credit_regeneration_sensitivity,CEDULE,10015,0.5,3500,3498,3498,10.969599999999053,99.94285714285714,19.93138936535163,0.0,4.761111111111111,0.0,6856.0,0.0065927637314734085
credit_regeneration_sensitivity,CEDULE,10016,0.5,3500,3499,3499,10.76389333333241,99.97142857142858,19.52757930837382,8.885080126831777,4.6722222222222225,0.0,6727.0,0.00576210970464135
credit_regeneration_sensitivity,CEDULE,10017,0.5,3500,3498,3498,10.752693333332411,99.94285714285714,19.678673527730133,8.885080126831777,4.667361111111111,0.0,6720.0,0.0050908780903665815
credit_regeneration_sensitivity,CEDULE,10018,0.5,3500,3469,3469,10.565493333332432,99.11428571428571,19.110118189680023,8.885080126831777,4.586111111111111,0.0,6603.0,0.006500085984522785
credit_regeneration_sensitivity,CEDULE,10019,0.5,3500,3500,3500,10.837493333332402,100.0,19.952,8.885080126831777,4.704166666666667,0.0,6773.0,0.00651727842435094
credit_regeneration_sensitivity,CEDULE,10020,0.5,3500,3498,3498,10.926186666665725,99.94285714285714,19.73642081189251,17.762549254754155,4.743055555555555,0.0,6828.0,0.007842330762639245
credit_regeneration_sensitivity,CEDULE,10021,0.5,3500,3499,3499,10.763679999999077,99.97142857142858,19.710202915118604,26.63241715900334,4.672916666666667,0.0,6726.0,0.014971027216856891
credit_regeneration_sensitivity,CEDULE,10022,0.5,3500,3500,3500,10.901066666665727,100.0,19.58142857142857,44.3493883137993,4.733333333333333,0.0,6811.0,0.006998852603706973
credit_regeneration_sensitivity,CEDULE,10023,0.5,3500,3498,3498,11.017386666665715,99.94285714285714,19.775871926815324,17.762549254754155,4.782638888888889,0.0,6885.0,0.006710104250200481
credit_regeneration_sensitivity,CEDULE,10024,0.5,3500,3499,3499,10.855786666665733,99.97142857142858,19.629608459559876,17.762549254754155,4.7125,0.0,6784.0,0.0056896296296296296
credit_regeneration_sensitivity,CEDULE,10025,0.5,3500,3498,3498,10.696693333332417,99.94285714285714,19.592052601486564,8.885080126831777,4.643055555555556,0.0,6685.0,0.005662510674637062
credit_regeneration_sensitivity,CEDULE,10026,0.5,3500,3499,3499,10.833173333332402,99.97142857142858,19.55301514718491,35.494693598082854,4.7034722222222225,0.0,6769.0,0.008497902097902098
credit_regeneration_sensitivity,CEDULE,10027,0.5,3500,3500,3500,11.062399999999043,100.0,19.91342857142857,0.0,4.801388888888889,0.0,6914.0,0.015611495246326707
credit_regeneration_sensitivity,CEDULE,10028,0.5,3500,3495,3495,10.694399999999083,99.85714285714286,19.35793991416309,0.0,4.641666666666667,0.0,6684.0,0.0075032258064516135
credit_regeneration_sensitivity,CEDULE,10029,0.5,3500,3496,3496,10.783359999999073,99.88571428571429,19.274313501144164,53.1965110312981,4.682638888888889,0.0,6737.0,0.00839887737478411
credit_regeneration_sensitivity,BADP,10000,0.75,3500,3463,3463,11.431679999999005,98.94285714285714,3.5512561362980075,60.33043553479521,4.96875,3.0,7137.0,0.0070025550660792945
credit_regeneration_sensitivity,BADP,10001,0.75,3500,3498,3498,11.737706666665638,99.94285714285714,3.6203544882790166,57.08428993112495,5.1,0.0,7330.0,0.008585129490392649
credit_regeneration_sensitivity,BADP,10002,0.75,3500,3498,3498,11.858133333332288,99.94285714285714,3.0851915380217267,53.248147201635575,5.1506944444444445,0.0,7407.0,0.007105094494658998
credit_regeneration_sensitivity,BADP,10003,0.75,3500,3499,3499,11.652693333332314,99.97142857142858,3.573020863103744,57.1345001871958,5.063888888888889,0.0,7276.0,0.009080035026269704
credit_regeneration_sensitivity,BADP,10004,0.75,3500,3472,3472,11.422986666665672,99.2,3.4890552995391704,60.308977216175876,4.964583333333334,0.0,7132.0,0.013949115417017693
credit_regeneration_sensitivity,BADP,10005,0.75,3500,3498,3498,11.54202666666566,99.94285714285714,3.0817610062893084,53.277997701442985,5.013888888888889,1.0,7209.0,0.007982010135135135
credit_regeneration_sensitivity,BADP,10006,0.75,3500,3500,3500,11.64303999999898,100.0,3.3674285714285714,53.21825853471423,5.0569444444444445,0.0,7273.0,0.0076183637946040045
credit_regeneration_sensitivity,BADP,10007,0.75,3500,3496,3496,11.400319999999008,99.88571428571429,3.3915903890160184,53.30781010719755,4.9527777777777775,0.0,7120.0,0.007082914572864322
credit_regeneration_sensitivity,BADP,10008,0.75,3500,3496,3496,11.596639999998986,99.88571428571429,3.379576659038902,56.958248161462365,5.0368055555555555,0.0,7244.0,0.020249423393739703
credit_regeneration_sensitivity,BADP,10009,0.75,3500,3500,3500,11.497279999998998,100.0,3.6745714285714284,63.038754074610644,4.997222222222222,1.0,7178.0,0.009296880269814503
credit_regeneration_sensitivity,BADP,10010,0.75,3500,3499,3499,11.663893333332313,99.97142857142858,3.3523863961131752,53.426680244399186,5.06875,2.0,7283.0,0.007638643790849674
credit_regeneration_sensitivity,BADP,10011,0.75,3500,3463,3463,11.549119999998991,98.94285714285714,3.501876985272885,57.03396191012289,5.017361111111111,1.0,7213.0,0.019129551692589203
credit_regeneration_sensitivity,BADP,10012,0.75,3500,3499,3499,11.42090666666567,99.97142857142858,3.350957416404687,53.36732092786133,4.9625,0.0,7132.0,0.015551583333333332
credit_regeneration_sensitivity,BADP,10013,0.75,3500,3497,3497,11.46650666666567,99.91428571428571,4.039748355733486,65.57300342510621,4.988194444444445,5.0,7154.0,0.017623562676720075
credit_regeneration_sensitivity,BADP,10014,0.75,3500,3498,3498,11.392586666665675,99.94285714285714,3.43453401943968,57.159561282477014,4.951388888888889,2.0,7113.0,0.008798080133555927
credit_regeneration_sensitivity,BADP,10015,0.75,3500,3498,3498,11.734026666665637,99.94285714285714,3.31789594053745,53.277997701442985,5.097222222222222,0.0,7329.0,0.01216303400174368
credit_regeneration_sensitivity,BADP,10016,0.75,3500,3499,3499,11.335946666665683,99.97142857142858,3.6130322949414118,57.30931462795087,4.929166666666666,4.0,7075.0,0.013258818565400845
credit_regeneration_sensitivity,BADP,10017,0.75,3500,3498,3498,11.350133333332348,99.94285714285714,3.94568324757004,63.16844785755819,4.936111111111111,1.0,7083.0,0.012492924126172207
credit_regeneration_sensitivity,BADP,10018,0.75,3500,3469,3469,11.275999999999021,99.11428571428571,3.095704814067455,62.98289099812587,4.9,1.0,7041.0,0.021766809974204646
credit_regeneration_sensitivity,BADP,10019,0.75,3500,3500,3500,11.506666666665664,100.0,3.512,57.23456905406667,5.002083333333333,1.0,7183.0,0.018248343777976725
credit_regeneration_sensitivity,BADP,10020,0.75,3500,3498,3498,11.418719999999,99.94285714285714,3.8379073756432245,57.408569900723066,4.966666666666667,1.0,7125.0,0.01170745501285347
credit_regeneration_sensitivity,BADP,10021,0.75,3500,3499,3499,11.245226666665689,99.97142857142858,4.293798228065161,60.50127040179148,4.8909722222222225,3.0,7017.0,0.014726865671641791
credit_regeneration_sensitivity,BADP,10022,0.75,3500,3500,3500,11.616159999998983,100.0,3.426857142857143,60.394671502903904,5.05,1.0,7251.0,0.01989108561341571
credit_regeneration_sensitivity,BADP,10023,0.75,3500,3498,3498,11.750239999998968,99.94285714285714,3.142367066895369,56.958248161462365,5.103472222222222,0.0,7340.0,0.013633921411387329
credit_regeneration_sensitivity,BADP,10024,0.75,3500,3499,3499,11.466826666665668,99.97142857142858,3.2732209202629323,57.00875360822322,4.98125,2.0,7162.0,0.012760246913580247
credit_regeneration_sensitivity,BADP,10025,0.75,3500,3498,3498,11.461546666665667,99.94285714285714,3.0906232132647227,56.93295091216852,4.977777777777778,0.0,7160.0,0.015956959863364647
credit_regeneration_sensitivity,BADP,10026,0.75,3500,3499,3499,11.350826666665668,99.97142857142858,4.040297227779366,53.721224386541856,4.936805555555556,0.0,7083.0,0.012992657342657343
credit_regeneration_sensitivity,BADP,10027,0.75,3500,3500,3500,11.755093333332303,100.0,3.5677142857142856,53.426680244399186,5.108333333333333,5.0,7340.0,0.016136819360414868
credit_regeneration_sensitivity,BADP,10028,0.75,3500,3495,3495,11.34570666666568,99.85714285714286,3.40343347639485,53.36732092786133,4.929861111111111,1.0,7085.0,0.009949112903225806
credit_regeneration_sensitivity,BADP,10029,0.75,3500,3496,3496,11.430986666665662,99.88571428571429,3.7714530892448512,57.159561282477014,4.968055555555556,0.0,7137.0,0.013431433506044905
credit_regeneration_sensitivity,BADP_PLUS,10000,0.75,3500,3463,3463,11.483946666665664,98.94285714285714,3.3970545769563962,60.114802574360766,4.9875,0.0,7174.0,0.045582819383259914
credit_regeneration_sensitivity,BADP_PLUS,10001,0.75,3500,3498,3498,11.739039999998969,99.94285714285714,3.6083476272155517,62.87065672184828,5.098611111111111,0.0,7333.0,0.0559563074352548
credit_regeneration_sensitivity,BADP_PLUS,10002,0.75,3500,3498,3498,11.860853333332289,99.94285714285714,3.0889079473985133,56.90762390910588,5.1506944444444445,0.0,7410.0,0.07535094494658998
credit_regeneration_sensitivity,BADP_PLUS,10003,0.75,3500,3499,3499,11.627733333332316,99.97142857142858,3.687625035724493,65.26419156248821,5.050694444444445,0.0,7263.0,0.05424168126094571
credit_regeneration_sensitivity,BADP_PLUS,10004,0.75,3500,3472,3472,11.422933333332338,99.2,3.5345622119815667,65.26419156248821,4.961805555555555,0.0,7135.0,0.09537674810446503
credit_regeneration_sensitivity,BADP_PLUS,10005,0.75,3500,3498,3498,11.535359999998992,99.94285714285714,3.10062893081761,53.12836279784781,5.009027777777778,0.0,7207.0,0.04845219594594595
credit_regeneration_sensitivity,BADP_PLUS,10006,0.75,3500,3500,3500,11.64735999999898,100.0,3.388571428571429,53.12836279784781,5.057638888888889,0.0,7277.0,0.049799390774586595
credit_regeneration_sensitivity,BADP_PLUS,10007,0.75,3500,3496,3496,11.400746666665674,99.88571428571429,3.391304347826087,60.114802574360766,4.951388888888889,0.0,7122.0,0.04822646566164154
credit_regeneration_sensitivity,BADP_PLUS,10008,0.75,3500,3496,3496,11.59525333333232,99.88571428571429,3.380434782608696,56.90762390910588,5.035416666666666,0.0,7244.0,0.04881070840197693
credit_regeneration_sensitivity,BADP_PLUS,10009,0.75,3500,3500,3500,11.485333333332331,100.0,3.6977142857142855,65.26419156248821,4.988888888888889,0.0,7174.0,0.057231028667790895
credit_regeneration_sensitivity,BADP_PLUS,10010,0.75,3500,3499,3499,11.701759999998973,99.97142857142858,3.249785653043727,53.12836279784781,5.08125,0.0,7311.0,0.07721642156862746
credit_regeneration_sensitivity,BADP_PLUS,10011,0.75,3500,3463,3463,11.558453333332324,98.94285714285714,3.367600346520358,56.90762390910588,5.019444444444445,0.0,7221.0,0.11248865507776762
credit_regeneration_sensitivity,BADP_PLUS,10012,0.75,3500,3499,3499,11.419946666665671,99.97142857142858,3.349528436696199,60.114802574360766,4.959722222222222,0.0,7134.0,0.07480575
credit_regeneration_sensitivity,BADP_PLUS,10013,0.75,3500,3497,3497,11.462506666665668,99.91428571428571,4.087503574492422,72.34666108436258,4.980555555555555,0.0,7158.0,0.1121272384542884
credit_regeneration_sensitivity,BADP_PLUS,10014,0.75,3500,3498,3498,11.389333333332342,99.94285714285714,3.419668381932533,65.26419156248821,4.947222222222222,0.0,7114.0,0.05549590984974958
credit_regeneration_sensitivity,BADP_PLUS,10015,0.75,3500,3498,3498,11.73055999999897,99.94285714285714,3.3887935963407663,53.12836279784781,5.09375,0.0,7329.0,0.08238317349607673
credit_regeneration_sensitivity,BADP_PLUS,10016,0.75,3500,3499,3499,11.374453333332344,99.97142857142858,3.6716204629894253,56.90762390910588,4.939583333333333,0.0,7106.0,0.07408886075949367
credit_regeneration_sensitivity,BADP_PLUS,10017,0.75,3500,3498,3498,11.384533333332342,99.94285714285714,3.5254431103487707,65.26419156248821,4.945138888888889,0.0,7111.0,0.07729369138959931
credit_regeneration_sensitivity,BADP_PLUS,10018,0.75,3500,3469,3469,11.272746666665688,99.11428571428571,3.101470164312482,60.114802574360766,4.895833333333333,0.0,7042.0,0.06379475494411005
credit_regeneration_sensitivity,BADP_PLUS,10019,0.75,3500,3500,3500,11.502453333332328,100.0,3.535142857142857,56.90762390910588,4.995138888888889,0.0,7186.0,0.07572327663384064
credit_regeneration_sensitivity,BADP_PLUS,10020,0.75,3500,3498,3498,11.393439999999007,99.94285714285714,4.001429388221841,62.87065672184828,4.948611111111111,0.0,7117.0,0.07744190231362469
credit_regeneration_sensitivity,BADP_PLUS,10021,0.75,3500,3499,3499,11.245813333332356,99.97142857142858,4.307516433266648,70.86770667381738,4.886111111111111,0.0,7023.0,0.06416426690079016
credit_regeneration_sensitivity,BADP_PLUS,10022,0.75,3500,3500,3500,11.618613333332316,100.0,3.400857142857143,70.86770667381738,5.047916666666667,0.0,7256.0,0.07656778464254192
credit_regeneration_sensitivity,BADP_PLUS,10023,0.75,3500,3498,3498,11.747253333332301,99.94285714285714,3.148084619782733,56.90762390910588,5.101388888888889,0.0,7339.0,0.07081571772253407
credit_regeneration_sensitivity,BADP_PLUS,10024,0.75,3500,3499,3499,11.464053333332334,99.97142857142858,3.281223206630466,56.90762390910588,4.978472222222222,0.0,7162.0,0.1212558024691358
credit_regeneration_sensitivity,BADP_PLUS,10025,0.75,3500,3498,3498,11.459253333332333,99.94285714285714,3.090909090909091,56.90762390910588,4.976388888888889,0.0,7159.0,0.06725209222886422
credit_regeneration_sensitivity,BADP_PLUS,10026,0.75,3500,3499,3499,11.34954666666568,99.97142857142858,4.0185767362103455,60.114802574360766,4.929166666666666,0.0,7090.0,0.06924912587412588
credit_regeneration_sensitivity,BADP_PLUS,10027,0.75,3500,3500,3500,11.745653333332301,100.0,3.599142857142857,56.90762390910588,5.100694444444445,0.0,7338.0,0.07723301642178046
credit_regeneration_sensitivity,BADP_PLUS,10028,0.75,3500,3495,3495,11.336959999999014,99.85714285714286,3.4206008583690988,53.12836279784781,4.922916666666667,0.0,7083.0,0.06850766129032258
credit_regeneration_sensitivity,BADP_PLUS,10029,0.75,3500,3496,3496,11.429333333332334,99.88571428571429,3.78175057208238,65.26419156248821,4.964583333333334,0.0,7139.0,0.09527141623488773
credit_regeneration_sensitivity,CEDULE,10000,0.75,3500,3463,3463,10.797546666665738,98.94285714285714,19.3595148714987,44.40890481064483,4.689583333333333,3.0,6745.0,0.006548281938325991
credit_regeneration_sensitivity,CEDULE,10001,0.75,3500,3498,3498,10.979893333332386,99.94285714285714,19.854774156660948,8.883176969541191,4.7659722222222225,0.0,6862.0,0.006082790309106099
credit_regeneration_sensitivity,CEDULE,10002,0.75,3500,3498,3498,10.939199999999056,99.94285714285714,19.887650085763294,0.0,4.747916666666667,0.0,6837.0,0.006486277732128184
credit_regeneration_sensitivity,CEDULE,10003,0.75,3500,3499,3499,10.951573333332389,99.97142857142858,19.813661046013145,35.46434068753207,4.754861111111111,0.0,6843.0,0.007264798598949212
credit_regeneration_sensitivity,CEDULE,10004,0.75,3500,3472,3472,10.787893333332406,99.2,19.030241935483872,8.883176969541191,4.682638888888889,0.0,6742.0,0.011352990732940186
credit_regeneration_sensitivity,CEDULE,10005,0.75,3500,3498,3498,10.782399999999074,99.94285714285714,19.724128073184676,0.0,4.679861111111111,0.0,6739.0,0.005837077702702703
credit_regeneration_sensitivity,CEDULE,10006,0.75,3500,3500,3500,10.982879999999053,100.0,20.050285714285714,26.61532537543319,4.768055555555556,0.0,6863.0,0.007250217580504787
credit_regeneration_sensitivity,CEDULE,10007,0.75,3500,3496,3496,10.710399999999082,99.88571428571429,19.268020594965677,0.0,4.648611111111111,0.0,6694.0,0.006783668341708543
credit_regeneration_sensitivity,CEDULE,10008,0.75,3500,3496,3496,10.80186666666574,99.88571428571429,19.458810068649885,44.302012562491996,4.690277777777778,0.0,6749.0,0.005817874794069193
credit_regeneration_sensitivity,CEDULE,10009,0.75,3500,3500,3500,10.775093333332409,100.0,19.363714285714284,8.883176969541191,4.677083333333333,0.0,6734.0,0.007645025295109613
credit_regeneration_sensitivity,CEDULE,10010,0.75,3500,3499,3499,10.90719999999906,99.97142857142858,19.819948556730495,0.0,4.7340277777777775,0.0,6817.0,0.005495506535947712
credit_regeneration_sensitivity,CEDULE,10011,0.75,3500,3463,3463,10.921386666665725,98.94285714285714,19.59688131677736,17.754944772668896,4.740972222222222,0.0,6825.0,0.00783989021043001
credit_regeneration_sensitivity,CEDULE,10012,0.75,3500,3499,3499,10.773493333332409,99.97142857142858,19.634466990568733,8.883176969541191,4.676388888888889,0.0,6733.0,0.013467583333333335
credit_regeneration_sensitivity,CEDULE,10013,0.75,3500,3497,3497,10.796159999999073,99.91428571428571,19.654275092936803,53.12836279784781,4.688194444444444,0.0,6745.0,0.011649104618284637
credit_regeneration_sensitivity,CEDULE,10014,0.75,3500,3498,3498,10.637973333332424,99.94285714285714,19.341052029731276,35.46434068753207,4.61875,0.0,6647.0,0.0068170283806343905
credit_regeneration_sensitivity,CEDULE,10015,0.75,3500,3498,3498,10.969599999999053,99.94285714285714,19.93138936535163,0.0,4.761111111111111,0.0,6856.0,0.007354664341761116
credit_regeneration_sensitivity,CEDULE,10016,0.75,3500,3499,3499,10.76389333333241,99.97142857142858,19.52757930837382,8.883176969541191,4.6722222222222225,0.0,6727.0,0.010065316455696202
credit_regeneration_sensitivity,CEDULE,10017,0.75,3500,3498,3498,10.752693333332411,99.94285714285714,19.678673527730133,8.883176969541191,4.667361111111111,0.0,6720.0,0.010630520034100597
credit_regeneration_sensitivity,CEDULE,10018,0.75,3500,3469,3469,10.565493333332432,99.11428571428571,19.110118189680023,8.883176969541191,4.586111111111111,0.0,6603.0,0.01452450558899398
credit_regeneration_sensitivity,CEDULE,10019,0.75,3500,3500,3500,10.837493333332402,100.0,19.952,8.883176969541191,4.704166666666667,0.0,6773.0,0.010046821844225605
credit_regeneration_sensitivity,CEDULE,10020,0.75,3500,3498,3498,10.926186666665725,99.94285714285714,19.73642081189251,17.754944772668896,4.743055555555555,0.0,6828.0,0.009077206512425022
credit_regeneration_sensitivity,CEDULE,10021,0.75,3500,3499,3499,10.763679999999077,99.97142857142858,19.710202915118604,26.61532537543319,4.672916666666667,0.0,6726.0,0.010817471466198419
credit_regeneration_sensitivity,CEDULE,10022,0.75,3500,3500,3500,10.901066666665727,100.0,19.58142857142857,44.302012562491996,4.733333333333333,0.0,6811.0,0.008310591350397176
credit_regeneration_sensitivity,CEDULE,10023,0.75,3500,3498,3498,11.017386666665715,99.94285714285714,19.775871926815324,17.754944772668896,4.782638888888889,0.0,6885.0,0.007160625501202887
credit_regeneration_sensitivity,CEDULE,10024,0.75,3500,3499,3499,10.855786666665733,99.97142857142858,19.629608459559876,17.754944772668896,4.7125,0.0,6784.0,0.009153991769547325
credit_regeneration_sensitivity,CEDULE,10025,0.75,3500,3498,3498,10.696693333332417,99.94285714285714,19.592052601486564,8.883176969541191,4.643055555555556,0.0,6685.0,0.011526387702818105
credit_regeneration_sensitivity,CEDULE,10026,0.75,3500,3499,3499,10.833173333332402,99.97142857142858,19.55301514718491,35.46434068753207,4.7034722222222225,0.0,6769.0,0.007550349650349651
credit_regeneration_sensitivity,CEDULE,10027,0.75,3500,3500,3500,11.062399999999043,100.0,19.91342857142857,0.0,4.801388888888889,0.0,6914.0,0.00793439930855661
credit_regeneration_sensitivity,CEDULE,10028,0.75,3500,3495,3495,10.694399999999083,99.85714285714286,19.35793991416309,0.0,4.641666666666667,0.0,6684.0,0.009675725806451612
credit_regeneration_sensitivity,CEDULE,10029,0.75,3500,3496,3496,10.783359999999073,99.88571428571429,19.274313501144164,53.12836279784781,4.682638888888889,0.0,6737.0,0.011367702936096718
credit_regeneration_sensitivity,BADP,10000,1.0,3500,3463,3463,11.431679999999005,98.94285714285714,3.5512561362980075,60.31499683853539,4.96875,3.0,7137.0,0.03488140969162996
credit_regeneration_sensitivity,BADP,10001,1.0,3500,3498,3498,11.737706666665638,99.94285714285714,3.6203544882790166,57.06498037505452,5.1,0.0,7330.0,0.012413283208020051
credit_regeneration_sensitivity,BADP,10002,1.0,3500,3498,3498,11.858133333332288,99.94285714285714,3.0851915380217267,53.219993199591975,5.1506944444444445,0.0,7407.0,0.018661298274445355
credit_regeneration_sensitivity,BADP,10003,1.0,3500,3499,3499,11.652693333332314,99.97142857142858,3.573020863103744,57.131749191341136,5.063888888888889,0.0,7276.0,0.020488003502626972
credit_regeneration_sensitivity,BADP,10004,1.0,3500,3472,3472,11.422986666665672,99.2,3.4890552995391704,60.28646207828814,4.964583333333334,0.0,7132.0,0.018757708508845828
credit_regeneration_sensitivity,BADP,10005,1.0,3500,3498,3498,11.54202666666566,99.94285714285714,3.0817610062893084,53.25972481739426,5.013888888888889,1.0,7209.0,0.017321875
credit_regeneration_sensitivity,BADP,10006,1.0,3500,3500,3500,11.64303999999898,100.0,3.3674285714285714,53.18019397651863,5.0569444444444445,0.0,7273.0,0.018796431679721497
credit_regeneration_sensitivity,BADP,10007,1.0,3500,3496,3496,11.400319999999008,99.88571428571429,3.3915903890160184,53.29938900203666,4.9527777777777775,0.0,7120.0,0.02020134003350084
credit_regeneration_sensitivity,BADP,10008,1.0,3500,3496,3496,11.596639999998986,99.88571428571429,3.379576659038902,56.89714482284142,5.0368055555555555,0.0,7244.0,0.020167298187808897
credit_regeneration_sensitivity,BADP,10009,1.0,3500,3500,3500,11.497279999998998,100.0,3.6745714285714284,62.9995185363505,4.997222222222222,1.0,7178.0,0.021169477234401348
credit_regeneration_sensitivity,BADP,10010,1.0,3500,3499,3499,11.663893333332313,99.97142857142858,3.3523863961131752,53.4573748308525,5.06875,2.0,7283.0,0.018650408496732024
credit_regeneration_sensitivity,BADP,10011,1.0,3500,3463,3463,11.549119999998991,98.94285714285714,3.501876985272885,56.99800324472732,5.017361111111111,1.0,7213.0,0.039949496797804206
credit_regeneration_sensitivity,BADP,10012,1.0,3500,3499,3499,11.42090666666567,99.97142857142858,3.350957416404687,53.37851575737038,4.9625,0.0,7132.0,0.010616
credit_regeneration_sensitivity,BADP,10013,1.0,3500,3497,3497,11.46650666666567,99.91428571428571,4.039748355733486,65.57275234144039,4.988194444444445,5.0,7154.0,0.03110084825636192
credit_regeneration_sensitivity,BADP,10014,1.0,3500,3498,3498,11.392586666665675,99.94285714285714,3.43453401943968,57.16505578518818,4.951388888888889,2.0,7113.0,0.014474123539232053
credit_regeneration_sensitivity,BADP,10015,1.0,3500,3498,3498,11.734026666665637,99.94285714285714,3.31789594053745,53.25972481739426,5.097222222222222,0.0,7329.0,0.01587471665213601
credit_regeneration_sensitivity,BADP,10016,1.0,3500,3499,3499,11.335946666665683,99.97142857142858,3.6130322949414118,57.36381353048536,4.929166666666666,4.0,7075.0,0.013940928270042193
credit_regeneration_sensitivity,BADP,10017,1.0,3500,3498,3498,11.350133333332348,99.94285714285714,3.94568324757004,63.171907031229196,4.936111111111111,1.0,7083.0,0.010724722932651322
credit_regeneration_sensitivity,BADP,10018,1.0,3500,3469,3469,11.275999999999021,99.11428571428571,3.095704814067455,62.9251427193053,4.9,1.0,7041.0,0.009647205503009458
credit_regeneration_sensitivity,BADP,10019,1.0,3500,3500,3500,11.506666666665664,100.0,3.512,57.26466575716235,5.002083333333333,1.0,7183.0,0.012696508504923903
credit_regeneration_sensitivity,BADP,10020,1.0,3500,3498,3498,11.418719999999,99.94285714285714,3.8379073756432245,57.49529712893577,4.966666666666667,1.0,7125.0,0.014027506426735219
credit_regeneration_sensitivity,BADP,10021,1.0,3500,3499,3499,11.245226666665689,99.97142857142858,4.293798228065161,60.54180716694292,4.8909722222222225,3.0,7017.0,0.014369359086918351
credit_regeneration_sensitivity,BADP,10022,1.0,3500,3500,3500,11.616159999998983,100.0,3.426857142857143,60.40035561673694,5.05,1.0,7251.0,0.022514916151809356
credit_regeneration_sensitivity,BADP,10023,1.0,3500,3498,3498,11.750239999998968,99.94285714285714,3.142367066895369,56.89714482284142,5.103472222222222,0.0,7340.0,0.015128708901363273
credit_regeneration_sensitivity,BADP,10024,1.0,3500,3499,3499,11.466826666665668,99.97142857142858,3.2732209202629323,56.964436256908236,4.98125,2.0,7162.0,0.018478683127572015
credit_regeneration_sensitivity,BADP,10025,1.0,3500,3498,3498,11.461546666665667,99.94285714285714,3.0906232132647227,56.863420130195294,4.977777777777778,0.0,7160.0,0.02130264730999146
credit_regeneration_sensitivity,BADP,10026,1.0,3500,3499,3499,11.350826666665668,99.97142857142858,4.040297227779366,53.84770211338477,4.936805555555556,0.0,7083.0,0.013775174825174825
credit_regeneration_sensitivity,BADP,10027,1.0,3500,3500,3500,11.755093333332303,100.0,3.5677142857142856,53.4573748308525,5.108333333333333,5.0,7340.0,0.012152895419187555
credit_regeneration_sensitivity,BADP,10028,1.0,3500,3495,3495,11.34570666666568,99.85714285714286,3.40343347639485,53.37851575737038,4.929861111111111,1.0,7085.0,0.016171290322580644
credit_regeneration_sensitivity,BADP,10029,1.0,3500,3496,3496,11.430986666665662,99.88571428571429,3.7714530892448512,57.16505578518818,4.968055555555556,0.0,7137.0,0.012944905008635578
credit_regeneration_sensitivity,BADP_PLUS,10000,1.0,3500,3463,3463,11.483946666665664,98.94285714285714,3.3970545769563962,60.027790643816594,4.9875,0.0,7174.0,0.0802469603524229
credit_regeneration_sensitivity,BADP_PLUS,10001,1.0,3500,3498,3498,11.739039999998969,99.94285714285714,3.6083476272155517,62.77549043351901,5.098611111111111,0.0,7333.0,0.08065137844611528
credit_regeneration_sensitivity,BADP_PLUS,10002,1.0,3500,3498,3498,11.860853333332289,99.94285714285714,3.0889079473985133,56.82964262223197,5.1506944444444445,0.0,7410.0,0.08101988496302383
credit_regeneration_sensitivity,BADP_PLUS,10003,1.0,3500,3499,3499,11.627733333332316,99.97142857142858,3.687625035724493,65.16164714163608,5.050694444444445,0.0,7263.0,0.08768204903677759
credit_regeneration_sensitivity,BADP_PLUS,10004,1.0,3500,3472,3472,11.422933333332338,99.2,3.5345622119815667,65.16164714163608,4.961805555555555,0.0,7135.0,0.0824011794439764
credit_regeneration_sensitivity,BADP_PLUS,10005,1.0,3500,3498,3498,11.535359999998992,99.94285714285714,3.10062893081761,53.0603889457523,5.009027777777778,0.0,7207.0,0.08966587837837837
credit_regeneration_sensitivity,BADP_PLUS,10006,1.0,3500,3500,3500,11.64735999999898,100.0,3.388571428571429,53.0603889457523,5.057638888888889,0.0,7277.0,0.10194377719756309
credit_regeneration_sensitivity,BADP_PLUS,10007,1.0,3500,3496,3496,11.400746666665674,99.88571428571429,3.391304347826087,60.027790643816594,4.951388888888889,0.0,7122.0,0.0706463986599665
credit_regeneration_sensitivity,BADP_PLUS,10008,1.0,3500,3496,3496,11.59525333333232,99.88571428571429,3.380434782608696,56.82964262223197,5.035416666666666,0.0,7244.0,0.09226795716639209
credit_regeneration_sensitivity,BADP_PLUS,10009,1.0,3500,3500,3500,11.485333333332331,100.0,3.6977142857142855,65.16164714163608,4.988888888888889,0.0,7174.0,0.08736129848229343
credit_regeneration_sensitivity,BADP_PLUS,10010,1.0,3500,3499,3499,11.701759999998973,99.97142857142858,3.249785653043727,53.0603889457523,5.08125,0.0,7311.0,0.09902107843137255
credit_regeneration_sensitivity,BADP_PLUS,10011,1.0,3500,3463,3463,11.558453333332324,98.94285714285714,3.367600346520358,56.82964262223197,5.019444444444445,0.0,7221.0,0.07113028362305582
credit_regeneration_sensitivity,BADP_PLUS,10012,1.0,3500,3499,3499,11.419946666665671,99.97142857142858,3.349528436696199,60.027790643816594,4.959722222222222,0.0,7134.0,0.08251441666666667
credit_regeneration_sensitivity,BADP_PLUS,10013,1.0,3500,3497,3497,11.462506666665668,99.91428571428571,4.087503574492422,72.22067428252996,4.980555555555555,0.0,7158.0,0.11362987747408106
credit_regeneration_sensitivity,BADP_PLUS,10014,1.0,3500,3498,3498,11.389333333332342,99.94285714285714,3.419668381932533,65.16164714163608,4.947222222222222,0.0,7114.0,0.06147153589315526
credit_regeneration_sensitivity,BADP_PLUS,10015,1.0,3500,3498,3498,11.73055999999897,99.94285714285714,3.3887935963407663,53.0603889457523,5.09375,0.0,7329.0,0.0951566695727986
credit_regeneration_sensitivity,BADP_PLUS,10016,1.0,3500,3499,3499,11.374453333332344,99.97142857142858,3.6716204629894253,56.82964262223197,4.939583333333333,0.0,7106.0,0.0960937552742616
credit_regeneration_sensitivity,BADP_PLUS,10017,1.0,3500,3498,3498,11.384533333332342,99.94285714285714,3.5254431103487707,65.16164714163608,4.945138888888889,0.0,7111.0,0.07488550724637681
credit_regeneration_sensitivity,BADP_PLUS,10018,1.0,3500,3469,3469,11.272746666665688,99.11428571428571,3.101470164312482,60.027790643816594,4.895833333333333,0.0,7042.0,0.07510739466895959
credit_regeneration_sensitivity,BADP_PLUS,10019,1.0,3500,3500,3500,11.502453333332328,100.0,3.535142857142857,56.82964262223197,4.995138888888889,0.0,7186.0,0.10083428827215757
credit_regeneration_sensitivity,BADP_PLUS,10020,1.0,3500,3498,3498,11.393439999999007,99.94285714285714,4.001429388221841,62.77549043351901,4.948611111111111,0.0,7117.0,0.08390994001713796
credit_regeneration_sensitivity,BADP_PLUS,10021,1.0,3500,3499,3499,11.245813333332356,99.97142857142858,4.307516433266648,70.74681391589158,4.886111111111111,0.0,7023.0,0.10286259877085162
credit_regeneration_sensitivity,BADP_PLUS,10022,1.0,3500,3500,3500,11.618613333332316,100.0,3.400857142857143,70.74681391589158,5.047916666666667,0.0,7256.0,0.09620132391879964
credit_regeneration_sensitivity,BADP_PLUS,10023,1.0,3500,3498,3498,11.747253333332301,99.94285714285714,3.148084619782733,56.82964262223197,5.101388888888889,0.0,7339.0,0.09370962309542903
credit_regeneration_sensitivity,BADP_PLUS,10024,1.0,3500,3499,3499,11.464053333332334,99.97142857142858,3.281223206630466,56.82964262223197,4.978472222222222,0.0,7162.0,0.09743300411522635
credit_regeneration_sensitivity,BADP_PLUS,10025,1.0,3500,3498,3498,11.459253333332333,99.94285714285714,3.090909090909091,56.82964262223197,4.976388888888889,0.0,7159.0,0.10239077711357815
credit_regeneration_sensitivity,BADP_PLUS,10026,1.0,3500,3499,3499,11.34954666666568,99.97142857142858,4.0185767362103455,60.027790643816594,4.929166666666666,0.0,7090.0,0.07310874125874126
credit_regeneration_sensitivity,BADP_PLUS,10027,1.0,3500,3500,3500,11.745653333332301,100.0,3.599142857142857,56.82964262223197,5.100694444444445,0.0,7338.0,0.11553025064822817
credit_regeneration_sensitivity,BADP_PLUS,10028,1.0,3500,3495,3495,11.336959999999014,99.85714285714286,3.4206008583690988,53.0603889457523,4.922916666666667,0.0,7083.0,0.0918975
credit_regeneration_sensitivity,BADP_PLUS,10029,1.0,3500,3496,3496,11.429333333332334,99.88571428571429,3.78175057208238,65.16164714163608,4.964583333333334,0.0,7139.0,0.07112435233160622
credit_regeneration_sensitivity,CEDULE,10000,1.0,3500,3463,3463,10.797546666665738,98.94285714285714,19.3595148714987,44.397138964577664,4.689583333333333,3.0,6745.0,0.00878511013215859
credit_regeneration_sensitivity,CEDULE,10001,1.0,3500,3498,3498,10.979893333332386,99.94285714285714,19.854774156660948,8.881274627377078,4.7659722222222225,0.0,6862.0,0.010789306599832914
credit_regeneration_sensitivity,CEDULE,10002,1.0,3500,3498,3498,10.939199999999056,99.94285714285714,19.887650085763294,0.0,4.747916666666667,0.0,6837.0,0.011829827444535744
credit_regeneration_sensitivity,CEDULE,10003,1.0,3500,3499,3499,10.951573333332389,99.97142857142858,19.813661046013145,35.434039644565964,4.754861111111111,0.0,6843.0,0.016041330998248685
credit_regeneration_sensitivity,CEDULE,10004,1.0,3500,3472,3472,10.787893333332406,99.2,19.030241935483872,8.881274627377078,4.682638888888889,0.0,6742.0,0.00916436394271272
credit_regeneration_sensitivity,CEDULE,10005,1.0,3500,3498,3498,10.782399999999074,99.94285714285714,19.724128073184676,0.0,4.679861111111111,0.0,6739.0,0.013279983108108108
credit_regeneration_sensitivity,CEDULE,10006,1.0,3500,3500,3500,10.982879999999053,100.0,20.050285714285714,26.59825551564905,4.768055555555556,0.0,6863.0,0.014111053089643168
credit_regeneration_sensitivity,CEDULE,10007,1.0,3500,3496,3496,10.710399999999082,99.88571428571429,19.268020594965677,0.0,4.648611111111111,0.0,6694.0,0.014646231155778894
credit_regeneration_sensitivity,CEDULE,10008,1.0,3500,3496,3496,10.80186666666574,99.88571428571429,19.458810068649885,44.25473792043709,4.690277777777778,0.0,6749.0,0.01211490939044481
credit_regeneration_sensitivity,CEDULE,10009,1.0,3500,3500,3500,10.775093333332409,100.0,19.363714285714284,8.881274627377078,4.677083333333333,0.0,6734.0,0.009706998313659359
credit_regeneration_sensitivity,CEDULE,10010,1.0,3500,3499,3499,10.90719999999906,99.97142857142858,19.819948556730495,0.0,4.7340277777777775,0.0,6817.0,0.01226642156862745
credit_regeneration_sensitivity,CEDULE,10011,1.0,3500,3463,3463,10.921386666665725,98.94285714285714,19.59688131677736,17.747346799041427,4.740972222222222,0.0,6825.0,0.010891582799634035
credit_regeneration_sensitivity,CEDULE,10012,1.0,3500,3499,3499,10.773493333332409,99.97142857142858,19.634466990568733,8.881274627377078,4.676388888888889,0.0,6733.0,0.00963925
credit_regeneration_sensitivity,CEDULE,10013,1.0,3500,3497,3497,10.796159999999073,99.91428571428571,19.654275092936803,53.0603889457523,4.688194444444444,0.0,6745.0,0.010363524976437322
credit_regeneration_sensitivity,CEDULE,10014,1.0,3500,3498,3498,10.637973333332424,99.94285714285714,19.341052029731276,35.434039644565964,4.61875,0.0,6647.0,0.013560851419031718
credit_regeneration_sensitivity,CEDULE,10015,1.0,3500,3498,3498,10.969599999999053,99.94285714285714,19.93138936535163,0.0,4.761111111111111,0.0,6856.0,0.010129991281604184
credit_regeneration_sensitivity,CEDULE,10016,1.0,3500,3499,3499,10.76389333333241,99.97142857142858,19.52757930837382,8.881274627377078,4.6722222222222225,0.0,6727.0,0.007695443037974683
credit_regeneration_sensitivity,CEDULE,10017,1.0,3500,3498,3498,10.752693333332411,99.94285714285714,19.678673527730133,8.881274627377078,4.667361111111111,0.0,6720.0,0.00810622335890878
credit_regeneration_sensitivity,CEDULE,10018,1.0,3500,3469,3469,10.565493333332432,99.11428571428571,19.110118189680023,8.881274627377078,4.586111111111111,0.0,6603.0,0.010622527944969904
credit_regeneration_sensitivity,CEDULE,10019,1.0,3500,3500,3500,10.837493333332402,100.0,19.952,8.881274627377078,4.704166666666667,0.0,6773.0,0.01186025067144136
credit_regeneration_sensitivity,CEDULE,10020,1.0,3500,3498,3498,10.926186666665725,99.94285714285714,19.73642081189251,17.747346799041427,4.743055555555555,0.0,6828.0,0.011889717223650386
credit_regeneration_sensitivity,CEDULE,10021,1.0,3500,3499,3499,10.763679999999077,99.97142857142858,19.710202915118604,26.59825551564905,4.672916666666667,0.0,6726.0,0.01086523266022827
credit_regeneration_sensitivity,CEDULE,10022,1.0,3500,3500,3500,10.901066666665727,100.0,19.58142857142857,44.25473792043709,4.733333333333333,0.0,6811.0,0.013085878199470432
credit_regeneration_sensitivity,CEDULE,10023,1.0,3500,3498,3498,11.017386666665715,99.94285714285714,19.775871926815324,17.747346799041427,4.782638888888889,0.0,6885.0,0.007561427425821973
credit_regeneration_sensitivity,CEDULE,10024,1.0,3500,3499,3499,10.855786666665733,99.97142857142858,19.629608459559876,17.747346799041427,4.7125,0.0,6784.0,0.012195884773662551
credit_regeneration_sensitivity,CEDULE,10025,1.0,3500,3498,3498,10.696693333332417,99.94285714285714,19.592052601486564,8.881274627377078,4.643055555555556,0.0,6685.0,0.014838087105038427
credit_regeneration_sensitivity,CEDULE,10026,1.0,3500,3499,3499,10.833173333332402,99.97142857142858,19.55301514718491,35.434039644565964,4.7034722222222225,0.0,6769.0,0.008055769230769231
credit_regeneration_sensitivity,CEDULE,10027,1.0,3500,3500,3500,11.062399999999043,100.0,19.91342857142857,0.0,4.801388888888889,0.0,6914.0,0.015806050129645637
credit_regeneration_sensitivity,CEDULE,10028,1.0,3500,3495,3495,10.694399999999083,99.85714285714286,19.35793991416309,0.0,4.641666666666667,0.0,6684.0,0.012323790322580644
credit_regeneration_sensitivity,CEDULE,10029,1.0,3500,3496,3496,10.783359999999073,99.88571428571429,19.274313501144164,53.0603889457523,4.682638888888889,0.0,6737.0,0.008861917098445596
credit_regeneration_sensitivity,BADP,10000,1.25,3500,3463,3463,11.431679999999005,98.94285714285714,3.5512561362980075,60.2996576568834,4.96875,3.0,7137.0,0.007139735682819383
credit_regeneration_sensitivity,BADP,10001,1.25,3500,3498,3498,11.737706666665638,99.94285714285714,3.6203544882790166,57.045775796455366,5.1,0.0,7330.0,0.018120551378446117
credit_regeneration_sensitivity,BADP,10002,1.25,3500,3498,3498,11.858133333332288,99.94285714285714,3.0851915380217267,53.191958605479684,5.1506944444444445,0.0,7407.0,0.014024404272801971
credit_regeneration_sensitivity,BADP,10003,1.25,3500,3499,3499,11.652693333332314,99.97142857142858,3.573020863103744,57.129015254867916,5.063888888888889,0.0,7276.0,0.05185665499124344
credit_regeneration_sensitivity,BADP,10004,1.25,3500,3472,3472,11.422986666665672,99.2,3.4890552995391704,60.2640841284292,4.964583333333334,0.0,7132.0,0.01376798652064027
credit_regeneration_sensitivity,BADP,10005,1.25,3500,3498,3498,11.54202666666566,99.94285714285714,3.0817610062893084,53.24153709274245,5.013888888888889,1.0,7209.0,0.009460472972972972
credit_regeneration_sensitivity,BADP,10006,1.25,3500,3500,3500,11.64303999999898,100.0,3.3674285714285714,53.14227486944338,5.0569444444444445,0.0,7273.0,0.013951348999129679
credit_regeneration_sensitivity,BADP,10007,1.25,3500,3496,3496,11.400319999999008,99.88571428571429,3.3915903890160184,53.29101066531234,4.9527777777777775,0.0,7120.0,0.012849413735343384
credit_regeneration_sensitivity,BADP,10008,1.25,3500,3496,3496,11.596639999998986,99.88571428571429,3.379576659038902,56.8362560776693,5.0368055555555555,0.0,7244.0,0.008559637561779243
credit_regeneration_sensitivity,BADP,10009,1.25,3500,3500,3500,11.497279999998998,100.0,3.6745714285714284,62.960518420736825,4.997222222222222,1.0,7178.0,0.013470151770657673
credit_regeneration_sensitivity,BADP,10010,1.25,3500,3499,3499,11.663893333332313,99.97142857142858,3.3523863961131752,53.48786244099798,5.06875,2.0,7283.0,0.007006045751633987
credit_regeneration_sensitivity,BADP,10011,1.25,3500,3463,3463,11.549119999998991,98.94285714285714,3.501876985272885,56.96221246926262,5.017361111111111,1.0,7213.0,0.010293229643183898
credit_regeneration_sensitivity,BADP,10012,1.25,3500,3499,3499,11.42090666666567,99.97142857142858,3.350957416404687,53.389644395641525,4.9625,0.0,7132.0,0.010531249999999999
credit_regeneration_sensitivity,BADP,10013,1.25,3500,3497,3497,11.46650666666567,99.91428571428571,4.039748355733486,65.57250350878279,4.988194444444445,5.0,7154.0,0.01155315739868049
credit_regeneration_sensitivity,BADP,10014,1.25,3500,3498,3498,11.392586666665675,99.94285714285714,3.43453401943968,57.170514121099956,4.951388888888889,2.0,7113.0,0.012218614357262103
credit_regeneration_sensitivity,BADP,10015,1.25,3500,3498,3498,11.734026666665637,99.94285714285714,3.31789594053745,53.24153709274245,5.097222222222222,0.0,7329.0,0.012217523975588493
credit_regeneration_sensitivity,BADP,10016,1.25,3500,3499,3499,11.335946666665683,99.97142857142858,3.6130322949414118,57.4178298930576,4.929166666666666,4.0,7075.0,0.01306059071729958
credit_regeneration_sensitivity,BADP,10017,1.25,3500,3498,3498,11.350133333332348,99.94285714285714,3.94568324757004,63.17533754449224,4.936111111111111,1.0,7083.0,0.013040664961636828
credit_regeneration_sensitivity,BADP,10018,1.25,3500,3469,3469,11.275999999999021,99.11428571428571,3.095704814067455,62.867683917149556,4.9,1.0,7041.0,0.012427944969905416
credit_regeneration_sensitivity,BADP,10019,1.25,3500,3500,3500,11.506666666665664,100.0,3.512,57.294530067640615,5.002083333333333,1.0,7183.0,0.01233088630259624
credit_regeneration_sensitivity,BADP,10020,1.25,3500,3498,3498,11.418719999999,99.94285714285714,3.8379073756432245,57.58112637383708,4.966666666666667,1.0,7125.0,0.01549203084832905
credit_regeneration_sensitivity,BADP,10021,1.25,3500,3499,3499,11.245226666665689,99.97142857142858,4.293798228065161,60.58196919488574,4.8909722222222225,3.0,7017.0,0.01767638279192274
credit_regeneration_sensitivity,BADP,10022,1.25,3500,3500,3500,11.616853333332317,100.0,3.427714285714286,60.44131710032401,5.050694444444445,2.0,7251.0,0.020337952338923212
credit_regeneration_sensitivity,BADP,10023,1.25,3500,3498,3498,11.750239999998968,99.94285714285714,3.142367066895369,56.8362560776693,5.103472222222222,0.0,7340.0,0.011241700080192462
credit_regeneration_sensitivity,BADP,10024,1.25,3500,3499,3499,11.466826666665668,99.97142857142858,3.2732209202629323,56.92030876362136,4.98125,2.0,7162.0,0.015254814814814817
credit_regeneration_sensitivity,BADP,10025,1.25,3500,3498,3498,11.461546666665667,99.94285714285714,3.0906232132647227,56.79410661833636,4.977777777777778,0.0,7160.0,0.0343466268146883
credit_regeneration_sensitivity,BADP,10026,1.25,3500,3499,3499,11.350826666665668,99.97142857142858,4.040297227779366,53.97280840770706,4.936805555555556,0.0,7083.0,0.014511276223776223
credit_regeneration_sensitivity,BADP,10027,1.25,3500,3500,3500,11.755093333332303,100.0,3.5677142857142856,53.48786244099798,5.108333333333333,5.0,7340.0,0.0127542783059637
credit_regeneration_sensitivity,BADP,10028,1.25,3500,3495,3495,11.34570666666568,99.85714285714286,3.40343347639485,53.389644395641525,4.929861111111111,1.0,7085.0,0.00917741935483871
credit_regeneration_sensitivity,BADP,10029,1.25,3500,3496,3496,11.430986666665662,99.88571428571429,3.7714530892448512,57.170514121099956,4.968055555555556,0.0,7137.0,0.007168825561312609
credit_regeneration_sensitivity,BADP_PLUS,10000,1.25,3500,3463,3463,11.483946666665664,98.94285714285714,3.3970545769563962,59.9410302364572,4.9875,0.0,7174.0,0.06382052863436123
credit_regeneration_sensitivity,BADP_PLUS,10001,1.25,3500,3498,3498,11.739039999998969,99.94285714285714,3.6083476272155517,62.68061181307055,5.098611111111111,0.0,7333.0,0.08122456140350878
credit_regeneration_sensitivity,BADP_PLUS,10002,1.25,3500,3498,3498,11.860853333332289,99.94285714285714,3.0889079473985133,56.75187476052329,5.1506944444444445,0.0,7410.0,0.0910608874281019
credit_regeneration_sensitivity,BADP_PLUS,10003,1.25,3500,3499,3499,11.627733333332316,99.97142857142858,3.687625035724493,65.05942445501438,5.050694444444445,0.0,7263.0,0.08041173380035027
credit_regeneration_sensitivity,BADP_PLUS,10004,1.25,3500,3472,3472,11.422933333332338,99.2,3.5345622119815667,65.05942445501438,4.961805555555555,0.0,7135.0,0.0755798652064027
credit_regeneration_sensitivity,BADP_PLUS,10005,1.25,3500,3498,3498,11.535359999998992,99.94285714285714,3.10062893081761,52.992588806542294,5.009027777777778,0.0,7207.0,0.06450405405405406
credit_regeneration_sensitivity,BADP_PLUS,10006,1.25,3500,3500,3500,11.64735999999898,100.0,3.388571428571429,52.992588806542294,5.057638888888889,0.0,7277.0,0.09949120974760661
credit_regeneration_sensitivity,BADP_PLUS,10007,1.25,3500,3496,3496,11.400746666665674,99.88571428571429,3.391304347826087,59.9410302364572,4.951388888888889,0.0,7122.0,0.06705921273031826
credit_regeneration_sensitivity,BADP_PLUS,10008,1.25,3500,3496,3496,11.59525333333232,99.88571428571429,3.380434782608696,56.75187476052329,5.035416666666666,0.0,7244.0,0.07139365733113673
credit_regeneration_sensitivity,BADP_PLUS,10009,1.25,3500,3500,3500,11.485333333332331,100.0,3.6977142857142855,65.05942445501438,4.988888888888889,0.0,7174.0,0.07465607082630692
credit_regeneration_sensitivity,BADP_PLUS,10010,1.25,3500,3499,3499,11.701759999998973,99.97142857142858,3.249785653043727,52.992588806542294,5.08125,0.0,7311.0,0.05617361111111111
credit_regeneration_sensitivity,BADP_PLUS,10011,1.25,3500,3463,3463,11.558453333332324,98.94285714285714,3.367600346520358,56.75187476052329,5.019444444444445,0.0,7221.0,0.08117904849039341
credit_regeneration_sensitivity,BADP_PLUS,10012,1.25,3500,3499,3499,11.419946666665671,99.97142857142858,3.349528436696199,59.9410302364572,4.959722222222222,0.0,7134.0,0.0625315
credit_regeneration_sensitivity,BADP_PLUS,10013,1.25,3500,3497,3497,11.462506666665668,99.91428571428571,4.087503574492422,72.09512551282943,4.980555555555555,0.0,7158.0,0.05477181903864279
credit_regeneration_sensitivity,BADP_PLUS,10014,1.25,3500,3498,3498,11.389333333332342,99.94285714285714,3.419668381932533,65.05942445501438,4.947222222222222,0.0,7114.0,0.0723856427378965
credit_regeneration_sensitivity,BADP_PLUS,10015,1.25,3500,3498,3498,11.73055999999897,99.94285714285714,3.3887935963407663,52.992588806542294,5.09375,0.0,7329.0,0.11013993025283347
credit_regeneration_sensitivity,BADP_PLUS,10016,1.25,3500,3499,3499,11.374453333332344,99.97142857142858,3.6716204629894253,56.75187476052329,4.939583333333333,0.0,7106.0,0.09563451476793249
credit_regeneration_sensitivity,BADP_PLUS,10017,1.25,3500,3498,3498,11.384533333332342,99.94285714285714,3.5254431103487707,65.05942445501438,4.945138888888889,0.0,7111.0,0.0737075873827792
credit_regeneration_sensitivity,BADP_PLUS,10018,1.25,3500,3469,3469,11.272746666665688,99.11428571428571,3.101470164312482,59.9410302364572,4.895833333333333,0.0,7042.0,0.04771289767841788
credit_regeneration_sensitivity,BADP_PLUS,10019,1.25,3500,3500,3500,11.502453333332328,100.0,3.535142857142857,56.75187476052329,4.995138888888889,0.0,7186.0,0.10540340196956133
credit_regeneration_sensitivity,BADP_PLUS,10020,1.25,3500,3498,3498,11.393439999999007,99.94285714285714,4.001429388221841,62.68061181307055,4.948611111111111,0.0,7117.0,0.10078671808054841
credit_regeneration_sensitivity,BADP_PLUS,10021,1.25,3500,3499,3499,11.245813333332356,99.97142857142858,4.307516433266648,70.62633291588286,4.886111111111111,0.0,7023.0,0.07915417032484635
credit_regeneration_sensitivity,BADP_PLUS,10022,1.25,3500,3500,3500,11.618613333332316,100.0,3.400857142857143,70.62633291588286,5.047916666666667,0.0,7256.0,0.10464580759046778
credit_regeneration_sensitivity,BADP_PLUS,10023,1.25,3500,3498,3498,11.747253333332301,99.94285714285714,3.148084619782733,56.75187476052329,5.101388888888889,0.0,7339.0,0.07643809141940656
credit_regeneration_sensitivity,BADP_PLUS,10024,1.25,3500,3499,3499,11.464053333332334,99.97142857142858,3.281223206630466,56.75187476052329,4.978472222222222,0.0,7162.0,0.07547925925925926
credit_regeneration_sensitivity,BADP_PLUS,10025,1.25,3500,3498,3498,11.459253333332333,99.94285714285714,3.090909090909091,56.75187476052329,4.976388888888889,0.0,7159.0,0.08287224594363791
credit_regeneration_sensitivity,BADP_PLUS,10026,1.25,3500,3499,3499,11.34954666666568,99.97142857142858,4.0185767362103455,59.9410302364572,4.929166666666666,0.0,7090.0,0.09416013986013987
credit_regeneration_sensitivity,BADP_PLUS,10027,1.25,3500,3500,3500,11.745653333332301,100.0,3.599142857142857,56.75187476052329,5.100694444444445,0.0,7338.0,0.0555789974070873
credit_regeneration_sensitivity,BADP_PLUS,10028,1.25,3500,3495,3495,11.336959999999014,99.85714285714286,3.4206008583690988,52.992588806542294,4.922916666666667,0.0,7083.0,0.04470137096774193
credit_regeneration_sensitivity,BADP_PLUS,10029,1.25,3500,3496,3496,11.429333333332334,99.88571428571429,3.78175057208238,65.05942445501438,4.964583333333334,0.0,7139.0,0.04915233160621762
credit_regeneration_sensitivity,CEDULE,10000,1.25,3500,3463,3463,10.797546666665738,98.94285714285714,19.3595148714987,44.38541312478749,4.689583333333333,3.0,6745.0,0.006081938325991189
credit_regeneration_sensitivity,CEDULE,10001,1.25,3500,3498,3498,10.979893333332386,99.94285714285714,19.854774156660948,8.87937309981587,4.7659722222222225,0.0,6862.0,0.01331436925647452
credit_regeneration_sensitivity,CEDULE,10002,1.25,3500,3498,3498,10.939199999999056,99.94285714285714,19.887650085763294,0.0,4.747916666666667,0.0,6837.0,0.010163599013968775
credit_regeneration_sensitivity,CEDULE,10003,1.25,3500,3499,3499,10.951573333332389,99.97142857142858,19.813661046013145,35.40379033634967,4.754861111111111,0.0,6843.0,0.013185639229422067
credit_regeneration_sensitivity,CEDULE,10004,1.25,3500,3472,3472,10.787893333332406,99.2,19.030241935483872,8.87937309981587,4.682638888888889,0.0,6742.0,0.006964869418702612
credit_regeneration_sensitivity,CEDULE,10005,1.25,3500,3498,3498,10.782399999999074,99.94285714285714,19.724128073184676,0.0,4.679861111111111,0.0,6739.0,0.006669425675675676
credit_regeneration_sensitivity,CEDULE,10006,1.25,3500,3500,3500,10.982879999999053,100.0,20.050285714285714,26.581207537495192,4.768055555555556,0.0,6863.0,0.009890078328981722
credit_regeneration_sensitivity,CEDULE,10007,1.25,3500,3496,3496,10.710399999999082,99.88571428571429,19.268020594965677,0.0,4.648611111111111,0.0,6694.0,0.012543634840871022
credit_regeneration_sensitivity,CEDULE,10008,1.25,3500,3496,3496,10.80186666666574,99.88571428571429,19.458810068649885,44.207564064298815,4.690277777777778,0.0,6749.0,0.010423723228995058
credit_regeneration_sensitivity,CEDULE,10009,1.25,3500,3500,3500,10.775093333332409,100.0,19.363714285714284,8.87937309981587,4.677083333333333,0.0,6734.0,0.006956576728499158
credit_regeneration_sensitivity,CEDULE,10010,1.25,3500,3499,3499,10.90719999999906,99.97142857142858,19.819948556730495,0.0,4.7340277777777775,0.0,6817.0,0.007537990196078431
credit_regeneration_sensitivity,CEDULE,10011,1.25,3500,3463,3463,10.921386666665725,98.94285714285714,19.59688131677736,17.73975532551972,4.740972222222222,0.0,6825.0,0.00723494967978042
credit_regeneration_sensitivity,CEDULE,10012,1.25,3500,3499,3499,10.773493333332409,99.97142857142858,19.634466990568733,8.87937309981587,4.676388888888889,0.0,6733.0,0.009749083333333334
credit_regeneration_sensitivity,CEDULE,10013,1.25,3500,3497,3497,10.796159999999073,99.91428571428571,19.654275092936803,52.992588806542294,4.688194444444444,0.0,6745.0,0.009505937794533459
credit_regeneration_sensitivity,CEDULE,10014,1.25,3500,3498,3498,10.637973333332424,99.94285714285714,19.341052029731276,35.40379033634967,4.61875,0.0,6647.0,0.029869031719532552
credit_regeneration_sensitivity,CEDULE,10015,1.25,3500,3498,3498,10.969599999999053,99.94285714285714,19.93138936535163,0.0,4.761111111111111,0.0,6856.0,0.011972972972972973
credit_regeneration_sensitivity,CEDULE,10016,1.25,3500,3499,3499,10.76389333333241,99.97142857142858,19.52757930837382,8.87937309981587,4.6722222222222225,0.0,6727.0,0.014081181434599155
credit_regeneration_sensitivity,CEDULE,10017,1.25,3500,3498,3498,10.752693333332411,99.94285714285714,19.678673527730133,8.87937309981587,4.667361111111111,0.0,6720.0,0.01213921568627451
credit_regeneration_sensitivity,CEDULE,10018,1.25,3500,3469,3469,10.565493333332432,99.11428571428571,19.110118189680023,8.87937309981587,4.586111111111111,0.0,6603.0,0.010154858125537403
credit_regeneration_sensitivity,CEDULE,10019,1.25,3500,3500,3500,10.837493333332402,100.0,19.952,8.87937309981587,4.704166666666667,0.0,6773.0,0.00874709042076992
credit_regeneration_sensitivity,CEDULE,10020,1.25,3500,3498,3498,10.926186666665725,99.94285714285714,19.73642081189251,17.73975532551972,4.743055555555555,0.0,6828.0,0.01276923736075407
credit_regeneration_sensitivity,CEDULE,10021,1.25,3500,3499,3499,10.763679999999077,99.97142857142858,19.710202915118604,26.581207537495192,4.672916666666667,0.0,6726.0,0.014168217734855135
credit_regeneration_sensitivity,CEDULE,10022,1.25,3500,3500,3500,10.901066666665727,100.0,19.58142857142857,44.207564064298815,4.733333333333333,0.0,6811.0,0.009940423654015887
credit_regeneration_sensitivity,CEDULE,10023,1.25,3500,3498,3498,11.017386666665715,99.94285714285714,19.775871926815324,17.73975532551972,4.782638888888889,0.0,6885.0,0.01388981555733761
credit_regeneration_sensitivity,CEDULE,10024,1.25,3500,3499,3499,10.855786666665733,99.97142857142858,19.629608459559876,17.73975532551972,4.7125,0.0,6784.0,0.011954732510288066
credit_regeneration_sensitivity,CEDULE,10025,1.25,3500,3498,3498,10.696693333332417,99.94285714285714,19.592052601486564,8.87937309981587,4.643055555555556,0.0,6685.0,0.010032536293766013
credit_regeneration_sensitivity,CEDULE,10026,1.25,3500,3499,3499,10.833173333332402,99.97142857142858,19.55301514718491,35.40379033634967,4.7034722222222225,0.0,6769.0,0.013172027972027971
credit_regeneration_sensitivity,CEDULE,10027,1.25,3500,3500,3500,11.062399999999043,100.0,19.91342857142857,0.0,4.801388888888889,0.0,6914.0,0.010006395851339672
credit_regeneration_sensitivity,CEDULE,10028,1.25,3500,3495,3495,10.694399999999083,99.85714285714286,19.35793991416309,0.0,4.641666666666667,0.0,6684.0,0.005298225806451613
credit_regeneration_sensitivity,CEDULE,10029,1.25,3500,3496,3496,10.783359999999073,99.88571428571429,19.274313501144164,52.992588806542294,4.682638888888889,0.0,6737.0,0.0071112262521588945
credit_regeneration_sensitivity,BADP,10000,1.5,3500,3463,3463,11.431679999999005,98.94285714285714,3.5512561362980075,60.284417030754746,4.96875,3.0,7137.0,0.014413127753303964
credit_regeneration_sensitivity,BADP,10001,1.5,3500,3498,3498,11.737706666665638,99.94285714285714,3.6203544882790166,57.026675341574496,5.1,0.0,7330.0,0.018311612364243942
credit_regeneration_sensitivity,BADP,10002,1.5,3500,3498,3498,11.858133333332288,99.94285714285714,3.0851915380217267,53.16404266124937,5.1506944444444445,0.0,7407.0,0.010091043549712407
credit_regeneration_sensitivity,BADP,10003,1.5,3500,3499,3499,11.652693333332314,99.97142857142858,3.573020863103744,57.12629821958457,5.063888888888889,0.0,7276.0,0.007973117338003502
credit_regeneration_sensitivity,BADP,10004,1.5,3500,3472,3472,11.422986666665672,99.2,3.4890552995391704,60.241842116547325,4.964583333333334,0.0,7132.0,0.012122493681550127
credit_regeneration_sensitivity,BADP,10005,1.5,3500,3498,3498,11.54202666666566,99.94285714285714,3.0817610062893084,53.22343393355313,5.013888888888889,1.0,7209.0,0.009325760135135136
credit_regeneration_sensitivity,BADP,10006,1.5,3500,3500,3500,11.64303999999898,100.0,3.3674285714285714,53.104500381388256,5.0569444444444445,0.0,7273.0,0.022074499564838992
credit_regeneration_sensitivity,BADP,10007,1.5,3500,3496,3496,11.400319999999008,99.88571428571429,3.3915903890160184,53.28267477203647,4.9527777777777775,0.0,7120.0,0.014038693467336683
credit_regeneration_sensitivity,BADP,10008,1.5,3500,3496,3496,11.596639999998986,99.88571428571429,3.379576659038902,56.77558079745712,5.0368055555555555,0.0,7244.0,0.01836359143327842
credit_regeneration_sensitivity,BADP,10009,1.5,3500,3500,3500,11.497279999998998,100.0,3.6745714285714284,62.92175161521895,4.997222222222222,1.0,7178.0,0.015254215851602023
credit_regeneration_sensitivity,BADP,10010,1.5,3500,3499,3499,11.663893333332313,99.97142857142858,3.3523863961131752,53.51814516129032,5.06875,2.0,7283.0,0.0071738562091503266
credit_regeneration_sensitivity,BADP,10011,1.5,3500,3463,3463,11.549119999998991,98.94285714285714,3.501876985272885,56.92658841065773,5.017361111111111,1.0,7213.0,0.007136413540713632
credit_regeneration_sensitivity,BADP,10012,1.5,3500,3499,3499,11.42090666666567,99.97142857142858,3.350957416404687,53.400707427993936,4.9625,0.0,7132.0,0.01367675
credit_regeneration_sensitivity,BADP,10013,1.5,3500,3497,3497,11.46650666666567,99.91428571428571,4.039748355733486,65.57225689699746,4.988194444444445,5.0,7154.0,0.017421206409048068
credit_regeneration_sensitivity,BADP,10014,1.5,3500,3498,3498,11.392586666665675,99.94285714285714,3.43453401943968,57.17593664613533,4.951388888888889,2.0,7113.0,0.01302303839732888
credit_regeneration_sensitivity,BADP,10015,1.5,3500,3498,3498,11.734026666665637,99.94285714285714,3.31789594053745,53.22343393355313,5.097222222222222,0.0,7329.0,0.013584742807323451
credit_regeneration_sensitivity,BADP,10016,1.5,3500,3499,3499,11.335946666665683,99.97142857142858,3.6130322949414118,57.47137009612288,4.929166666666666,4.0,7075.0,0.014208607594936709
credit_regeneration_sensitivity,BADP,10017,1.5,3500,3498,3498,11.350133333332348,99.94285714285714,3.94568324757004,63.17873975206938,4.936111111111111,1.0,7083.0,0.01085532821824382
credit_regeneration_sensitivity,BADP,10018,1.5,3500,3469,3469,11.275999999999021,99.11428571428571,3.095704814067455,62.81051242049682,4.9,1.0,7041.0,0.010640154772141015
credit_regeneration_sensitivity,BADP,10019,1.5,3500,3500,3500,11.506666666665664,100.0,3.512,57.32416466678974,5.002083333333333,1.0,7183.0,0.0076803043867502245
credit_regeneration_sensitivity,BADP,10020,1.5,3500,3498,3498,11.418719999999,99.94285714285714,3.8379073756432245,57.666071510323675,4.966666666666667,1.0,7125.0,0.010452013710368467
credit_regeneration_sensitivity,BADP,10021,1.5,3500,3499,3499,11.245226666665689,99.97142857142858,4.293798228065161,60.6217616580311,4.8909722222222225,3.0,7017.0,0.014964969271290608
credit_regeneration_sensitivity,BADP,10022,1.5,3500,3500,3500,11.616853333332317,100.0,3.427714285714286,60.45380875202594,5.050694444444445,2.0,7251.0,0.014783936451897616
credit_regeneration_sensitivity,BADP,10023,1.5,3500,3498,3498,11.750239999998968,99.94285714285714,3.142367066895369,56.77558079745712,5.103472222222222,0.0,7340.0,0.01730505212510024
credit_regeneration_sensitivity,BADP,10024,1.5,3500,3499,3499,11.466826666665668,99.97142857142858,3.2732209202629323,56.87636991092665,4.98125,2.0,7162.0,0.01355827160493827
credit_regeneration_sensitivity,BADP,10025,1.5,3500,3498,3498,11.461546666665667,99.94285714285714,3.0906232132647227,56.72500935979034,4.977777777777778,0.0,7160.0,0.012132365499573016
credit_regeneration_sensitivity,BADP,10026,1.5,3500,3499,3499,11.350826666665668,99.97142857142858,4.040297227779366,54.096565455450474,4.936805555555556,0.0,7083.0,0.017030419580419582
credit_regeneration_sensitivity,BADP,10027,1.5,3500,3500,3500,11.755093333332303,100.0,3.5677142857142856,53.51814516129032,5.108333333333333,5.0,7340.0,0.01058781331028522
credit_regeneration_sensitivity,BADP,10028,1.5,3500,3495,3495,11.34570666666568,99.85714285714286,3.40343347639485,53.400707427993936,4.929861111111111,1.0,7085.0,0.030578709677419356
credit_regeneration_sensitivity,BADP,10029,1.5,3500,3496,3496,11.430986666665662,99.88571428571429,3.7714530892448512,57.17593664613533,4.968055555555556,0.0,7137.0,0.015709240069084626
credit_regeneration_sensitivity,BADP_PLUS,10000,1.5,3500,3463,3463,11.483946666665664,98.94285714285714,3.3970545769563962,59.85452026324906,4.9875,0.0,7174.0,0.06395392070484582
credit_regeneration_sensitivity,BADP_PLUS,10001,1.5,3500,3498,3498,11.739039999998969,99.94285714285714,3.6083476272155517,62.586019558131106,5.098611111111111,0.0,7333.0,0.06734010025062656
credit_regeneration_sensitivity,BADP_PLUS,10002,1.5,3500,3498,3498,11.860853333332289,99.94285714285714,3.0889079473985133,56.674319448999675,5.1506944444444445,0.0,7410.0,0.06645020542317173
credit_regeneration_sensitivity,BADP_PLUS,10003,1.5,3500,3499,3499,11.627733333332316,99.97142857142858,3.687625035724493,64.95752199082776,5.050694444444445,0.0,7263.0,0.05276506129597198
credit_regeneration_sensitivity,BADP_PLUS,10004,1.5,3500,3472,3472,11.422933333332338,99.2,3.5345622119815667,64.95752199082776,4.961805555555555,0.0,7135.0,0.08660008424599833
credit_regeneration_sensitivity,BADP_PLUS,10005,1.5,3500,3498,3498,11.535359999998992,99.94285714285714,3.10062893081761,52.9249617151608,5.009027777777778,0.0,7207.0,0.05542356418918919
credit_regeneration_sensitivity,BADP_PLUS,10006,1.5,3500,3500,3500,11.64735999999898,100.0,3.388571428571429,52.9249617151608,5.057638888888889,0.0,7277.0,0.09606701479547433
credit_regeneration_sensitivity,BADP_PLUS,10007,1.5,3500,3496,3496,11.400746666665674,99.88571428571429,3.391304347826087,59.85452026324906,4.951388888888889,0.0,7122.0,0.07566859296482412
credit_regeneration_sensitivity,BADP_PLUS,10008,1.5,3500,3496,3496,11.59525333333232,99.88571428571429,3.380434782608696,56.674319448999675,5.035416666666666,0.0,7244.0,0.08771606260296541
credit_regeneration_sensitivity,BADP_PLUS,10009,1.5,3500,3500,3500,11.485333333332331,100.0,3.6977142857142855,64.95752199082776,4.988888888888889,0.0,7174.0,0.07646795952782462
credit_regeneration_sensitivity,BADP_PLUS,10010,1.5,3500,3499,3499,11.701759999998973,99.97142857142858,3.249785653043727,52.9249617151608,5.08125,0.0,7311.0,0.044929656862745096
credit_regeneration_sensitivity,BADP_PLUS,10011,1.5,3500,3463,3463,11.558453333332324,98.94285714285714,3.367600346520358,56.674319448999675,5.019444444444445,0.0,7221.0,0.07937804208600183
credit_regeneration_sensitivity,BADP_PLUS,10012,1.5,3500,3499,3499,11.419946666665671,99.97142857142858,3.349528436696199,59.85452026324906,4.959722222222222,0.0,7134.0,0.07526033333333333
credit_regeneration_sensitivity,BADP_PLUS,10013,1.5,3500,3497,3497,11.462506666665668,99.91428571428571,4.087503574492422,71.97001249479383,4.980555555555555,0.0,7158.0,0.09198821866163996
credit_regeneration_sensitivity,BADP_PLUS,10014,1.5,3500,3498,3498,11.389333333332342,99.94285714285714,3.419668381932533,64.95752199082776,4.947222222222222,0.0,7114.0,0.08075191986644406
credit_regeneration_sensitivity,BADP_PLUS,10015,1.5,3500,3498,3498,11.73055999999897,99.94285714285714,3.3887935963407663,52.9249617151608,5.09375,0.0,7329.0,0.1104947689625109
credit_regeneration_sensitivity,BADP_PLUS,10016,1.5,3500,3499,3499,11.374453333332344,99.97142857142858,3.6716204629894253,56.674319448999675,4.939583333333333,0.0,7106.0,0.07151805907172996
credit_regeneration_sensitivity,BADP_PLUS,10017,1.5,3500,3498,3498,11.384533333332342,99.94285714285714,3.5254431103487707,64.95752199082776,4.945138888888889,0.0,7111.0,0.07718942881500426
credit_regeneration_sensitivity,BADP_PLUS,10018,1.5,3500,3469,3469,11.272746666665688,99.11428571428571,3.101470164312482,59.85452026324906,4.895833333333333,0.0,7042.0,0.060612209802235605
credit_regeneration_sensitivity,BADP_PLUS,10019,1.5,3500,3500,3500,11.502453333332328,100.0,3.535142857142857,56.674319448999675,4.995138888888889,0.0,7186.0,0.04818737690241719
credit_regeneration_sensitivity,BADP_PLUS,10020,1.5,3500,3498,3498,11.393439999999007,99.94285714285714,4.001429388221841,62.586019558131106,4.948611111111111,0.0,7117.0,0.1071077120822622
credit_regeneration_sensitivity,BADP_PLUS,10021,1.5,3500,3499,3499,11.245813333332356,99.97142857142858,4.307516433266648,70.50626157371082,4.886111111111111,0.0,7023.0,0.0969731343283582
credit_regeneration_sensitivity,BADP_PLUS,10022,1.5,3500,3500,3500,11.618613333332316,100.0,3.400857142857143,70.50626157371082,5.047916666666667,0.0,7256.0,0.12225984112974404
credit_regeneration_sensitivity,BADP_PLUS,10023,1.5,3500,3498,3498,11.747253333332301,99.94285714285714,3.148084619782733,56.674319448999675,5.101388888888889,0.0,7339.0,0.07582951082598235
credit_regeneration_sensitivity,BADP_PLUS,10024,1.5,3500,3499,3499,11.464053333332334,99.97142857142858,3.281223206630466,56.674319448999675,4.978472222222222,0.0,7162.0,0.0900119341563786
credit_regeneration_sensitivity,BADP_PLUS,10025,1.5,3500,3498,3498,11.459253333332333,99.94285714285714,3.090909090909091,56.674319448999675,4.976388888888889,0.0,7159.0,0.08229863364645602
credit_regeneration_sensitivity,BADP_PLUS,10026,1.5,3500,3499,3499,11.34954666666568,99.97142857142858,4.0185767362103455,59.85452026324906,4.929166666666666,0.0,7090.0,0.07938382867132868
credit_regeneration_sensitivity,BADP_PLUS,10027,1.5,3500,3500,3500,11.745653333332301,100.0,3.599142857142857,56.674319448999675,5.100694444444445,0.0,7338.0,0.08958686257562662
credit_regeneration_sensitivity,BADP_PLUS,10028,1.5,3500,3495,3495,11.336959999999014,99.85714285714286,3.4206008583690988,52.9249617151608,4.922916666666667,0.0,7083.0,0.07944370967741936
credit_regeneration_sensitivity,BADP_PLUS,10029,1.5,3500,3496,3496,11.429333333332334,99.88571428571429,3.78175057208238,64.95752199082776,4.964583333333334,0.0,7139.0,0.07476554404145078
credit_regeneration_sensitivity,CEDULE,10000,1.5,3500,3463,3463,10.797546666665738,98.94285714285714,19.3595148714987,44.37372708757638,4.689583333333333,3.0,6745.0,0.006134449339207049
credit_regeneration_sensitivity,CEDULE,10001,1.5,3500,3498,3498,10.979893333332386,99.94285714285714,19.854774156660948,8.877472386334448,4.7659722222222225,0.0,6862.0,0.02251812865497076
credit_regeneration_sensitivity,CEDULE,10002,1.5,3500,3498,3498,10.939199999999056,99.94285714285714,19.887650085763294,0.0,4.747916666666667,0.0,6837.0,0.008776253081347576
credit_regeneration_sensitivity,CEDULE,10003,1.5,3500,3499,3499,10.951573333332389,99.97142857142858,19.813661046013145,35.37359263050154,4.754861111111111,0.0,6843.0,0.006302977232924694
credit_regeneration_sensitivity,CEDULE,10004,1.5,3500,3472,3472,10.787893333332406,99.2,19.030241935483872,8.877472386334448,4.682638888888889,0.0,6742.0,0.006661331086773378
credit_regeneration_sensitivity,CEDULE,10005,1.5,3500,3498,3498,10.782399999999074,99.94285714285714,19.724128073184676,0.0,4.679861111111111,0.0,6739.0,0.009471030405405406
credit_regeneration_sensitivity,CEDULE,10006,1.5,3500,3500,3500,10.982879999999053,100.0,20.050285714285714,26.564181398923903,4.768055555555556,0.0,6863.0,0.006497127937336815
credit_regeneration_sensitivity,CEDULE,10007,1.5,3500,3496,3496,10.710399999999082,99.88571428571429,19.268020594965677,0.0,4.648611111111111,0.0,6694.0,0.011723953098827471
credit_regeneration_sensitivity,CEDULE,10008,1.5,3500,3496,3496,10.80186666666574,99.88571428571429,19.458810068649885,44.160490672118584,4.690277777777778,0.0,6749.0,0.010991845140032949
credit_regeneration_sensitivity,CEDULE,10009,1.5,3500,3500,3500,10.775093333332409,100.0,19.363714285714284,8.877472386334448,4.677083333333333,0.0,6734.0,0.010900505902192244
credit_regeneration_sensitivity,CEDULE,10010,1.5,3500,3499,3499,10.90719999999906,99.97142857142858,19.819948556730495,0.0,4.7340277777777775,0.0,6817.0,0.006609803921568628
credit_regeneration_sensitivity,CEDULE,10011,1.5,3500,3463,3463,10.921386666665725,98.94285714285714,19.59688131677736,17.732170343766036,4.740972222222222,0.0,6825.0,0.007169624885635864
credit_regeneration_sensitivity,CEDULE,10012,1.5,3500,3499,3499,10.773493333332409,99.97142857142858,19.634466990568733,8.877472386334448,4.676388888888889,0.0,6733.0,0.014610499999999998
credit_regeneration_sensitivity,CEDULE,10013,1.5,3500,3497,3497,10.796159999999073,99.91428571428571,19.654275092936803,52.9249617151608,4.688194444444444,0.0,6745.0,0.015606786050895383
credit_regeneration_sensitivity,CEDULE,10014,1.5,3500,3498,3498,10.637973333332424,99.94285714285714,19.341052029731276,35.37359263050154,4.61875,0.0,6647.0,0.01176619365609349
credit_regeneration_sensitivity,CEDULE,10015,1.5,3500,3498,3498,10.969599999999053,99.94285714285714,19.93138936535163,0.0,4.761111111111111,0.0,6856.0,0.011776721883173495
credit_regeneration_sensitivity,CEDULE,10016,1.5,3500,3499,3499,10.76389333333241,99.97142857142858,19.52757930837382,8.877472386334448,4.6722222222222225,0.0,6727.0,0.008997383966244724
credit_regeneration_sensitivity,CEDULE,10017,1.5,3500,3498,3498,10.752693333332411,99.94285714285714,19.678673527730133,8.877472386334448,4.667361111111111,0.0,6720.0,0.03821338448422847
credit_regeneration_sensitivity,CEDULE,10018,1.5,3500,3469,3469,10.565493333332432,99.11428571428571,19.110118189680023,8.877472386334448,4.586111111111111,0.0,6603.0,0.011107910576096303
credit_regeneration_sensitivity,CEDULE,10019,1.5,3500,3500,3500,10.837493333332402,100.0,19.952,8.877472386334448,4.704166666666667,0.0,6773.0,0.007784422560429723
credit_regeneration_sensitivity,CEDULE,10020,1.5,3500,3498,3498,10.926186666665725,99.94285714285714,19.73642081189251,17.732170343766036,4.743055555555555,0.0,6828.0,0.006980719794344473
credit_regeneration_sensitivity,CEDULE,10021,1.5,3500,3499,3499,10.763679999999077,99.97142857142858,19.710202915118604,26.564181398923903,4.672916666666667,0.0,6726.0,0.01007998244073749
credit_regeneration_sensitivity,CEDULE,10022,1.5,3500,3500,3500,10.901066666665727,100.0,19.58142857142857,44.160490672118584,4.733333333333333,0.0,6811.0,0.01118711385701677
credit_regeneration_sensitivity,CEDULE,10023,1.5,3500,3498,3498,11.017386666665715,99.94285714285714,19.775871926815324,17.732170343766036,4.782638888888889,0.0,6885.0,0.011680513231756215
credit_regeneration_sensitivity,CEDULE,10024,1.5,3500,3499,3499,10.855786666665733,99.97142857142858,19.629608459559876,17.732170343766036,4.7125,0.0,6784.0,0.010314485596707819
credit_regeneration_sensitivity,CEDULE,10025,1.5,3500,3498,3498,10.696693333332417,99.94285714285714,19.592052601486564,8.877472386334448,4.643055555555556,0.0,6685.0,0.013815456874466269
credit_regeneration_sensitivity,CEDULE,10026,1.5,3500,3499,3499,10.833173333332402,99.97142857142858,19.55301514718491,35.37359263050154,4.7034722222222225,0.0,6769.0,0.007653846153846154
credit_regeneration_sensitivity,CEDULE,10027,1.5,3500,3500,3500,11.062399999999043,100.0,19.91342857142857,0.0,4.801388888888889,0.0,6914.0,0.010489282627484876
credit_regeneration_sensitivity,CEDULE,10028,1.5,3500,3495,3495,10.694399999999083,99.85714285714286,19.35793991416309,0.0,4.641666666666667,0.0,6684.0,0.012943709677419354
credit_regeneration_sensitivity,CEDULE,10029,1.5,3500,3496,3496,10.783359999999073,99.88571428571429,19.274313501144164,52.9249617151608,4.682638888888889,0.0,6737.0,0.011324784110535406
credit_regeneration_sensitivity,BADP,10000,2.0,3500,3463,3463,11.431679999999005,98.94285714285714,3.5512561362980075,60.25422766995802,4.96875,3.0,7137.0,0.011604405286343612
credit_regeneration_sensitivity,BADP,10001,2.0,3500,3498,3498,11.737706666665638,99.94285714285714,3.6203544882790166,56.988783433994826,5.1,0.0,7330.0,0.019300501253132832
credit_regeneration_sensitivity,BADP,10002,2.0,3500,3498,3498,11.858133333332288,99.94285714285714,3.0851915380217267,53.10856372218476,5.1506944444444445,0.0,7407.0,0.015589317995069844
credit_regeneration_sensitivity,BADP,10003,2.0,3500,3499,3499,11.652693333332314,99.97142857142858,3.573020863103744,57.12091422954043,5.063888888888889,0.0,7276.0,0.023582399299474605
credit_regeneration_sensitivity,BADP,10004,2.0,3500,3472,3472,11.422986666665672,99.2,3.4890552995391704,60.197760981985574,4.964583333333334,0.0,7132.0,0.015971356360572873
credit_regeneration_sensitivity,BADP,10005,2.0,3500,3498,3498,11.54202666666566,99.94285714285714,3.0817610062893084,53.18747896331202,5.013888888888889,1.0,7209.0,0.01733809121621622
credit_regeneration_sensitivity,BADP,10006,2.0,3500,3500,3500,11.64303999999898,100.0,3.3674285714285714,53.029381965552176,5.0569444444444445,0.0,7273.0,0.013621322889469104
credit_regeneration_sensitivity,BADP,10007,2.0,3500,3496,3496,11.400319999999008,99.88571428571429,3.3915903890160184,53.266129032258064,4.9527777777777775,0.0,7120.0,0.01520678391959799
credit_regeneration_sensitivity,BADP,10008,2.0,3500,3496,3496,11.596639999998986,99.88571428571429,3.379576659038902,56.654866157381534,5.0368055555555555,0.0,7244.0,0.014774958813838552
credit_regeneration_sensitivity,BADP,10009,2.0,3500,3500,3500,11.497066666665665,100.0,3.666857142857143,62.942851117671864,4.997916666666667,1.0,7177.0,0.029861129848229345
credit_regeneration_sensitivity,BADP,10010,2.0,3500,3499,3499,11.663893333332313,99.97142857142858,3.3523863961131752,53.5781041388518,5.06875,2.0,7283.0,0.01023970588235294
credit_regeneration_sensitivity,BADP,10011,2.0,3500,3463,3463,11.549119999998991,98.94285714285714,3.501876985272885,56.855835806132546,5.017361111111111,1.0,7213.0,0.014783348581884721
credit_regeneration_sensitivity,BADP,10012,2.0,3500,3499,3499,11.42090666666567,99.97142857142858,3.350957416404687,53.422638981915604,4.9625,0.0,7132.0,0.008157333333333334
credit_regeneration_sensitivity,BADP,10013,2.0,3500,3497,3497,11.46650666666567,99.91428571428571,4.039748355733486,65.57177021816585,4.988194444444445,5.0,7154.0,0.02158784165881244
credit_regeneration_sensitivity,BADP,10014,2.0,3500,3498,3498,11.392586666665675,99.94285714285714,3.43453401943968,57.18667566406969,4.951388888888889,2.0,7113.0,0.014609682804674458
credit_regeneration_sensitivity,BADP,10015,2.0,3500,3498,3498,11.734026666665637,99.94285714285714,3.31789594053745,53.18747896331202,5.097222222222222,0.0,7329.0,0.01582868352223191
credit_regeneration_sensitivity,BADP,10016,2.0,3500,3499,3499,11.335946666665683,99.97142857142858,3.6130322949414118,57.577046988025046,4.929166666666666,4.0,7075.0,0.015716962025316455
credit_regeneration_sensitivity,BADP,10017,2.0,3500,3498,3498,11.350133333332348,99.94285714285714,3.94568324757004,63.185460640025134,4.936111111111111,1.0,7083.0,0.018766496163682866
credit_regeneration_sensitivity,BADP,10018,2.0,3500,3469,3469,11.275999999999021,99.11428571428571,3.095704814067455,62.6970227670753,4.9,1.0,7041.0,0.01087669819432502
credit_regeneration_sensitivity,BADP,10019,2.0,3500,3500,3500,11.506666666665664,100.0,3.512,57.382755251587696,5.002083333333333,1.0,7183.0,0.008241360787824531
credit_regeneration_sensitivity,BADP,10020,2.0,3500,3498,3498,11.418719999999,99.94285714285714,3.8379073756432245,57.833363542988344,4.966666666666667,1.0,7125.0,0.02131113967437875
credit_regeneration_sensitivity,BADP,10021,2.0,3500,3499,3499,11.245226666665689,99.97142857142858,4.293798228065161,60.700258107956465,4.8909722222222225,3.0,7017.0,0.010925987708516242
credit_regeneration_sensitivity,BADP,10022,2.0,3500,3500,3500,11.616853333332317,100.0,3.427714285714286,60.47850129782193,5.050694444444445,2.0,7251.0,0.014696910856134155
credit_regeneration_sensitivity,BADP,10023,2.0,3500,3498,3498,11.750239999998968,99.94285714285714,3.142367066895369,56.654866157381534,5.103472222222222,0.0,7340.0,0.00911812349639134
credit_regeneration_sensitivity,BADP,10024,2.0,3500,3499,3499,11.466826666665668,99.97142857142858,3.2732209202629323,56.789053309392614,4.98125,2.0,7162.0,0.00787522633744856
credit_regeneration_sensitivity,BADP,10025,2.0,3500,3498,3498,11.461546666665667,99.94285714285714,3.0906232132647227,56.587459567056484,4.977777777777778,0.0,7160.0,0.010740307429547395
credit_regeneration_sensitivity,BADP,10026,2.0,3500,3499,3499,11.350826666665668,99.97142857142858,4.040297227779366,54.34011818778727,4.936805555555556,0.0,7083.0,0.01463277972027972
credit_regeneration_sensitivity,BADP,10027,2.0,3500,3500,3500,11.755093333332303,100.0,3.5677142857142856,53.5781041388518,5.108333333333333,5.0,7340.0,0.01891780466724287
credit_regeneration_sensitivity,BADP,10028,2.0,3500,3495,3495,11.34570666666568,99.85714285714286,3.40343347639485,53.422638981915604,4.929861111111111,1.0,7085.0,0.00639491935483871
credit_regeneration_sensitivity,BADP,10029,2.0,3500,3496,3496,11.430986666665662,99.88571428571429,3.7714530892448512,57.18667566406969,4.968055555555556,0.0,7137.0,0.009402417962003454
credit_regeneration_sensitivity,BADP_PLUS,10000,2.0,3500,3463,3463,11.483946666665664,98.94285714285714,3.3970545769563962,59.682247294496904,4.9875,0.0,7174.0,0.06984237885462555
credit_regeneration_sensitivity,BADP_PLUS,10001,2.0,3500,3498,3498,11.739039999998969,99.94285714285714,3.6083476272155517,62.39768897448242,5.098611111111111,0.0,7333.0,0.08894611528822055
credit_regeneration_sensitivity,BADP_PLUS,10002,2.0,3500,3498,3498,11.860853333332289,99.94285714285714,3.0889079473985133,56.51984300043611,5.1506944444444445,0.0,7410.0,0.08317773212818406
credit_regeneration_sensitivity,BADP_PLUS,10003,2.0,3500,3499,3499,11.627733333332316,99.97142857142858,3.687625035724493,64.75467172978915,5.050694444444445,0.0,7263.0,0.10922005253940455
credit_regeneration_sensitivity,BADP_PLUS,10004,2.0,3500,3472,3472,11.422933333332338,99.2,3.5345622119815667,64.75467172978915,4.961805555555555,0.0,7135.0,0.07956689132266218
credit_regeneration_sensitivity,BADP_PLUS,10005,2.0,3500,3498,3498,11.535359999998992,99.94285714285714,3.10062893081761,52.79022403258656,5.009027777777778,0.0,7207.0,0.08623868243243243
credit_regeneration_sensitivity,BADP_PLUS,10006,2.0,3500,3500,3500,11.64735999999898,100.0,3.388571428571429,52.79022403258656,5.057638888888889,0.0,7277.0,0.07985691906005223
credit_regeneration_sensitivity,BADP_PLUS,10007,2.0,3500,3496,3496,11.400746666665674,99.88571428571429,3.391304347826087,59.682247294496904,4.951388888888889,0.0,7122.0,0.07469539363484087
credit_regeneration_sensitivity,BADP_PLUS,10008,2.0,3500,3496,3496,11.59525333333232,99.88571428571429,3.380434782608696,56.51984300043611,5.035416666666666,0.0,7244.0,0.09197792421746293
credit_regeneration_sensitivity,BADP_PLUS,10009,2.0,3500,3500,3500,11.485333333332331,100.0,3.6977142857142855,64.75467172978915,4.988888888888889,0.0,7174.0,0.0649610455311973
credit_regeneration_sensitivity,BADP_PLUS,10010,2.0,3500,3499,3499,11.701759999998973,99.97142857142858,3.249785653043727,52.79022403258656,5.08125,0.0,7311.0,0.06655179738562092
credit_regeneration_sensitivity,BADP_PLUS,10011,2.0,3500,3463,3463,11.558453333332324,98.94285714285714,3.367600346520358,56.51984300043611,5.019444444444445,0.0,7221.0,0.08310969807868251
credit_regeneration_sensitivity,BADP_PLUS,10012,2.0,3500,3499,3499,11.419946666665671,99.97142857142858,3.349528436696199,59.682247294496904,4.959722222222222,0.0,7134.0,0.06459708333333333
credit_regeneration_sensitivity,BADP_PLUS,10013,2.0,3500,3497,3497,11.462506666665668,99.91428571428571,4.087503574492422,71.72108467072496,4.980555555555555,0.0,7158.0,0.06771112158341187
credit_regeneration_sensitivity,BADP_PLUS,10014,2.0,3500,3498,3498,11.389333333332342,99.94285714285714,3.419668381932533,64.75467172978915,4.947222222222222,0.0,7114.0,0.07641235392320535
credit_regeneration_sensitivity,BADP_PLUS,10015,2.0,3500,3498,3498,11.73055999999897,99.94285714285714,3.3887935963407663,52.79022403258656,5.09375,0.0,7329.0,0.08904341761115955
credit_regeneration_sensitivity,BADP_PLUS,10016,2.0,3500,3499,3499,11.374453333332344,99.97142857142858,3.6716204629894253,56.51984300043611,4.939583333333333,0.0,7106.0,0.08577797468354431
credit_regeneration_sensitivity,BADP_PLUS,10017,2.0,3500,3498,3498,11.384533333332342,99.94285714285714,3.5254431103487707,64.75467172978915,4.945138888888889,0.0,7111.0,0.06716760443307758
credit_regeneration_sensitivity,BADP_PLUS,10018,2.0,3500,3469,3469,11.272746666665688,99.11428571428571,3.101470164312482,59.682247294496904,4.895833333333333,0.0,7042.0,0.05456354256233878
credit_regeneration_sensitivity,BADP_PLUS,10019,2.0,3500,3500,3500,11.502453333332328,100.0,3.535142857142857,56.51984300043611,4.995138888888889,0.0,7186.0,0.08512766338406445
credit_regeneration_sensitivity,BADP_PLUS,10020,2.0,3500,3498,3498,11.393439999999007,99.94285714285714,4.001429388221841,62.39768897448242,4.948611111111111,0.0,7117.0,0.08349545844044559
credit_regeneration_sensitivity,BADP_PLUS,10021,2.0,3500,3499,3499,11.245813333332356,99.97142857142858,4.307516433266648,70.26733953371982,4.886111111111111,0.0,7023.0,0.05223169446883231
credit_regeneration_sensitivity,BADP_PLUS,10022,2.0,3500,3500,3500,11.618613333332316,100.0,3.400857142857143,70.26733953371982,5.047916666666667,0.0,7256.0,0.08489752868490733
credit_regeneration_sensitivity,BADP_PLUS,10023,2.0,3500,3498,3498,11.747253333332301,99.94285714285714,3.148084619782733,56.51984300043611,5.101388888888889,0.0,7339.0,0.0645047313552526
credit_regeneration_sensitivity,BADP_PLUS,10024,2.0,3500,3499,3499,11.464053333332334,99.97142857142858,3.281223206630466,56.51984300043611,4.978472222222222,0.0,7162.0,0.04962139917695473
credit_regeneration_sensitivity,BADP_PLUS,10025,2.0,3500,3498,3498,11.459253333332333,99.94285714285714,3.090909090909091,56.51984300043611,4.976388888888889,0.0,7159.0,0.12424824935952178
credit_regeneration_sensitivity,BADP_PLUS,10026,2.0,3500,3499,3499,11.34954666666568,99.97142857142858,4.0185767362103455,59.682247294496904,4.929166666666666,0.0,7090.0,0.10773968531468531
credit_regeneration_sensitivity,BADP_PLUS,10027,2.0,3500,3500,3500,11.745653333332301,100.0,3.599142857142857,56.51984300043611,5.100694444444445,0.0,7338.0,0.07137035436473639
credit_regeneration_sensitivity,BADP_PLUS,10028,2.0,3500,3495,3495,11.336959999999014,99.85714285714286,3.4206008583690988,52.79022403258656,4.922916666666667,0.0,7083.0,0.061911129032258067
credit_regeneration_sensitivity,BADP_PLUS,10029,2.0,3500,3496,3496,11.429333333332334,99.88571428571429,3.78175057208238,64.75467172978915,4.964583333333334,0.0,7139.0,0.07549464594127805
credit_regeneration_sensitivity,CEDULE,10000,2.0,3500,3463,3463,10.797546666665738,98.94285714285714,19.3595148714987,44.350473612990534,4.689583333333333,3.0,6745.0,0.009952511013215858
credit_regeneration_sensitivity,CEDULE,10001,2.0,3500,3498,3498,10.979893333332386,99.94285714285714,19.854774156660948,8.873673399520714,4.7659722222222225,0.0,6862.0,0.008369924812030076
credit_regeneration_sensitivity,CEDULE,10002,2.0,3500,3498,3498,10.939199999999056,99.94285714285714,19.887650085763294,0.0,4.747916666666667,0.0,6837.0,0.007412407559572719
credit_regeneration_sensitivity,CEDULE,10003,2.0,3500,3499,3499,10.951573333332389,99.97142857142858,19.813661046013145,35.31335149863761,4.754861111111111,0.0,6843.0,0.014611646234676007
credit_regeneration_sensitivity,CEDULE,10004,2.0,3500,3472,3472,10.787893333332406,99.2,19.030241935483872,8.873673399520714,4.682638888888889,0.0,6742.0,0.013310362257792755
credit_regeneration_sensitivity,CEDULE,10005,2.0,3500,3498,3498,10.782399999999074,99.94285714285714,19.724128073184676,0.0,4.679861111111111,0.0,6739.0,0.014101351351351352
credit_regeneration_sensitivity,CEDULE,10006,2.0,3500,3500,3500,10.982879999999053,100.0,20.050285714285714,26.53019447287615,4.768055555555556,0.0,6863.0,0.009019060052219321
credit_regeneration_sensitivity,CEDULE,10007,2.0,3500,3496,3496,10.710399999999082,99.88571428571429,19.268020594965677,0.0,4.648611111111111,0.0,6694.0,0.012553517587939697
credit_regeneration_sensitivity,CEDULE,10008,2.0,3500,3496,3496,10.80186666666574,99.88571428571429,19.458810068649885,44.066643998639925,4.690277777777778,0.0,6749.0,0.006930724876441516
credit_regeneration_sensitivity,CEDULE,10009,2.0,3500,3500,3500,10.775093333332409,100.0,19.363714285714284,8.873673399520714,4.677083333333333,0.0,6734.0,0.008770826306913997
credit_regeneration_sensitivity,CEDULE,10010,2.0,3500,3499,3499,10.90719999999906,99.97142857142858,19.819948556730495,0.0,4.7340277777777775,0.0,6817.0,0.007383823529411766
credit_regeneration_sensitivity,CEDULE,10011,2.0,3500,3463,3463,10.921386666665725,98.94285714285714,19.59688131677736,17.717019822282982,4.740972222222222,0.0,6825.0,0.00961216834400732
credit_regeneration_sensitivity,CEDULE,10012,2.0,3500,3499,3499,10.773493333332409,99.97142857142858,19.634466990568733,8.873673399520714,4.676388888888889,0.0,6733.0,0.013201166666666667
credit_regeneration_sensitivity,CEDULE,10013,2.0,3500,3497,3497,10.796159999999073,99.91428571428571,19.654275092936803,52.79022403258656,4.688194444444444,0.0,6745.0,0.011451460885956645
credit_regeneration_sensitivity,CEDULE,10014,2.0,3500,3498,3498,10.637973333332424,99.94285714285714,19.341052029731276,35.31335149863761,4.61875,0.0,6647.0,0.010942570951585975
credit_regeneration_sensitivity,CEDULE,10015,2.0,3500,3498,3498,10.969599999999053,99.94285714285714,19.93138936535163,0.0,4.761111111111111,0.0,6856.0,0.015137489102005231
credit_regeneration_sensitivity,CEDULE,10016,2.0,3500,3499,3499,10.76389333333241,99.97142857142858,19.52757930837382,8.873673399520714,4.6722222222222225,0.0,6727.0,0.010444725738396625
credit_regeneration_sensitivity,CEDULE,10017,2.0,3500,3498,3498,10.752693333332411,99.94285714285714,19.678673527730133,8.873673399520714,4.667361111111111,0.0,6720.0,0.010498635976129583
credit_regeneration_sensitivity,CEDULE,10018,2.0,3500,3469,3469,10.565493333332432,99.11428571428571,19.110118189680023,8.873673399520714,4.586111111111111,0.0,6603.0,0.0073836629406706785
credit_regeneration_sensitivity,CEDULE,10019,2.0,3500,3500,3500,10.837493333332402,100.0,19.952,8.873673399520714,4.704166666666667,0.0,6773.0,0.008873948075201433
credit_regeneration_sensitivity,CEDULE,10020,2.0,3500,3498,3498,10.926186666665725,99.94285714285714,19.73642081189251,17.717019822282982,4.743055555555555,0.0,6828.0,0.02031962296486718
credit_regeneration_sensitivity,CEDULE,10021,2.0,3500,3499,3499,10.763679999999077,99.97142857142858,19.710202915118604,26.53019447287615,4.672916666666667,0.0,6726.0,0.008760228270412642
credit_regeneration_sensitivity,CEDULE,10022,2.0,3500,3500,3500,10.901066666665727,100.0,19.58142857142857,44.066643998639925,4.733333333333333,0.0,6811.0,0.007345454545454546
credit_regeneration_sensitivity,CEDULE,10023,2.0,3500,3498,3498,11.017386666665715,99.94285714285714,19.775871926815324,17.717019822282982,4.782638888888889,0.0,6885.0,0.00662317562149158
credit_regeneration_sensitivity,CEDULE,10024,2.0,3500,3499,3499,10.855786666665733,99.97142857142858,19.629608459559876,17.717019822282982,4.7125,0.0,6784.0,0.0069130041152263375
credit_regeneration_sensitivity,CEDULE,10025,2.0,3500,3498,3498,10.696693333332417,99.94285714285714,19.592052601486564,8.873673399520714,4.643055555555556,0.0,6685.0,0.010814261315115287
credit_regeneration_sensitivity,CEDULE,10026,2.0,3500,3499,3499,10.833173333332402,99.97142857142858,19.55301514718491,35.31335149863761,4.7034722222222225,0.0,6769.0,0.012661188811188813
credit_regeneration_sensitivity,CEDULE,10027,2.0,3500,3500,3500,11.062399999999043,100.0,19.91342857142857,0.0,4.801388888888889,0.0,6914.0,0.016721866897147795
credit_regeneration_sensitivity,CEDULE,10028,2.0,3500,3495,3495,10.694399999999083,99.85714285714286,19.35793991416309,0.0,4.641666666666667,0.0,6684.0,0.007614758064516129
credit_regeneration_sensitivity,CEDULE,10029,2.0,3500,3496,3496,10.783359999999073,99.88571428571429,19.274313501144164,52.79022403258656,4.682638888888889,0.0,6737.0,0.007120379965457686
credit_utilization,BADP,10000,0.5,3000,2945,2945,6.411946666666222,98.16666666666667,1.7561969439728353,56.941309255079005,2.786111111111111,2.0,4004.0,0.009234987168520102
credit_utilization,BADP,10001,0.5,3000,2984,2984,6.587733333332869,99.46666666666667,1.8046246648793565,53.25153374233129,2.8631944444444444,4.0,4113.0,0.0069537067545304785
credit_utilization,BADP,10002,0.5,3000,3000,3000,6.462239999999549,100.0,1.7726666666666666,53.22283609576427,2.808333333333333,3.0,4035.0,0.012746862265688672
credit_utilization,BADP,10003,0.5,3000,2999,2999,6.661759999999528,99.96666666666667,1.8036012004001334,53.13653136531365,2.89375,0.0,4161.0,0.009907963118189438
credit_utilization,BADP,10004,0.5,3000,2952,2952,6.446026666666218,98.4,1.7113821138211383,57.014084507042256,2.8020833333333335,5.0,4024.0,0.008951400329489292
credit_utilization,BADP,10005,0.5,3000,2999,2999,6.670719999999527,99.96666666666667,1.8269423141047016,53.30882352941177,2.9,6.0,4164.0,0.01101796357615894
credit_utilization,BADP,10006,0.5,3000,2999,2999,6.5625599999995385,99.96666666666667,1.750916972324108,53.13653136531365,2.8506944444444446,0.0,4099.0,0.0058743288590604025
credit_utilization,BADP,10007,0.5,3000,2991,2991,6.494239999999546,99.7,1.7499164159144098,53.22283609576427,2.8222222222222224,3.0,4055.0,0.007650246710526315
credit_utilization,BADP,10008,0.5,3000,2995,2995,6.461546666666217,99.83333333333333,1.7091819699499164,53.19410319410319,2.807638888888889,2.0,4035.0,0.011831003289473684
credit_utilization,BADP,10009,0.5,3000,2997,2997,6.553439999999539,99.9,1.896896896896897,53.22283609576427,2.847916666666667,3.0,4092.0,0.008387942664418212
credit_utilization,BADP,10010,0.5,3000,2999,2999,6.613119999999533,99.96666666666667,1.7992664221407135,53.30882352941177,2.875,6.0,4128.0,0.01005622950819672
credit_utilization,BADP,10011,0.5,3000,2968,2968,6.535839999999542,98.93333333333334,1.8662398921832883,60.14606155451226,2.8402777777777777,1.0,4081.0,0.007808833619210978
credit_utilization,BADP,10012,0.5,3000,3000,3000,6.7081599999995225,100.0,1.819,53.13653136531365,2.9138888888888888,0.0,4190.0,0.012273400673400674
credit_utilization,BADP,10013,0.5,3000,2997,2997,6.420639999999555,99.9,2.0597263930597265,53.22283609576427,2.790277777777778,1.0,4009.0,0.013804163126593032
credit_utilization,BADP,10014,0.5,3000,2993,2993,6.4782399999995475,99.76666666666667,1.698296024056131,53.22283609576427,2.8152777777777778,3.0,4045.0,0.008753628023352793
credit_utilization,BADP,10015,0.5,3000,3000,3000,6.653119999999529,100.0,1.7883333333333333,53.30882352941177,2.892361111111111,6.0,4153.0,0.007930236348818256
credit_utilization,BADP,10016,0.5,3000,2999,2999,6.634559999999531,99.96666666666667,1.734911637212404,53.13653136531365,2.8819444444444446,0.0,4144.0,0.010351008878127522
credit_utilization,BADP,10017,0.5,3000,2999,2999,6.618559999999532,99.96666666666667,1.7455818606202067,53.13653136531365,2.875,0.0,4134.0,0.011759308072487644
credit_utilization,BADP,10018,0.5,3000,2974,2974,6.560746666666206,99.13333333333334,1.7168796234028245,60.12526096033403,2.8506944444444446,0.0,4097.0,0.008146923707957342
credit_utilization,BADP,10019,0.5,3000,2999,2999,6.4359466666662195,99.96666666666667,1.742914304768256,53.19410319410319,2.796527777777778,2.0,4019.0,0.00920133891213389
credit_utilization,BADP,10020,0.5,3000,2994,2994,6.576959999999537,99.8,1.8226452905811623,53.13653136531365,2.8569444444444443,0.0,4108.0,0.0074392523364485985
credit_utilization,BADP,10021,0.5,3000,2995,2995,6.48805333333288,99.83333333333333,1.90550918196995,53.16533497234173,2.81875,0.0,4052.0,0.009994687232219366
credit_utilization,BADP,10022,0.5,3000,2996,2996,6.642826666666196,99.86666666666666,1.8337783711615487,53.28019619865113,2.8875,4.0,4147.0,0.005084149377593362
credit_utilization,BADP,10023,0.5,3000,2984,2984,6.415359999999555,99.46666666666667,1.700402144772118,53.13653136531365,2.7868055555555555,0.0,4007.0,0.006875637860082304
credit_utilization,BADP,10024,0.5,3000,2999,2999,6.629759999999531,99.96666666666667,1.7729243081027009,53.13653136531365,2.879861111111111,0.0,4141.0,0.008292516447368422
credit_utilization,BADP,10025,0.5,3000,2999,2999,6.4631466666662165,99.96666666666667,1.7599199733244415,53.19410319410319,2.808333333333333,2.0,4036.0,0.00605071368597817
credit_utilization,BADP,10026,0.5,3000,3000,3000,6.789546666666181,100.0,1.7596666666666667,53.19410319410319,2.95,2.0,4240.0,0.00779071661237785
credit_utilization,BADP,10027,0.5,3000,2999,2999,6.5672533333328715,99.96666666666667,1.9699899966655552,53.593179049939096,2.859027777777778,9.0,4095.0,0.012014464882943145
credit_utilization,BADP,10028,0.5,3000,2985,2985,6.413546666666222,99.5,1.706532663316583,53.19410319410319,2.7868055555555555,2.0,4005.0,0.008771150729335495
credit_utilization,BADP,10029,0.5,3000,2988,2988,6.654453333332862,99.6,1.7339357429718876,53.16533497234173,2.890972222222222,1.0,4156.0,0.00823770358306189
credit_utilization,BADP_PLUS,10000,0.5,3000,2946,2946,6.413546666666222,98.2,1.7552613713509844,60.12526096033403,2.7868055555555555,0.0,4005.0,0.07252284003421729
credit_utilization,BADP_PLUS,10001,0.5,3000,2984,2984,6.586559999999536,99.46666666666667,1.8029490616621984,53.13653136531365,2.861111111111111,0.0,4114.0,0.06337553542009884
credit_utilization,BADP_PLUS,10002,0.5,3000,3000,3000,6.4633599999995495,100.0,1.7723333333333333,53.13653136531365,2.807638888888889,0.0,4037.0,0.05903691931540342
credit_utilization,BADP_PLUS,10003,0.5,3000,2999,2999,6.661759999999528,99.96666666666667,1.8036012004001334,53.13653136531365,2.89375,0.0,4161.0,0.07167418273260688
credit_utilization,BADP_PLUS,10004,0.5,3000,2953,2953,6.447146666666218,98.43333333333334,1.7094480189637657,60.12526096033403,2.801388888888889,0.0,4026.0,0.056555024711696864
credit_utilization,BADP_PLUS,10005,0.5,3000,2999,2999,6.668159999999527,99.96666666666667,1.826275425141714,53.13653136531365,2.8965277777777776,0.0,4165.0,0.06383046357615894
credit_utilization,BADP_PLUS,10006,0.5,3000,2999,2999,6.5625599999995385,99.96666666666667,1.750916972324108,53.13653136531365,2.8506944444444446,0.0,4099.0,0.04357197986577181
credit_utilization,BADP_PLUS,10007,0.5,3000,2991,2991,6.493759999999546,99.7,1.7489134068873287,53.13653136531365,2.8208333333333333,0.0,4056.0,0.05968133223684211
credit_utilization,BADP_PLUS,10008,0.5,3000,2995,2995,6.46015999999955,99.83333333333333,1.7081803005008347,53.13653136531365,2.80625,0.0,4035.0,0.06459350328947368
credit_utilization,BADP_PLUS,10009,0.5,3000,2997,2997,6.55295999999954,99.9,1.8958958958958958,53.13653136531365,2.8465277777777778,0.0,4093.0,0.06601231028667791
credit_utilization,BADP_PLUS,10010,0.5,3000,2999,2999,6.612159999999533,99.96666666666667,1.7979326442147383,53.13653136531365,2.8722222222222222,0.0,4130.0,0.05806270491803279
credit_utilization,BADP_PLUS,10011,0.5,3000,2968,2968,6.536746666666208,98.93333333333334,1.8659029649595686,60.12526096033403,2.8402777777777777,0.0,4082.0,0.05313910806174957
credit_utilization,BADP_PLUS,10012,0.5,3000,3000,3000,6.7081599999995225,100.0,1.819,53.13653136531365,2.9138888888888888,0.0,4190.0,0.08864747474747474
credit_utilization,BADP_PLUS,10013,0.5,3000,2997,2997,6.421759999999554,99.9,2.0547213880547215,53.13653136531365,2.7895833333333333,0.0,4011.0,0.08704035683942227
credit_utilization,BADP_PLUS,10014,0.5,3000,2993,2993,6.477759999999548,99.76666666666667,1.6972936852656197,53.13653136531365,2.813888888888889,0.0,4046.0,0.052436030025020855
credit_utilization,BADP_PLUS,10015,0.5,3000,3000,3000,6.652159999999529,100.0,1.788,53.13653136531365,2.8895833333333334,0.0,4155.0,0.07322306438467809
credit_utilization,BADP_PLUS,10016,0.5,3000,2999,2999,6.634559999999531,99.96666666666667,1.734911637212404,53.13653136531365,2.8819444444444446,0.0,4144.0,0.06117328490718321
credit_utilization,BADP_PLUS,10017,0.5,3000,2999,2999,6.618559999999532,99.96666666666667,1.7455818606202067,53.13653136531365,2.875,0.0,4134.0,0.09298558484349259
credit_utilization,BADP_PLUS,10018,0.5,3000,2974,2974,6.560746666666206,99.13333333333334,1.7168796234028245,60.12526096033403,2.8506944444444446,0.0,4097.0,0.07025274815422478
credit_utilization,BADP_PLUS,10019,0.5,3000,2999,2999,6.4361599999995525,99.96666666666667,1.7422474158052683,53.13653136531365,2.7958333333333334,0.0,4020.0,0.059672887029288704
credit_utilization,BADP_PLUS,10020,0.5,3000,2994,2994,6.576959999999537,99.8,1.8226452905811623,53.13653136531365,2.8569444444444443,0.0,4108.0,0.07115131690739167
credit_utilization,BADP_PLUS,10021,0.5,3000,2995,2995,6.484159999999547,99.83333333333333,1.8984974958263774,53.13653136531365,2.816666666666667,0.0,4050.0,0.05242819194515853
credit_utilization,BADP_PLUS,10022,0.5,3000,2996,2996,6.64255999999953,99.86666666666666,1.8371161548731643,53.13653136531365,2.8854166666666665,0.0,4149.0,0.04556813278008299
credit_utilization,BADP_PLUS,10023,0.5,3000,2984,2984,6.415359999999555,99.46666666666667,1.700402144772118,53.13653136531365,2.7868055555555555,0.0,4007.0,0.053537695473251025
credit_utilization,BADP_PLUS,10024,0.5,3000,2999,2999,6.629759999999531,99.96666666666667,1.7729243081027009,53.13653136531365,2.879861111111111,0.0,4141.0,0.07610082236842106
credit_utilization,BADP_PLUS,10025,0.5,3000,2999,2999,6.4633599999995495,99.96666666666667,1.7592530843614538,53.13653136531365,2.807638888888889,0.0,4037.0,0.0444151973131822
credit_utilization,BADP_PLUS,10026,0.5,3000,3000,3000,6.792959999999513,100.0,1.759,53.13653136531365,2.9506944444444443,0.0,4243.0,0.07144193811074918
credit_utilization,BADP_PLUS,10027,0.5,3000,2999,2999,6.562346666666206,99.96666666666667,1.9856618872957652,60.12526096033403,2.8513888888888888,0.0,4098.0,0.06093344481605351
credit_utilization,BADP_PLUS,10028,0.5,3000,2985,2985,6.413759999999555,99.5,1.7058626465661642,53.13653136531365,2.786111111111111,0.0,4006.0,0.08483970826580227
credit_utilization,BADP_PLUS,10029,0.5,3000,2988,2988,6.655359999999528,99.6,1.7336010709504686,53.13653136531365,2.890972222222222,0.0,4157.0,0.061859934853420194
credit_utilization,CEDULE,10000,0.5,3000,2946,2946,5.6621866666663045,98.2,17.879158180583843,17.755856966707768,2.4583333333333335,0.0,3538.0,0.007632934131736527
credit_utilization,CEDULE,10001,0.5,3000,2984,2984,5.8623999999996155,99.46666666666667,19.344168900804288,0.0,2.5444444444444443,0.0,3664.0,0.007948929159802307
credit_utilization,CEDULE,10002,0.5,3000,3000,3000,5.769599999999626,100.0,19.861,0.0,2.504166666666667,0.0,3606.0,0.009426324368378158
credit_utilization,CEDULE,10003,0.5,3000,2999,2999,5.995199999999601,99.96666666666667,21.21573857952651,0.0,2.6020833333333333,0.0,3747.0,0.007055490360435876
credit_utilization,CEDULE,10004,0.5,3000,2953,2953,5.786293333332957,98.43333333333334,18.737555028784286,8.883405305367058,2.5118055555555556,0.0,3616.0,0.00950345963756178
credit_utilization,CEDULE,10005,0.5,3000,2999,2999,6.0047999999996,99.96666666666667,21.06335445148383,0.0,2.60625,0.0,3753.0,0.008625579470198676
credit_utilization,CEDULE,10006,0.5,3000,2999,2999,5.900799999999611,99.96666666666667,21.04101367122374,0.0,2.561111111111111,0.0,3688.0,0.009050922818791947
credit_utilization,CEDULE,10007,0.5,3000,2990,2990,5.770293333332959,99.66666666666667,19.140468227424748,8.883405305367058,2.504861111111111,1.0,3606.0,0.010807730263157895
credit_utilization,CEDULE,10008,0.5,3000,2994,2994,5.779893333332958,99.8,19.407147628590515,8.883405305367058,2.509027777777778,1.0,3612.0,0.009305509868421052
credit_utilization,CEDULE,10009,0.5,3000,2997,2997,5.947199999999606,99.9,20.378044711378045,0.0,2.58125,0.0,3717.0,0.006919055649241146
credit_utilization,CEDULE,10010,0.5,3000,2999,2999,5.948799999999606,99.96666666666667,20.676558852950983,0.0,2.5819444444444444,0.0,3718.0,0.00771
credit_utilization,CEDULE,10011,0.5,3000,2967,2967,5.900586666666278,98.9,20.146275699359624,17.755856966707768,2.5618055555555554,1.0,3687.0,0.00749451114922813
credit_utilization,CEDULE,10012,0.5,3000,3000,3000,6.014399999999599,100.0,21.543666666666667,0.0,2.6104166666666666,0.0,3759.0,0.010811868686868687
credit_utilization,CEDULE,10013,0.5,3000,2997,2997,5.932799999999608,99.9,20.427761094427762,0.0,2.575,0.0,3708.0,0.013322090059473237
credit_utilization,CEDULE,10014,0.5,3000,2993,2993,5.751999999999628,99.76666666666667,19.464082860006684,0.0,2.4965277777777777,0.0,3595.0,0.006749791492910759
credit_utilization,CEDULE,10015,0.5,3000,3000,3000,5.903999999999611,100.0,20.086333333333332,0.0,2.5625,0.0,3690.0,0.007198125509372454
credit_utilization,CEDULE,10016,0.5,3000,2999,2999,5.940799999999607,99.96666666666667,20.33244414804935,0.0,2.578472222222222,0.0,3713.0,0.008407102502017755
credit_utilization,CEDULE,10017,0.5,3000,2999,2999,5.9343999999996075,99.96666666666667,20.23674558186062,0.0,2.5756944444444443,0.0,3709.0,0.0059139209225700165
credit_utilization,CEDULE,10018,0.5,3000,2971,2971,5.891679999999613,99.03333333333333,19.602154156849547,26.617375231053604,2.558333333333333,2.0,3681.0,0.005991304347826087
credit_utilization,CEDULE,10019,0.5,3000,2999,2999,5.721599999999631,99.96666666666667,19.929643214404802,0.0,2.4833333333333334,0.0,3576.0,0.008192468619246862
credit_utilization,CEDULE,10020,0.5,3000,2994,2994,5.91359999999961,99.8,20.45123580494322,0.0,2.566666666666667,0.0,3696.0,0.01203661852166525
credit_utilization,CEDULE,10021,0.5,3000,2995,2995,5.88778666666628,99.83333333333333,20.49949916527546,17.755856966707768,2.55625,0.0,3679.0,0.005925192802056555
credit_utilization,CEDULE,10022,0.5,3000,2996,2996,5.959999999999605,99.86666666666666,20.40086782376502,0.0,2.5868055555555554,0.0,3725.0,0.005783734439834025
credit_utilization,CEDULE,10023,0.5,3000,2984,2984,5.679999999999636,99.46666666666667,19.0656836461126,0.0,2.4652777777777777,0.0,3550.0,0.007233497942386832
credit_utilization,CEDULE,10024,0.5,3000,2999,2999,5.924799999999609,99.96666666666667,20.70556852284095,0.0,2.571527777777778,0.0,3703.0,0.0046929276315789475
credit_utilization,CEDULE,10025,0.5,3000,2999,2999,5.811199999999621,99.96666666666667,19.92164054684895,0.0,2.522222222222222,0.0,3632.0,0.006835852225020991
credit_utilization,CEDULE,10026,0.5,3000,3000,3000,6.068799999999593,100.0,20.707666666666668,0.0,2.634027777777778,0.0,3793.0,0.0062058631921824104
credit_utilization,CEDULE,10027,0.5,3000,2999,2999,5.91039999999961,99.96666666666667,21.15038346115372,0.0,2.5652777777777778,0.0,3694.0,0.010039297658862877
credit_utilization,CEDULE,10028,0.5,3000,2985,2985,5.708799999999632,99.5,19.701172529313233,0.0,2.477777777777778,0.0,3568.0,0.00741969205834684
credit_utilization,CEDULE,10029,0.5,3000,2988,2988,5.871999999999614,99.6,19.4665327978581,0.0,2.548611111111111,0.0,3670.0,0.009162622149837133
credit_utilization,BADP,10000,0.8,3000,2930,2930,7.560746666666096,97.66666666666667,2.208532423208191,53.19410319410319,3.2847222222222223,0.0,4722.0,0.013904700854700854
credit_utilization,BADP,10001,0.8,3000,2978,2978,7.864746666666061,99.26666666666667,2.166218938885158,53.19410319410319,3.4166666666666665,2.0,4912.0,0.007947693574958814
credit_utilization,BADP,10002,0.8,3000,3000,3000,7.656053333332752,100.0,2.147,53.16533497234173,3.3256944444444443,1.0,4782.0,0.006589894050529748
credit_utilization,BADP,10003,0.8,3000,2999,2999,7.8625066666660635,99.96666666666667,2.428142714238079,53.365973072215425,3.4180555555555556,0.0,4908.0,0.0069373009220452635
credit_utilization,BADP,10004,0.8,3000,2940,2940,7.583839999999426,98.0,2.036394557823129,53.22283609576427,3.295138888888889,3.0,4736.0,0.010330230642504119
credit_utilization,BADP,10005,0.8,3000,2999,2999,7.914133333332723,99.96666666666667,2.2184061353784594,53.25153374233129,3.438888888888889,3.0,4942.0,0.004871771523178808
credit_utilization,BADP,10006,0.8,3000,2999,2999,7.780159999999404,99.96666666666667,2.1150383461153717,53.13653136531365,3.379166666666667,0.0,4860.0,0.0050591442953020135
credit_utilization,BADP,10007,0.8,3000,2988,2988,7.6848533333327484,99.6,2.1864123159303883,53.16533497234173,3.3381944444444445,1.0,4800.0,0.009009457236842105
credit_utilization,BADP,10008,0.8,3000,2992,2992,7.712746666666079,99.73333333333333,2.09725935828877,53.19410319410319,3.3506944444444446,1.0,4817.0,0.006062582236842105
credit_utilization,BADP,10009,0.8,3000,2993,2993,7.705119999999416,99.76666666666667,2.6742398930838625,53.73406193078324,3.354861111111111,4.0,4804.0,0.012168634064080945
credit_utilization,BADP,10010,0.8,3000,2999,2999,7.887413333332726,99.96666666666667,2.179726575525175,53.33741579914268,3.428472222222222,5.0,4924.0,0.006755491803278688
credit_utilization,BADP,10011,0.8,3000,2960,2960,7.637653333332756,98.66666666666667,2.7476351351351354,53.593179049939096,3.323611111111111,1.0,4764.0,0.008070068610634648
credit_utilization,BADP,10012,0.8,3000,3000,3000,7.973759999999383,100.0,2.251333333333333,53.13653136531365,3.4631944444444445,0.0,4981.0,0.009036531986531987
credit_utilization,BADP,10013,0.8,3000,2997,2997,7.708106666666083,99.9,3.046046046046046,60.557563242127,3.3569444444444443,1.0,4805.0,0.008333474936278675
credit_utilization,BADP,10014,0.8,3000,2991,2991,7.685759999999415,99.7,2.0407890337679704,53.13653136531365,3.3381944444444445,0.0,4801.0,0.008938198498748958
credit_utilization,BADP,10015,0.8,3000,3000,3000,7.864746666666062,100.0,2.1563333333333334,53.19410319410319,3.4166666666666665,2.0,4912.0,0.006491442542787286
credit_utilization,BADP,10016,0.8,3000,2999,2999,7.919359999999389,99.96666666666667,2.093031010336779,53.13653136531365,3.439583333333333,0.0,4947.0,0.007051251008878127
credit_utilization,BADP,10017,0.8,3000,2999,2999,7.874559999999394,99.96666666666667,2.0876958986328775,53.13653136531365,3.420138888888889,0.0,4919.0,0.0058698517298187815
credit_utilization,BADP,10018,0.8,3000,2967,2967,7.800959999999402,98.9,2.071452645770138,53.13653136531365,3.3881944444444443,0.0,4873.0,0.009527399507793273
credit_utilization,BADP,10019,0.8,3000,2999,2999,7.575146666666094,99.96666666666667,2.248749583194398,53.19410319410319,3.2909722222222224,1.0,4731.0,0.00712602510460251
credit_utilization,BADP,10020,0.8,3000,2992,2992,7.742026666666076,99.73333333333333,2.4321524064171123,53.28019619865113,3.3645833333333335,0.0,4834.0,0.00877391673746814
credit_utilization,BADP,10021,0.8,3000,2992,2992,7.6382933333327605,99.73333333333333,3.077205882352941,57.84530386740332,3.3333333333333335,4.0,4754.0,0.006115081405312768
credit_utilization,BADP,10022,0.8,3000,2993,2993,7.859946666666062,99.76666666666667,2.2639492148346143,53.19410319410319,3.4145833333333333,2.0,4909.0,0.008742655601659752
credit_utilization,BADP,10023,0.8,3000,2981,2981,7.6617599999994175,99.36666666666666,2.044951358604495,53.13653136531365,3.327777777777778,0.0,4786.0,0.00449119341563786
credit_utilization,BADP,10024,0.8,3000,2999,2999,7.845546666666064,99.96666666666667,2.1570523507835944,53.19410319410319,3.408333333333333,0.0,4900.0,0.004751151315789474
credit_utilization,BADP,10025,0.8,3000,2999,2999,7.666133333332751,99.96666666666667,2.211403801267089,53.25153374233129,3.33125,2.0,4787.0,0.010664063811922754
credit_utilization,BADP,10026,0.8,3000,3000,3000,8.084853333332704,100.0,2.094,53.16533497234173,3.5118055555555556,1.0,5050.0,0.007090635179153095
credit_utilization,BADP,10027,0.8,3000,2999,2999,7.890186666666059,99.96666666666667,2.3604534844948315,53.451435552840564,3.43125,4.0,4924.0,0.005830183946488294
credit_utilization,BADP,10028,0.8,3000,2979,2979,7.637546666666086,99.3,2.0382678751258814,53.19410319410319,3.3180555555555555,2.0,4770.0,0.013572690437601296
credit_utilization,BADP,10029,0.8,3000,2979,2979,7.859253333332729,99.3,2.046995636119503,53.16533497234173,3.4138888888888888,1.0,4909.0,0.00506628664495114
credit_utilization,BADP_PLUS,10000,0.8,3000,2930,2930,7.559359999999429,97.66666666666667,2.207508532423208,53.13653136531365,3.283333333333333,0.0,4722.0,0.052054017094017094
credit_utilization,BADP_PLUS,10001,0.8,3000,2978,2978,7.864959999999395,99.26666666666667,2.1655473472128945,53.13653136531365,3.4159722222222224,0.0,4913.0,0.061566392092257005
credit_utilization,BADP_PLUS,10002,0.8,3000,3000,3000,7.655359999999418,100.0,2.1466666666666665,53.13653136531365,3.325,0.0,4782.0,0.0641281988590057
credit_utilization,BADP_PLUS,10003,0.8,3000,2999,2999,7.856959999999396,99.96666666666667,2.441147049016339,53.13653136531365,3.4125,0.0,4908.0,0.07188038558256496
credit_utilization,BADP_PLUS,10004,0.8,3000,2940,2940,7.583359999999426,98.0,2.035374149659864,53.13653136531365,3.29375,0.0,4737.0,0.05428088962108732
credit_utilization,BADP_PLUS,10005,0.8,3000,2999,2999,7.9161599999993895,99.96666666666667,2.217072357452484,53.13653136531365,3.4381944444444446,0.0,4945.0,0.057907947019867546
credit_utilization,BADP_PLUS,10006,0.8,3000,2999,2999,7.780159999999404,99.96666666666667,2.1150383461153717,53.13653136531365,3.379166666666667,0.0,4860.0,0.05258070469798658
credit_utilization,BADP_PLUS,10007,0.8,3000,2988,2988,7.685759999999415,99.6,2.1850736278447123,53.13653136531365,3.3381944444444445,0.0,4801.0,0.04444185855263158
credit_utilization,BADP_PLUS,10008,0.8,3000,2992,2992,7.712959999999412,99.73333333333333,2.096590909090909,53.13653136531365,3.35,0.0,4818.0,0.057238815789473686
credit_utilization,BADP_PLUS,10009,0.8,3000,2993,2993,7.72895999999941,99.76666666666667,2.5920481122619448,53.13653136531365,3.3569444444444443,0.0,4828.0,0.054819645868465425
credit_utilization,BADP_PLUS,10010,0.8,3000,2999,2999,7.885759999999393,99.96666666666667,2.186395465155052,53.13653136531365,3.425,0.0,4926.0,0.047529836065573774
credit_utilization,BADP_PLUS,10011,0.8,3000,2960,2960,7.633439999999421,98.66666666666667,2.764864864864865,62.88209606986899,3.316666666666667,0.0,4767.0,0.050584048027444255
credit_utilization,BADP_PLUS,10012,0.8,3000,3000,3000,7.973759999999383,100.0,2.251333333333333,53.13653136531365,3.4631944444444445,0.0,4981.0,0.06519385521885522
credit_utilization,BADP_PLUS,10013,0.8,3000,2997,2997,7.698613333332748,99.9,3.058058058058058,70.88224157516092,3.3465277777777778,0.0,4806.0,0.07564027187765505
credit_utilization,BADP_PLUS,10014,0.8,3000,2991,2991,7.685759999999415,99.7,2.0407890337679704,53.13653136531365,3.3381944444444445,0.0,4801.0,0.04935679733110926
credit_utilization,BADP_PLUS,10015,0.8,3000,3000,3000,7.866559999999395,100.0,2.1563333333333334,53.13653136531365,3.4166666666666665,0.0,4914.0,0.04907660961695191
credit_utilization,BADP_PLUS,10016,0.8,3000,2999,2999,7.919359999999389,99.96666666666667,2.093031010336779,53.13653136531365,3.439583333333333,0.0,4947.0,0.049964326069410814
credit_utilization,BADP_PLUS,10017,0.8,3000,2999,2999,7.874559999999394,99.96666666666667,2.0876958986328775,53.13653136531365,3.420138888888889,0.0,4919.0,0.049250494233937396
credit_utilization,BADP_PLUS,10018,0.8,3000,2967,2967,7.800959999999402,98.9,2.071452645770138,53.13653136531365,3.3881944444444443,0.0,4873.0,0.047427645611156685
credit_utilization,BADP_PLUS,10019,0.8,3000,2999,2999,7.572159999999427,99.96666666666667,2.248749583194398,53.13653136531365,3.2888888888888888,0.0,4730.0,0.056996820083682
credit_utilization,BADP_PLUS,10020,0.8,3000,2992,2992,7.740159999999409,99.73333333333333,2.434157754010695,53.13653136531365,3.3618055555555557,0.0,4835.0,0.050554205607476636
credit_utilization,BADP_PLUS,10021,0.8,3000,2992,2992,7.6668266666660845,99.73333333333333,2.7984625668449197,67.37558485750745,3.3319444444444444,0.0,4787.0,0.04755329905741217
credit_utilization,BADP_PLUS,10022,0.8,3000,2993,2993,7.860159999999396,99.76666666666667,2.2639492148346143,53.13653136531365,3.4138888888888888,0.0,4910.0,0.043381991701244814
credit_utilization,BADP_PLUS,10023,0.8,3000,2981,2981,7.6617599999994175,99.36666666666666,2.044951358604495,53.13653136531365,3.327777777777778,0.0,4786.0,0.06303588477366255
credit_utilization,BADP_PLUS,10024,0.8,3000,2999,2999,7.845759999999397,99.96666666666667,2.1603867955985327,53.13653136531365,3.407638888888889,0.0,4901.0,0.0529015625
credit_utilization,BADP_PLUS,10025,0.8,3000,2999,2999,7.666559999999417,99.96666666666667,2.212070690230077,53.13653136531365,3.329861111111111,0.0,4789.0,0.0467208228379513
credit_utilization,BADP_PLUS,10026,0.8,3000,3000,3000,8.085759999999372,100.0,2.0936666666666666,53.13653136531365,3.5118055555555556,0.0,5051.0,0.03669462540716612
credit_utilization,BADP_PLUS,10027,0.8,3000,2999,2999,7.927626666666055,99.96666666666667,2.2807602534178057,67.37558485750745,3.4451388888888888,0.0,4950.0,0.05162692307692308
credit_utilization,BADP_PLUS,10028,0.8,3000,2979,2979,7.63775999999942,99.3,2.0375965088956027,53.13653136531365,3.317361111111111,0.0,4771.0,0.03801045380875202
credit_utilization,BADP_PLUS,10029,0.8,3000,2979,2979,7.858559999999396,99.3,2.046659953004364,53.13653136531365,3.4131944444444446,0.0,4909.0,0.04493485342019544
credit_utilization,CEDULE,10000,0.8,3000,2928,2928,6.957973333332829,97.6,18.925887978142075,35.467980295566505,3.0215277777777776,2.0,4347.0,0.012464017094017094
credit_utilization,CEDULE,10001,0.8,3000,2978,2978,7.147199999999474,99.26666666666667,19.61517797179315,0.0,3.1020833333333333,0.0,4467.0,0.00551161449752883
credit_utilization,CEDULE,10002,0.8,3000,3000,3000,6.956799999999495,100.0,19.203333333333333,0.0,3.0194444444444444,0.0,4348.0,0.006866177669111654
credit_utilization,CEDULE,10003,0.8,3000,2999,2999,7.246399999999463,99.96666666666667,20.180726908969657,0.0,3.145138888888889,0.0,4529.0,0.00674585079631182
credit_utilization,CEDULE,10004,0.8,3000,2940,2940,6.875199999999504,98.0,18.543197278911563,0.0,2.984027777777778,0.0,4297.0,0.005040362438220758
credit_utilization,CEDULE,10005,0.8,3000,2999,2999,7.227199999999465,99.96666666666667,20.384128042680892,0.0,3.1368055555555556,0.0,4517.0,0.005253807947019867
credit_utilization,CEDULE,10006,0.8,3000,2999,2999,7.113599999999478,99.96666666666667,19.852284094698234,0.0,3.0875,0.0,4446.0,0.004659563758389261
credit_utilization,CEDULE,10007,0.8,3000,2988,2988,7.054399999999484,99.6,19.173360107095046,0.0,3.0618055555555554,0.0,4409.0,0.0062439144736842105
credit_utilization,CEDULE,10008,0.8,3000,2992,2992,6.981493333332826,99.73333333333333,19.357954545454547,8.883405305367058,3.0305555555555554,0.0,4363.0,0.004755838815789473
credit_utilization,CEDULE,10009,0.8,3000,2993,2993,7.149973333332808,99.76666666666667,20.254259939859672,26.66256157635468,3.104861111111111,1.0,4467.0,0.005869730185497471
credit_utilization,CEDULE,10010,0.8,3000,2999,2999,7.116799999999477,99.96666666666667,20.68856285428476,0.0,3.088888888888889,0.0,4448.0,0.005557868852459016
credit_utilization,CEDULE,10011,0.8,3000,2960,2960,7.211199999999467,98.66666666666667,20.171283783783785,0.0,3.129861111111111,0.0,4507.0,0.005035934819897084
credit_utilization,CEDULE,10012,0.8,3000,3000,3000,7.375999999999449,100.0,21.175333333333334,0.0,3.201388888888889,0.0,4610.0,0.008472138047138048
credit_utilization,CEDULE,10013,0.8,3000,2997,2997,7.15658666666614,99.9,19.89522856189523,17.755856966707768,3.1069444444444443,0.0,4472.0,0.010289634664401021
credit_utilization,CEDULE,10014,0.8,3000,2991,2991,6.983999999999492,99.7,19.672684720829153,0.0,3.03125,0.0,4365.0,0.005083069224353628
credit_utilization,CEDULE,10015,0.8,3000,3000,3000,7.1695999999994715,100.0,20.177,0.0,3.1118055555555557,0.0,4481.0,0.006327057864710677
credit_utilization,CEDULE,10016,0.8,3000,2999,2999,7.123199999999477,99.96666666666667,20.15638546182061,0.0,3.091666666666667,0.0,4452.0,0.006825020177562551
credit_utilization,CEDULE,10017,0.8,3000,2999,2999,7.159999999999473,99.96666666666667,20.388796265421806,0.0,3.107638888888889,0.0,4475.0,0.006095222405271829
credit_utilization,CEDULE,10018,0.8,3000,2967,2967,7.063999999999483,98.9,19.501516683518705,0.0,3.0659722222222223,0.0,4415.0,0.00519442165709598
credit_utilization,CEDULE,10019,0.8,3000,2999,2999,6.971199999999493,99.96666666666667,19.64421473824608,0.0,3.0256944444444445,0.0,4357.0,0.008089539748953975
credit_utilization,CEDULE,10020,0.8,3000,2992,2992,7.1421866666661415,99.73333333333333,20.15307486631016,17.755856966707768,3.1006944444444446,0.0,4463.0,0.005910790144435004
credit_utilization,CEDULE,10021,0.8,3000,2992,2992,7.114293333332811,99.73333333333333,19.86664438502674,8.883405305367058,3.0881944444444445,0.0,4446.0,0.005753384747215082
credit_utilization,CEDULE,10022,0.8,3000,2993,2993,7.201599999999468,99.76666666666667,19.583695289007686,0.0,3.1256944444444446,0.0,4501.0,0.005027717842323651
credit_utilization,CEDULE,10023,0.8,3000,2981,2981,6.967999999999494,99.36666666666666,19.414625964441463,0.0,3.0243055555555554,0.0,4355.0,0.003799423868312757
credit_utilization,CEDULE,10024,0.8,3000,2999,2999,7.18079999999947,99.96666666666667,20.069356452150718,0.0,3.1166666666666667,0.0,4488.0,0.004900493421052632
credit_utilization,CEDULE,10025,0.8,3000,2999,2999,7.047999999999485,99.96666666666667,20.319773257752583,0.0,3.0590277777777777,0.0,4405.0,0.007675482787573468
credit_utilization,CEDULE,10026,0.8,3000,3000,3000,7.27519999999946,100.0,20.54,0.0,3.157638888888889,0.0,4547.0,0.01049714983713355
credit_utilization,CEDULE,10027,0.8,3000,2999,2999,7.140799999999475,99.96666666666667,20.601867289096365,0.0,3.0993055555555555,0.0,4463.0,0.005700418060200669
credit_utilization,CEDULE,10028,0.8,3000,2978,2978,6.952693333332829,99.26666666666667,19.254533243787776,8.883405305367058,3.0180555555555557,1.0,4345.0,0.0047525931928687195
credit_utilization,CEDULE,10029,0.8,3000,2979,2979,7.163199999999472,99.3,19.545820745216517,0.0,3.109027777777778,0.0,4477.0,0.004274674267100977
credit_utilization,BADP,10000,1.0,3000,2923,2923,8.161439999999363,97.43333333333334,2.491276086212795,53.22283609576427,3.5458333333333334,0.0,5097.0,0.008863247863247863
credit_utilization,BADP,10001,1.0,3000,2976,2976,8.531733333332655,99.2,2.387768817204301,53.25153374233129,3.7069444444444444,3.0,5328.0,0.004899670510708402
credit_utilization,BADP,10002,1.0,3000,3000,3000,8.361653333332674,100.0,2.2636666666666665,53.16533497234173,3.6319444444444446,1.0,5223.0,0.00877555012224939
credit_utilization,BADP,10003,1.0,3000,2999,2999,8.499626666665996,99.96666666666667,2.9353117705901965,57.374301675977655,3.6993055555555556,2.0,5301.0,0.006180888516345348
credit_utilization,BADP,10004,1.0,3000,2930,2930,8.192053333332693,97.66666666666667,2.2600682593856654,53.16533497234173,3.558333333333333,1.0,5117.0,0.006402306425041186
credit_utilization,BADP,10005,1.0,3000,2999,2999,8.491039999999327,99.96666666666667,2.5035011670556853,53.22283609576427,3.688888888888889,2.0,5303.0,0.008640066225165563
credit_utilization,BADP,10006,1.0,3000,2999,2999,8.405759999999336,99.96666666666667,2.3564521507169056,53.13653136531365,3.6506944444444445,0.0,5251.0,0.007238087248322148
credit_utilization,BADP,10007,1.0,3000,2986,2986,8.321653333332678,99.53333333333333,2.4695244474212994,53.16533497234173,3.6145833333333335,1.0,5198.0,0.005101398026315789
credit_utilization,BADP,10008,1.0,3000,2992,2992,8.328319999999346,99.73333333333333,2.4044117647058822,53.30882352941177,3.6194444444444445,1.0,5200.0,0.01173955592105263
credit_utilization,BADP,10009,1.0,3000,2993,2993,8.406773333332671,99.76666666666667,2.7901770798529903,57.20695457094784,3.65625,4.0,5246.0,0.009795699831365936
credit_utilization,BADP,10010,1.0,3000,2999,2999,8.531999999999323,99.96666666666667,2.4551517172390795,53.39449541284404,3.7090277777777776,5.0,5326.0,0.013997213114754098
credit_utilization,BADP,10011,1.0,3000,2956,2956,8.30527999999935,98.53333333333333,3.0253721244925575,53.47985347985348,3.6118055555555557,0.0,5183.0,0.011170668953687821
credit_utilization,BADP,10012,1.0,3000,3000,3000,8.625653333332645,100.0,2.532,53.16533497234173,3.7465277777777777,0.0,5388.0,0.007959006734006733
credit_utilization,BADP,10013,1.0,3000,2997,2997,8.37642666666601,99.9,3.171171171171171,60.49638055842813,3.6458333333333335,4.0,5224.0,0.014194052676295666
credit_utilization,BADP,10014,1.0,3000,2990,2990,8.255359999999353,99.66666666666667,2.254515050167224,53.13653136531365,3.5854166666666667,0.0,5157.0,0.006944286905754796
credit_utilization,BADP,10015,1.0,3000,3000,3000,8.472746666665996,100.0,2.4046666666666665,53.19410319410319,3.6805555555555554,2.0,5292.0,0.005244987775061125
credit_utilization,BADP,10016,1.0,3000,2998,2998,8.532853333332655,99.93333333333334,2.3425617078052037,53.16533497234173,3.70625,1.0,5330.0,0.005571186440677966
credit_utilization,BADP,10017,1.0,3000,2999,2999,8.522559999999324,99.96666666666667,2.324774924974992,53.13653136531365,3.701388888888889,0.0,5324.0,0.021923393739703458
credit_utilization,BADP,10018,1.0,3000,2964,2964,8.426559999999334,98.8,2.26417004048583,53.13653136531365,3.6597222222222223,0.0,5264.0,0.008556931911402789
credit_utilization,BADP,10019,1.0,3000,2999,2999,8.17610666666603,99.96666666666667,2.6828942980993666,53.365973072215425,3.5541666666666667,2.0,5104.0,0.01126418410041841
credit_utilization,BADP,10020,1.0,3000,2992,2992,8.39941333333267,99.73333333333333,2.7627005347593583,53.33741579914268,3.6506944444444445,0.0,5244.0,0.009479694137638063
credit_utilization,BADP,10021,1.0,3000,2992,2992,8.365279999999345,99.73333333333333,2.938836898395722,57.54034501947691,3.64375,4.0,5214.0,0.011216366752356469
credit_utilization,BADP,10022,1.0,3000,2992,2992,8.562346666665984,99.73333333333333,2.353609625668449,53.19410319410319,3.7194444444444446,2.0,5348.0,0.009121244813278008
credit_utilization,BADP,10023,1.0,3000,2980,2980,8.268159999999352,99.33333333333333,2.2812080536912753,53.13653136531365,3.5909722222222222,0.0,5165.0,0.008543374485596708
credit_utilization,BADP,10024,1.0,3000,2998,2998,8.473439999999329,99.93333333333334,2.419613075383589,53.22283609576427,3.68125,0.0,5292.0,0.00854547697368421
credit_utilization,BADP,10025,1.0,3000,2999,2999,8.28511999999935,99.96666666666667,2.580860286762254,53.30882352941177,3.6006944444444446,1.0,5173.0,0.005617044500419815
credit_utilization,BADP,10026,1.0,3000,3000,3000,8.65055999999931,100.0,2.329,53.13653136531365,3.7569444444444446,0.0,5404.0,0.005528664495114006
credit_utilization,BADP,10027,1.0,3000,2999,2999,8.569226666665985,99.96666666666667,2.516172057352451,53.28019619865113,3.723611111111111,2.0,5351.0,0.008352926421404682
credit_utilization,BADP,10028,1.0,3000,2976,2976,8.274133333332683,99.2,2.275201612903226,53.25153374233129,3.595138888888889,4.0,5167.0,0.008867666126418153
credit_utilization,BADP,10029,1.0,3000,2977,2977,8.544053333332654,99.23333333333333,2.2640241854215652,53.16533497234173,3.7111111111111112,1.0,5337.0,0.012503745928338762
credit_utilization,BADP_PLUS,10000,1.0,3000,2923,2923,8.160959999999363,97.43333333333334,2.4923024290112896,53.13653136531365,3.5444444444444443,0.0,5098.0,0.040972820512820515
credit_utilization,BADP_PLUS,10001,1.0,3000,2976,2976,8.528959999999323,99.2,2.3891129032258065,53.13653136531365,3.7041666666666666,0.0,5328.0,0.06575288303130149
credit_utilization,BADP_PLUS,10002,1.0,3000,3000,3000,8.362559999999341,100.0,2.263333333333333,53.13653136531365,3.6319444444444446,0.0,5224.0,0.06212281988590057
credit_utilization,BADP_PLUS,10003,1.0,3000,2999,2999,8.493546666665994,99.96666666666667,2.987662554184728,60.12526096033403,3.689583333333333,0.0,5305.0,0.047228331936295054
credit_utilization,BADP_PLUS,10004,1.0,3000,2930,2930,8.19135999999936,97.66666666666667,2.259726962457338,53.13653136531365,3.557638888888889,0.0,5117.0,0.0687660626029654
credit_utilization,BADP_PLUS,10005,1.0,3000,2999,2999,8.490559999999327,99.96666666666667,2.5031677225741915,53.13653136531365,3.6875,0.0,5304.0,0.0510817880794702
credit_utilization,BADP_PLUS,10006,1.0,3000,2999,2999,8.405759999999336,99.96666666666667,2.3564521507169056,53.13653136531365,3.6506944444444445,0.0,5251.0,0.039308557046979865
credit_utilization,BADP_PLUS,10007,1.0,3000,2986,2986,8.324159999999345,99.53333333333333,2.4691895512391158,53.13653136531365,3.6152777777777776,0.0,5200.0,0.06228108552631579
credit_utilization,BADP_PLUS,10008,1.0,3000,2992,2992,8.325759999999345,99.73333333333333,2.410427807486631,53.13653136531365,3.615972222222222,0.0,5201.0,0.07350978618421053
credit_utilization,BADP_PLUS,10009,1.0,3000,2993,2993,8.403946666666004,99.76666666666667,2.8149014366855996,60.12526096033403,3.6506944444444445,0.0,5249.0,0.06271045531197302
credit_utilization,BADP_PLUS,10010,1.0,3000,2999,2999,8.528959999999323,99.96666666666667,2.460486828942981,53.13653136531365,3.7041666666666666,0.0,5328.0,0.07650008196721311
credit_utilization,BADP_PLUS,10011,1.0,3000,2956,2956,8.301546666666015,98.53333333333333,3.043640054127199,60.12526096033403,3.60625,0.0,5185.0,0.0661770154373928
credit_utilization,BADP_PLUS,10012,1.0,3000,3000,3000,8.624959999999312,100.0,2.5316666666666667,53.13653136531365,3.745833333333333,0.0,5388.0,0.05141818181818182
credit_utilization,BADP_PLUS,10013,1.0,3000,2997,2997,8.369919999999341,99.9,3.2198865532198866,69.23076923076923,3.6375,0.0,5226.0,0.09003271028037384
credit_utilization,BADP_PLUS,10014,1.0,3000,2990,2990,8.255359999999353,99.66666666666667,2.254515050167224,53.13653136531365,3.5854166666666667,0.0,5157.0,0.03970375312760634
credit_utilization,BADP_PLUS,10015,1.0,3000,3000,3000,8.47135999999933,100.0,2.4046666666666665,53.13653136531365,3.6791666666666667,0.0,5292.0,0.03830880195599022
credit_utilization,BADP_PLUS,10016,1.0,3000,2998,2998,8.533759999999322,99.93333333333334,2.342228152101401,53.13653136531365,3.70625,0.0,5331.0,0.04490847457627119
credit_utilization,BADP_PLUS,10017,1.0,3000,2999,2999,8.522559999999324,99.96666666666667,2.324774924974992,53.13653136531365,3.701388888888889,0.0,5324.0,0.04979695222405272
credit_utilization,BADP_PLUS,10018,1.0,3000,2964,2964,8.426559999999334,98.8,2.26417004048583,53.13653136531365,3.6597222222222223,0.0,5264.0,0.04174725184577523
credit_utilization,BADP_PLUS,10019,1.0,3000,2999,2999,8.173759999999362,99.96666666666667,2.675891963987996,53.13653136531365,3.55,0.0,5106.0,0.0593528870292887
credit_utilization,BADP_PLUS,10020,1.0,3000,2992,2992,8.40165333333267,99.73333333333333,2.763034759358289,56.91699604743083,3.6493055555555554,0.0,5248.0,0.07399906542056076
credit_utilization,BADP_PLUS,10021,1.0,3000,2992,2992,8.359839999999341,99.73333333333333,2.938168449197861,62.88209606986899,3.6319444444444446,0.0,5221.0,0.08840951156812339
credit_utilization,BADP_PLUS,10022,1.0,3000,2992,2992,8.56095999999932,99.73333333333333,2.3529411764705883,53.13653136531365,3.7180555555555554,0.0,5348.0,0.04363319502074689
credit_utilization,BADP_PLUS,10023,1.0,3000,2980,2980,8.268159999999352,99.33333333333333,2.2812080536912753,53.13653136531365,3.5909722222222222,0.0,5165.0,0.07439061728395062
credit_utilization,BADP_PLUS,10024,1.0,3000,2998,2998,8.47135999999933,99.93333333333334,2.4256170780520345,53.13653136531365,3.6791666666666667,0.0,5292.0,0.05489950657894737
credit_utilization,BADP_PLUS,10025,1.0,3000,2999,2999,8.28575999999935,99.96666666666667,2.579193064354785,53.13653136531365,3.598611111111111,0.0,5176.0,0.04296767422334173
credit_utilization,BADP_PLUS,10026,1.0,3000,3000,3000,8.65055999999931,100.0,2.329,53.13653136531365,3.7569444444444446,0.0,5404.0,0.06769837133550488
credit_utilization,BADP_PLUS,10027,1.0,3000,2999,2999,8.564159999999319,99.96666666666667,2.525841947315772,53.13653136531365,3.7194444444444446,0.0,5350.0,0.06607483277591973
credit_utilization,BADP_PLUS,10028,1.0,3000,2976,2976,8.272959999999351,99.2,2.2738575268817205,53.13653136531365,3.5930555555555554,0.0,5168.0,0.06706952998379255
credit_utilization,BADP_PLUS,10029,1.0,3000,2977,2977,8.544959999999321,99.23333333333333,2.2636882767887134,53.13653136531365,3.7111111111111112,0.0,5338.0,0.07269307817589576
credit_utilization,CEDULE,10000,1.0,3000,2921,2921,7.597279999999425,97.36666666666666,18.507018144471072,26.617375231053604,3.298611111111111,2.0,4747.0,0.0055991452991452995
credit_utilization,CEDULE,10001,1.0,3000,2976,2976,7.8223999999994,99.2,19.536962365591396,0.0,3.395138888888889,0.0,4889.0,0.004814497528830313
credit_utilization,CEDULE,10002,1.0,3000,3000,3000,7.611199999999423,100.0,19.149333333333335,0.0,3.303472222222222,0.0,4757.0,0.005498207008964955
credit_utilization,CEDULE,10003,1.0,3000,2999,2999,7.894186666666059,99.96666666666667,19.802934311437145,8.939580764488285,3.4270833333333335,1.0,4933.0,0.005738390611902767
credit_utilization,CEDULE,10004,1.0,3000,2930,2930,7.507893333332768,97.66666666666667,18.504778156996586,8.883405305367058,3.259027777777778,0.0,4692.0,0.006510131795716639
credit_utilization,CEDULE,10005,1.0,3000,2999,2999,7.878399999999393,99.96666666666667,19.876958986328777,0.0,3.4194444444444443,0.0,4924.0,0.007834768211920529
credit_utilization,CEDULE,10006,1.0,3000,2999,2999,7.766399999999406,99.96666666666667,19.575525175058353,0.0,3.370833333333333,0.0,4854.0,0.005545469798657718
credit_utilization,CEDULE,10007,1.0,3000,2986,2986,7.657599999999418,99.53333333333333,18.81949095780308,0.0,3.323611111111111,0.0,4786.0,0.0057486842105263156
credit_utilization,CEDULE,10008,1.0,3000,2992,2992,7.650293333332752,99.73333333333333,19.051136363636363,8.883405305367058,3.3208333333333333,0.0,4781.0,0.0077464638157894745
credit_utilization,CEDULE,10009,1.0,3000,2993,2993,7.802293333332735,99.76666666666667,19.626461744069495,8.883405305367058,3.3868055555555556,0.0,4876.0,0.01019300168634064
credit_utilization,CEDULE,10010,1.0,3000,2999,2999,7.863999999999395,99.96666666666667,20.20606868956319,0.0,3.4131944444444446,0.0,4915.0,0.007083852459016394
credit_utilization,CEDULE,10011,1.0,3000,2956,2956,7.798399999999402,98.53333333333333,19.139715832205685,0.0,3.3847222222222224,0.0,4874.0,0.014670754716981134
credit_utilization,CEDULE,10012,1.0,3000,3000,3000,8.00639999999938,100.0,20.174333333333333,0.0,3.475,0.0,5004.0,0.008308501683501683
credit_utilization,CEDULE,10013,1.0,3000,2997,2997,7.79706666666607,99.9,19.51951951951952,26.70769230769231,3.386111111111111,2.0,4871.0,0.010200509770603229
credit_utilization,CEDULE,10014,1.0,3000,2990,2990,7.593599999999425,99.66666666666667,19.09498327759197,0.0,3.2958333333333334,0.0,4746.0,0.006010341951626356
credit_utilization,CEDULE,10015,1.0,3000,3000,3000,7.811199999999401,100.0,19.499666666666666,0.0,3.390277777777778,0.0,4882.0,0.0038154849225753877
credit_utilization,CEDULE,10016,1.0,3000,2998,2998,7.849599999999397,99.93333333333334,20.043695797198133,0.0,3.4069444444444446,0.0,4906.0,0.0060249394673123485
credit_utilization,CEDULE,10017,1.0,3000,2999,2999,7.8223999999994,99.96666666666667,19.567189063021008,0.0,3.395138888888889,0.0,4889.0,0.008900988467874793
credit_utilization,CEDULE,10018,1.0,3000,2964,2964,7.712693333332745,98.8,18.997975708502025,8.883405305367058,3.347916666666667,0.0,4820.0,0.006618703855619359
credit_utilization,CEDULE,10019,1.0,3000,2999,2999,7.561599999999428,99.96666666666667,18.99499833277759,0.0,3.2819444444444446,0.0,4726.0,0.007690794979079498
credit_utilization,CEDULE,10020,1.0,3000,2992,2992,7.857599999999396,99.73333333333333,19.71557486631016,0.0,3.410416666666667,0.0,4911.0,0.008655225148683093
credit_utilization,CEDULE,10021,1.0,3000,2992,2992,7.775093333332738,99.73333333333333,19.57653743315508,8.883405305367058,3.375,0.0,4859.0,0.009320736932305056
credit_utilization,CEDULE,10022,1.0,3000,2992,2992,7.803199999999402,99.73333333333333,19.550802139037433,0.0,3.3868055555555556,0.0,4877.0,0.010090954356846472
credit_utilization,CEDULE,10023,1.0,3000,2980,2980,7.611199999999423,99.33333333333333,18.766107382550334,0.0,3.303472222222222,0.0,4757.0,0.006785925925925925
credit_utilization,CEDULE,10024,1.0,3000,2998,2998,7.803199999999402,99.93333333333334,19.7234823215477,0.0,3.3868055555555556,0.0,4877.0,0.0057140624999999995
credit_utilization,CEDULE,10025,1.0,3000,2999,2999,7.708799999999412,99.96666666666667,19.3891297099033,0.0,3.345833333333333,0.0,4818.0,0.00926465155331654
credit_utilization,CEDULE,10026,1.0,3000,3000,3000,7.967999999999384,100.0,19.867,0.0,3.4583333333333335,0.0,4980.0,0.005129967426710098
credit_utilization,CEDULE,10027,1.0,3000,2999,2999,7.838399999999398,99.96666666666667,20.295431810603535,0.0,3.402083333333333,0.0,4899.0,0.007926588628762542
credit_utilization,CEDULE,10028,1.0,3000,2976,2976,7.57509333333276,99.2,18.798387096774192,8.883405305367058,3.2881944444444446,0.0,4734.0,0.006614343598055105
credit_utilization,CEDULE,10029,1.0,3000,2977,2977,7.806399999999401,99.23333333333333,19.410144440712127,0.0,3.3881944444444443,0.0,4879.0,0.007202768729641694
credit_utilization,BADP,10000,1.3,3000,2909,2909,8.81637333333262,96.96666666666667,3.2038501203162597,57.20695457094784,3.8340277777777776,1.0,5502.0,0.008541794871794873
credit_utilization,BADP,10001,1.3,3000,2976,2976,9.325546666665902,99.2,2.7288306451612905,53.19410319410319,4.050694444444445,1.0,5825.0,0.007270840197693576
credit_utilization,BADP,10002,1.3,3000,2999,2999,9.165333333332585,99.96666666666667,2.5498499499833276,53.25153374233129,3.9819444444444443,4.0,5724.0,0.013930374592833876
credit_utilization,BADP,10003,1.3,3000,2999,2999,9.375893333332563,99.96666666666667,3.1407135711903966,53.422982885085574,4.075694444444444,1.0,5853.0,0.014187594300083822
credit_utilization,BADP,10004,1.3,3000,2923,2923,8.903146666665949,97.43333333333334,2.5880944235374614,53.19410319410319,3.8673611111111112,2.0,5561.0,0.00859332784184514
credit_utilization,BADP,10005,1.3,3000,2999,2999,9.259039999999242,99.96666666666667,2.9709903301100367,53.22283609576427,4.022222222222222,1.0,5783.0,0.006053394039735099
credit_utilization,BADP,10006,1.3,3000,2999,2999,9.177653333332584,99.96666666666667,2.751250416805602,53.16533497234173,3.986111111111111,0.0,5733.0,0.019866442953020137
credit_utilization,BADP,10007,1.3,3000,2985,2985,9.065706666665932,99.5,2.8877721943048575,53.365973072215425,3.9402777777777778,2.0,5660.0,0.0052885690789473685
credit_utilization,BADP,10008,1.3,3000,2991,2991,9.163093333332588,99.7,2.8900033433634236,53.422982885085574,3.9833333333333334,2.0,5720.0,0.005600740131578947
credit_utilization,BADP,10009,1.3,3000,2993,2993,9.192159999999252,99.76666666666667,3.2021383227530906,60.39398652151374,3.997916666666667,5.0,5736.0,0.006065261382799325
credit_utilization,BADP,10010,1.3,3000,2999,2999,9.296319999999238,99.96666666666667,2.8916305435145047,57.038288288288285,4.039583333333334,2.0,5805.0,0.005970491803278688
credit_utilization,BADP,10011,1.3,3000,2951,2951,9.100266666665929,98.36666666666666,3.4327346662148424,57.23094170403587,3.957638888888889,0.0,5679.0,0.0058183533447684396
credit_utilization,BADP,10012,1.3,3000,3000,3000,9.339253333332566,100.0,2.96,53.16533497234173,4.05625,0.0,5834.0,0.019566835016835017
credit_utilization,BADP,10013,1.3,3000,2996,2996,9.182133333332587,99.86666666666666,3.59913217623498,57.35047512576858,3.995138888888889,2.0,5728.0,0.006884451996601529
credit_utilization,BADP,10014,1.3,3000,2989,2989,8.97674666666594,99.63333333333334,2.620608899297424,53.19410319410319,3.8993055555555554,0.0,5607.0,0.006536530442035029
credit_utilization,BADP,10015,1.3,3000,3000,3000,9.38773333333256,100.0,2.5376666666666665,53.25153374233129,4.0784722222222225,4.0,5863.0,0.004864710676446618
credit_utilization,BADP,10016,1.3,3000,2998,2998,9.294239999999238,99.93333333333334,2.7745163442294865,53.22283609576427,4.0375,1.0,5805.0,0.005603228410008071
credit_utilization,BADP,10017,1.3,3000,2999,2999,9.279146666665907,99.96666666666667,2.6775591863954653,53.19410319410319,4.030555555555556,0.0,5796.0,0.0067789126853377265
credit_utilization,BADP,10018,1.3,3000,2960,2960,9.18335999999925,98.66666666666667,2.5611486486486488,53.13653136531365,3.9881944444444444,0.0,5737.0,0.009535931091058244
credit_utilization,BADP,10019,1.3,3000,2999,2999,9.017919999999268,99.96666666666667,2.871290430143381,53.30882352941177,3.91875,1.0,5631.0,0.0062272803347280335
credit_utilization,BADP,10020,1.3,3000,2991,2991,9.19551999999925,99.7,3.087261785356068,57.038288288288285,3.995833333333333,0.0,5742.0,0.006777060322854716
credit_utilization,BADP,10021,1.3,3000,2989,2989,9.18826666666592,99.63333333333334,3.1793241886918704,53.53658536585366,3.995833333333333,0.0,5734.0,0.006409940017137961
credit_utilization,BADP,10022,1.3,3000,2989,2989,9.427253333332557,99.63333333333334,2.5155570424891267,53.16533497234173,4.094444444444444,1.0,5889.0,0.00488149377593361
credit_utilization,BADP,10023,1.3,3000,2975,2975,9.002186666665938,99.16666666666667,2.78218487394958,53.451435552840564,3.9138888888888888,1.0,5619.0,0.007609547325102881
credit_utilization,BADP,10024,1.3,3000,2998,2998,9.218133333332581,99.93333333333334,2.8338892595063374,60.166840458811265,4.004861111111111,0.0,5757.0,0.005445641447368421
credit_utilization,BADP,10025,1.3,3000,2999,2999,9.054346666665934,99.96666666666667,3.2030676892297434,60.435007767995856,3.938888888888889,0.0,5649.0,0.005917380352644836
credit_utilization,BADP,10026,1.3,3000,3000,3000,9.421759999999225,100.0,2.6483333333333334,53.13653136531365,4.091666666666667,0.0,5886.0,0.005781758957654723
credit_utilization,BADP,10027,1.3,3000,2999,2999,9.412639999999225,99.96666666666667,2.853617872624208,53.22283609576427,4.088888888888889,2.0,5879.0,0.007997324414715718
credit_utilization,BADP,10028,1.3,3000,2974,2974,9.076639999999262,99.13333333333334,2.675521183591123,53.22283609576427,3.9430555555555555,0.0,5669.0,0.006414019448946515
credit_utilization,BADP,10029,1.3,3000,2976,2976,9.328053333332567,99.2,2.549059139784946,53.16533497234173,4.051388888888889,0.0,5827.0,0.005639087947882737
credit_utilization,BADP_PLUS,10000,1.3,3000,2909,2909,8.816746666665956,96.96666666666667,3.2110690959092474,60.12526096033403,3.829861111111111,0.0,5507.0,0.04954059829059829
credit_utilization,BADP_PLUS,10001,1.3,3000,2976,2976,9.324159999999235,99.2,2.7301747311827955,53.13653136531365,4.049305555555556,0.0,5825.0,0.08908212520593081
credit_utilization,BADP_PLUS,10002,1.3,3000,2999,2999,9.164159999999253,99.96666666666667,2.5485161720573526,53.13653136531365,3.979861111111111,0.0,5725.0,0.07334063517915308
credit_utilization,BADP_PLUS,10003,1.3,3000,2999,2999,9.378346666665896,99.96666666666667,3.079359786595532,60.12526096033403,4.073611111111111,0.0,5858.0,0.06483319362950545
credit_utilization,BADP_PLUS,10004,1.3,3000,2923,2923,8.901759999999282,97.43333333333334,2.587410195005132,53.13653136531365,3.865972222222222,0.0,5561.0,0.03942825370675453
credit_utilization,BADP_PLUS,10005,1.3,3000,2999,2999,9.258559999999243,99.96666666666667,2.9719906635545184,53.13653136531365,4.020833333333333,0.0,5784.0,0.08397168874172185
credit_utilization,BADP_PLUS,10006,1.3,3000,2999,2999,9.173759999999252,99.96666666666667,2.749249749916639,53.13653136531365,3.984027777777778,0.0,5731.0,0.04370167785234899
credit_utilization,BADP_PLUS,10007,1.3,3000,2985,2985,9.063359999999264,99.5,2.8974874371859296,53.13653136531365,3.936111111111111,0.0,5662.0,0.04132113486842105
credit_utilization,BADP_PLUS,10008,1.3,3000,2991,2991,9.160959999999253,99.7,2.8879973253092612,53.13653136531365,3.9784722222222224,0.0,5723.0,0.04302508223684211
credit_utilization,BADP_PLUS,10009,1.3,3000,2993,2993,9.18863999999925,99.76666666666667,3.203474774473772,62.88209606986899,3.9916666666666667,0.0,5739.0,0.05085059021922428
credit_utilization,BADP_PLUS,10010,1.3,3000,2999,2999,9.296959999999238,99.96666666666667,2.9003001000333444,53.13653136531365,4.0375,0.0,5808.0,0.04349967213114754
credit_utilization,BADP_PLUS,10011,1.3,3000,2951,2951,9.09103999999926,98.36666666666666,3.5171128431040324,62.88209606986899,3.9493055555555556,0.0,5678.0,0.0408393653516295
credit_utilization,BADP_PLUS,10012,1.3,3000,3000,3000,9.340159999999234,100.0,2.956,53.13653136531365,4.05625,0.0,5835.0,0.044359932659932655
credit_utilization,BADP_PLUS,10013,1.3,3000,2996,2996,9.262026666665909,99.86666666666666,3.0567423230974633,67.37558485750745,4.024305555555555,0.0,5784.0,0.05022013593882753
credit_utilization,BADP_PLUS,10014,1.3,3000,2989,2989,8.975359999999274,99.63333333333334,2.614586818333891,53.13653136531365,3.8979166666666667,0.0,5607.0,0.03653611342785655
credit_utilization,BADP_PLUS,10015,1.3,3000,3000,3000,9.389759999999228,100.0,2.537,53.13653136531365,4.0777777777777775,0.0,5866.0,0.04360073349633252
credit_utilization,BADP_PLUS,10016,1.3,3000,2998,2998,9.295359999999238,99.93333333333334,2.769179452968646,53.13653136531365,4.0368055555555555,0.0,5807.0,0.03934866828087167
credit_utilization,BADP_PLUS,10017,1.3,3000,2999,2999,9.27775999999924,99.96666666666667,2.6775591863954653,53.13653136531365,4.029166666666667,0.0,5796.0,0.04046210873146623
credit_utilization,BADP_PLUS,10018,1.3,3000,2960,2960,9.18335999999925,98.66666666666667,2.5611486486486488,53.13653136531365,3.9881944444444444,0.0,5737.0,0.05776981132075472
credit_utilization,BADP_PLUS,10019,1.3,3000,2999,2999,9.01375999999927,99.96666666666667,2.869623207735912,53.13653136531365,3.9145833333333333,0.0,5631.0,0.054342092050209206
credit_utilization,BADP_PLUS,10020,1.3,3000,2991,2991,9.19775999999925,99.7,3.0464727515880976,53.13653136531365,3.9944444444444445,0.0,5746.0,0.04206686491079015
credit_utilization,BADP_PLUS,10021,1.3,3000,2989,2989,9.184746666665918,99.63333333333334,3.2030779524924724,60.12526096033403,3.9895833333333335,0.0,5737.0,0.0413961439588689
credit_utilization,BADP_PLUS,10022,1.3,3000,2989,2989,9.428159999999224,99.63333333333334,2.513884242221479,53.13653136531365,4.094444444444444,0.0,5890.0,0.04548149377593361
credit_utilization,BADP_PLUS,10023,1.3,3000,2975,2975,9.000053333332604,99.16666666666667,2.8016806722689074,56.91699604743083,3.9090277777777778,0.0,5622.0,0.04614757201646091
credit_utilization,BADP_PLUS,10024,1.3,3000,2998,2998,9.218346666665914,99.93333333333334,2.8342228152101403,60.12526096033403,4.004166666666666,0.0,5758.0,0.03861324013157894
credit_utilization,BADP_PLUS,10025,1.3,3000,2999,2999,9.055146666665932,99.96666666666667,3.171723907969323,60.12526096033403,3.933333333333333,0.0,5656.0,0.048571536523929475
credit_utilization,BADP_PLUS,10026,1.3,3000,3000,3000,9.421759999999225,100.0,2.6483333333333334,53.13653136531365,4.091666666666667,0.0,5886.0,0.04415390879478827
credit_utilization,BADP_PLUS,10027,1.3,3000,2999,2999,9.412853333332558,99.96666666666667,2.8566188729576525,56.91699604743083,4.0881944444444445,0.0,5880.0,0.04554598662207358
credit_utilization,BADP_PLUS,10028,1.3,3000,2974,2974,9.076159999999263,99.13333333333334,2.675521183591123,53.13653136531365,3.941666666666667,0.0,5670.0,0.04196612641815235
credit_utilization,BADP_PLUS,10029,1.3,3000,2976,2976,9.325759999999235,99.2,2.543010752688172,53.13653136531365,4.05,0.0,5826.0,0.042500651465798046
credit_utilization,CEDULE,10000,1.3,3000,2908,2908,8.349279999999341,96.93333333333334,18.009628610729024,26.617375231053604,3.625,1.0,5217.0,0.004898717948717948
credit_utilization,CEDULE,10001,1.3,3000,2976,2976,8.649599999999309,99.2,18.874327956989248,0.0,3.754166666666667,0.0,5406.0,0.006507825370675453
credit_utilization,CEDULE,10002,1.3,3000,2999,2999,8.414399999999334,99.96666666666667,18.456485495165055,0.0,3.652083333333333,0.0,5259.0,0.010338436482084691
credit_utilization,CEDULE,10003,1.3,3000,2999,2999,8.753599999999297,99.96666666666667,19.047349116372125,0.0,3.7993055555555557,0.0,5471.0,0.005788516345347863
credit_utilization,CEDULE,10004,1.3,3000,2922,2922,8.261493333332684,97.4,18.033196440793976,8.883405305367058,3.5861111111111112,1.0,5163.0,0.0055644151565074134
credit_utilization,CEDULE,10005,1.3,3000,2999,2999,8.706293333332637,99.96666666666667,19.0863621207069,8.883405305367058,3.779166666666667,0.0,5441.0,0.005508692052980132
credit_utilization,CEDULE,10006,1.3,3000,2999,2999,8.593599999999315,99.96666666666667,18.672890963654552,0.0,3.729861111111111,0.0,5371.0,0.005728859060402685
credit_utilization,CEDULE,10007,1.3,3000,2985,2985,8.49989333333266,99.5,18.343048576214404,8.883405305367058,3.689583333333333,0.0,5312.0,0.005150328947368422
credit_utilization,CEDULE,10008,1.3,3000,2991,2991,8.473386666665995,99.7,18.633233032430624,17.755856966707768,3.678472222222222,0.0,5295.0,0.004702713815789473
credit_utilization,CEDULE,10009,1.3,3000,2993,2993,8.623999999999311,99.76666666666667,18.834948212495824,0.0,3.7430555555555554,0.0,5390.0,0.004581956155143339
credit_utilization,CEDULE,10010,1.3,3000,2999,2999,8.679786666665972,99.96666666666667,18.988996332110702,17.755856966707768,3.7680555555555557,0.0,5424.0,0.004884508196721312
credit_utilization,CEDULE,10011,1.3,3000,2951,2951,8.572586666665984,98.36666666666666,18.60047441545239,17.755856966707768,3.7215277777777778,0.0,5357.0,0.0058658662092624355
credit_utilization,CEDULE,10012,1.3,3000,3000,3000,8.801599999999292,100.0,19.147,0.0,3.8201388888888888,0.0,5501.0,0.004580387205387205
credit_utilization,CEDULE,10013,1.3,3000,2996,2996,8.626079999999313,99.86666666666666,18.675901201602137,26.617375231053604,3.745138888888889,0.0,5390.0,0.005102378929481733
credit_utilization,CEDULE,10014,1.3,3000,2989,2989,8.368693333332674,99.63333333333334,18.1886918701907,8.883405305367058,3.6326388888888888,0.0,5230.0,0.0050281901584653885
credit_utilization,CEDULE,10015,1.3,3000,3000,3000,8.614399999999312,100.0,18.717,0.0,3.738888888888889,0.0,5384.0,0.004663325183374083
credit_utilization,CEDULE,10016,1.3,3000,2998,2998,8.670399999999306,99.93333333333334,18.78285523682455,0.0,3.7631944444444443,0.0,5419.0,0.005985230024213075
credit_utilization,CEDULE,10017,1.3,3000,2999,2999,8.617599999999312,99.96666666666667,18.784594864954986,0.0,3.7402777777777776,0.0,5386.0,0.004856589785831961
credit_utilization,CEDULE,10018,1.3,3000,2960,2960,8.487999999999326,98.66666666666667,18.347972972972972,0.0,3.6840277777777777,0.0,5305.0,0.006338638228055783
credit_utilization,CEDULE,10019,1.3,3000,2999,2999,8.385599999999338,99.96666666666667,18.433144381460487,0.0,3.6395833333333334,0.0,5241.0,0.004747866108786611
credit_utilization,CEDULE,10020,1.3,3000,2991,2991,8.601599999999314,99.7,18.456369107321965,0.0,3.7333333333333334,0.0,5376.0,0.006722090059473237
credit_utilization,CEDULE,10021,1.3,3000,2989,2989,8.595199999999314,99.63333333333334,19.054867848778855,0.0,3.7305555555555556,0.0,5372.0,0.005177892030848329
credit_utilization,CEDULE,10022,1.3,3000,2989,2989,8.671999999999306,99.63333333333334,18.95617263298762,0.0,3.763888888888889,0.0,5420.0,0.005091618257261411
credit_utilization,CEDULE,10023,1.3,3000,2975,2975,8.413493333332669,99.16666666666667,18.51058823529412,8.883405305367058,3.652083333333333,0.0,5258.0,0.005604691358024692
credit_utilization,CEDULE,10024,1.3,3000,2998,2998,8.673599999999306,99.93333333333334,19.154769846564378,0.0,3.7645833333333334,0.0,5421.0,0.00447672697368421
credit_utilization,CEDULE,10025,1.3,3000,2999,2999,8.496479999999327,99.96666666666667,18.712904301433813,8.995686999383857,3.688888888888889,2.0,5309.0,0.02188362720403023
credit_utilization,CEDULE,10026,1.3,3000,3000,3000,8.747199999999298,100.0,18.672,0.0,3.796527777777778,0.0,5467.0,0.004903175895765472
credit_utilization,CEDULE,10027,1.3,3000,2999,2999,8.623999999999311,99.96666666666667,19.084028009336446,0.0,3.7430555555555554,0.0,5390.0,0.004952090301003345
credit_utilization,CEDULE,10028,1.3,3000,2974,2974,8.360693333332675,99.13333333333334,18.51445864156019,8.883405305367058,3.629166666666667,0.0,5225.0,0.005962803889789303
credit_utilization,CEDULE,10029,1.3,3000,2976,2976,8.604799999999313,99.2,18.71673387096774,0.0,3.734722222222222,0.0,5378.0,0.00487442996742671
credit_utilization,BADP,10000,1.6,3000,2901,2901,9.455039999999217,96.7,3.6966563254050326,63.15028901734104,4.113194444444445,0.0,5899.0,0.0073205982905982896
credit_utilization,BADP,10001,1.6,3000,2972,2972,9.896746666665837,99.06666666666666,3.0551816958277254,53.19410319410319,4.298611111111111,1.0,6182.0,0.01828978583196046
credit_utilization,BADP,10002,1.6,3000,2999,2999,9.82175999999918,99.96666666666667,2.780926975658553,53.13653136531365,4.2652777777777775,0.0,6136.0,0.007064250814332247
credit_utilization,BADP,10003,1.6,3000,2999,2999,10.067733333332486,99.96666666666667,3.2597532510836946,56.989853438556935,4.373611111111111,1.0,6288.0,0.0072419949706621954
credit_utilization,BADP,10004,1.6,3000,2917,2917,9.441653333332555,97.23333333333333,2.9125814192663695,53.16533497234173,4.100694444444445,0.0,5898.0,0.00602668863261944
credit_utilization,BADP,10005,1.6,3000,2999,2999,10.042346666665821,99.96666666666667,2.885295098366122,53.19410319410319,4.361805555555556,1.0,6273.0,0.010236754966887416
credit_utilization,BADP,10006,1.6,3000,2998,2998,9.735146666665857,99.93333333333334,3.16844563042028,53.19410319410319,4.228472222222222,0.0,6081.0,0.006252600671140939
credit_utilization,BADP,10007,1.6,3000,2985,2985,9.81290666666585,99.5,3.067336683417085,57.08661417322835,4.264583333333333,2.0,6127.0,0.020124095394736842
credit_utilization,BADP,10008,1.6,3000,2989,2989,9.864799999999176,99.63333333333334,3.2422214787554364,60.27041081643266,4.2875,3.0,6159.0,0.00923141447368421
credit_utilization,BADP,10009,1.6,3000,2993,2993,9.891573333332508,99.76666666666667,3.5038422986969597,57.20695457094784,4.300694444444445,2.0,6174.0,0.007064502529510961
credit_utilization,BADP,10010,1.6,3000,2999,2999,10.046026666665822,99.96666666666667,3.041347115705235,57.014084507042256,4.364583333333333,3.0,6274.0,0.007567459016393443
credit_utilization,BADP,10011,1.6,3000,2948,2948,9.723999999999192,98.26666666666667,3.655698778833107,53.39449541284404,4.226388888888889,0.0,6071.0,0.006969897084048026
credit_utilization,BADP,10012,1.6,3000,3000,3000,10.18815999999914,100.0,2.9116666666666666,53.13653136531365,4.424305555555556,0.0,6365.0,0.0062115319865319865
credit_utilization,BADP,10013,1.6,3000,2996,2996,9.954399999999167,99.86666666666666,3.216622162883845,57.11073636874649,4.326388888888889,1.0,6215.0,0.007829311809685642
credit_utilization,BADP,10014,1.6,3000,2988,2988,9.55759999999921,99.6,3.325635876840696,57.11073636874649,4.154166666666667,0.0,5967.0,0.006603753127606339
credit_utilization,BADP,10015,1.6,3000,3000,3000,10.031839999999157,100.0,2.785,53.22283609576427,4.357638888888889,3.0,6266.0,0.009737082314588428
credit_utilization,BADP,10016,1.6,3000,2998,2998,9.937439999999167,99.93333333333334,3.1861240827218147,56.96559503666103,4.316666666666666,1.0,6207.0,0.006712913640032283
credit_utilization,BADP,10017,1.6,3000,2999,2999,9.867253333332508,99.96666666666667,3.0816938979659887,53.16533497234173,4.285416666666666,0.0,6164.0,0.009425700164744645
credit_utilization,BADP,10018,1.6,3000,2959,2959,9.853759999999177,98.63333333333334,2.7864143291652583,53.13653136531365,4.279166666666667,0.0,6156.0,0.006819114027891714
credit_utilization,BADP,10019,1.6,3000,2998,2998,9.747253333332521,99.93333333333334,2.9696464309539694,53.16533497234173,4.233333333333333,0.0,6089.0,0.007377489539748954
credit_utilization,BADP,10020,1.6,3000,2989,2989,9.771519999999187,99.63333333333334,3.4867848778855803,57.038288288288285,4.245833333333334,1.0,6102.0,0.00857017841971113
credit_utilization,BADP,10021,1.6,3000,2988,2988,9.80058666666585,99.6,3.3989290495314592,53.451435552840564,4.260416666666667,0.0,6118.0,0.0074084832904884315
credit_utilization,BADP,10022,1.6,3000,2989,2989,10.109546666665814,99.63333333333334,2.71796587487454,53.19410319410319,4.3909722222222225,2.0,6315.0,0.006260829875518672
credit_utilization,BADP,10023,1.6,3000,2974,2974,9.718293333332527,99.13333333333334,3.057834566240753,60.29106029106029,4.2243055555555555,0.0,6067.0,0.007905761316872427
credit_utilization,BADP,10024,1.6,3000,2998,2998,9.88762666666584,99.93333333333334,3.2404936624416276,57.014084507042256,4.295833333333333,0.0,6175.0,0.007530509868421052
credit_utilization,BADP,10025,1.6,3000,2999,2999,9.73114666666586,99.96666666666667,3.5498499499833276,63.13253012048193,4.232638888888889,0.0,6072.0,0.005966918555835432
credit_utilization,BADP,10026,1.6,3000,2999,2999,10.019253333332491,99.96666666666667,3.036012004001334,53.16533497234173,4.351388888888889,0.0,6259.0,0.005426872964169382
credit_utilization,BADP,10027,1.6,3000,2999,2999,10.145439999999144,99.96666666666667,3.0326775591863955,56.96559503666103,4.406944444444444,2.0,6337.0,0.006737207357859532
credit_utilization,BADP,10028,1.6,3000,2971,2971,9.722559999999191,99.03333333333333,2.8768091551666104,53.13653136531365,4.222222222222222,0.0,6074.0,0.00712260940032415
credit_utilization,BADP,10029,1.6,3000,2975,2975,9.948853333332499,99.16666666666667,2.80436974789916,53.16533497234173,4.320833333333334,0.0,6215.0,0.004932736156351792
credit_utilization,BADP_PLUS,10000,1.6,3000,2901,2901,9.450826666665888,96.7,3.7452602550844536,67.37558485750745,4.10625,0.0,5902.0,0.041295641025641025
credit_utilization,BADP_PLUS,10001,1.6,3000,2972,2972,9.895359999999172,99.06666666666666,3.0548452220726783,53.13653136531365,4.2972222222222225,0.0,6182.0,0.06994752883031302
credit_utilization,BADP_PLUS,10002,1.6,3000,2999,2999,9.82175999999918,99.96666666666667,2.780926975658553,53.13653136531365,4.2652777777777775,0.0,6136.0,0.03780912052117264
credit_utilization,BADP_PLUS,10003,1.6,3000,2999,2999,10.067253333332486,99.96666666666667,3.264754918306102,56.91699604743083,4.372222222222222,0.0,6289.0,0.0412406538139145
credit_utilization,BADP_PLUS,10004,1.6,3000,2917,2917,9.442559999999222,97.23333333333333,2.9166952348303052,53.13653136531365,4.100694444444445,0.0,5899.0,0.041319275123558485
credit_utilization,BADP_PLUS,10005,1.6,3000,2999,2999,10.037759999999157,99.96666666666667,2.8862954318106033,53.13653136531365,4.3590277777777775,0.0,6271.0,0.03946092715231788
credit_utilization,BADP_PLUS,10006,1.6,3000,2998,2998,9.73695999999919,99.93333333333334,3.1697798532354904,53.13653136531365,4.228472222222222,0.0,6083.0,0.04264723154362417
credit_utilization,BADP_PLUS,10007,1.6,3000,2985,2985,9.863146666665843,99.5,2.9417085427135676,60.12526096033403,4.284027777777778,0.0,6161.0,0.04770106907894737
credit_utilization,BADP_PLUS,10008,1.6,3000,2989,2989,9.867039999999175,99.63333333333334,3.2355302776848442,62.88209606986899,4.286111111111111,0.0,6163.0,0.05804111842105263
credit_utilization,BADP_PLUS,10009,1.6,3000,2993,2993,9.89034666666584,99.76666666666667,3.4557300367524224,60.12526096033403,4.295833333333333,0.0,6178.0,0.045256998313659355
credit_utilization,BADP_PLUS,10010,1.6,3000,2999,2999,10.044853333332489,99.96666666666667,3.0460153384461486,56.91699604743083,4.3625,0.0,6275.0,0.04315631147540984
credit_utilization,BADP_PLUS,10011,1.6,3000,2948,2948,9.723039999999191,98.26666666666667,3.6848710990502034,62.88209606986899,4.223611111111111,0.0,6073.0,0.046304459691252145
credit_utilization,BADP_PLUS,10012,1.6,3000,3000,3000,10.18815999999914,100.0,2.9116666666666666,53.13653136531365,4.424305555555556,0.0,6365.0,0.046773400673400675
credit_utilization,BADP_PLUS,10013,1.6,3000,2996,2996,9.9557333333325,99.86666666666666,3.2212950600801067,65.27651858567543,4.325,0.0,6218.0,0.05998513169073917
credit_utilization,BADP_PLUS,10014,1.6,3000,2988,2988,9.55663999999921,99.6,3.3366800535475236,62.88209606986899,4.151388888888889,0.0,5969.0,0.04431567973311093
credit_utilization,BADP_PLUS,10015,1.6,3000,3000,3000,10.028159999999158,100.0,2.7836666666666665,53.13653136531365,4.354861111111111,0.0,6265.0,0.043760880195599025
credit_utilization,BADP_PLUS,10016,1.6,3000,2998,2998,9.9408533333325,99.93333333333334,3.1877918612408274,56.91699604743083,4.317361111111111,0.0,6210.0,0.040039951573849875
credit_utilization,BADP_PLUS,10017,1.6,3000,2999,2999,9.868159999999175,99.96666666666667,3.0803601200400132,53.13653136531365,4.285416666666666,0.0,6165.0,0.05141301482701812
credit_utilization,BADP_PLUS,10018,1.6,3000,2959,2959,9.853759999999177,98.63333333333334,2.7864143291652583,53.13653136531365,4.279166666666667,0.0,6156.0,0.04456710418375718
credit_utilization,BADP_PLUS,10019,1.6,3000,2998,2998,9.744959999999189,99.93333333333334,2.9636424282855236,53.13653136531365,4.231944444444444,0.0,6088.0,0.0645455230125523
credit_utilization,BADP_PLUS,10020,1.6,3000,2989,2989,9.768053333332519,99.63333333333334,3.4934760789561725,56.91699604743083,4.242361111111111,0.0,6102.0,0.0635588785046729
credit_utilization,BADP_PLUS,10021,1.6,3000,2988,2988,9.835946666665846,99.6,3.252008032128514,60.12526096033403,4.272222222222222,0.0,6144.0,0.040304113110539844
credit_utilization,BADP_PLUS,10022,1.6,3000,2989,2989,10.108159999999149,99.63333333333334,2.7172967547674807,53.13653136531365,4.389583333333333,0.0,6315.0,0.04420946058091286
credit_utilization,BADP_PLUS,10023,1.6,3000,2974,2974,9.717333333332526,99.13333333333334,3.066577000672495,65.27651858567543,4.221527777777778,0.0,6069.0,0.04741942386831276
credit_utilization,BADP_PLUS,10024,1.6,3000,2998,2998,9.880053333332507,99.93333333333334,3.2484989993328885,56.91699604743083,4.290972222222222,0.0,6172.0,0.041565296052631574
credit_utilization,BADP_PLUS,10025,1.6,3000,2999,2999,9.759839999999187,99.96666666666667,3.252750916972324,62.88209606986899,4.239583333333333,0.0,6096.0,0.05583585222502099
credit_utilization,BADP_PLUS,10026,1.6,3000,2999,2999,10.018559999999159,99.96666666666667,3.034011337112371,53.13653136531365,4.350694444444445,0.0,6259.0,0.03553925081433225
credit_utilization,BADP_PLUS,10027,1.6,3000,2999,2999,10.144746666665812,99.96666666666667,3.032010670223408,60.12526096033403,4.40625,0.0,6337.0,0.037545066889632106
credit_utilization,BADP_PLUS,10028,1.6,3000,2971,2971,9.722559999999191,99.03333333333333,2.8768091551666104,53.13653136531365,4.222222222222222,0.0,6074.0,0.03842414910858995
credit_utilization,BADP_PLUS,10029,1.6,3000,2975,2975,9.946559999999167,99.16666666666667,2.8050420168067225,53.13653136531365,4.319444444444445,0.0,6214.0,0.029781758957654725
credit_utilization,CEDULE,10000,1.6,3000,2901,2901,8.994986666665937,96.7,17.483626335746294,17.755856966707768,3.904861111111111,0.0,5621.0,0.0054202564102564105
credit_utilization,CEDULE,10001,1.6,3000,2972,2972,9.313599999999235,99.06666666666666,18.142328398384926,0.0,4.042361111111111,0.0,5821.0,0.004899011532125206
credit_utilization,CEDULE,10002,1.6,3000,2999,2999,9.126399999999256,99.96666666666667,17.917972657552518,0.0,3.9611111111111112,0.0,5704.0,0.011431677524429968
credit_utilization,CEDULE,10003,1.6,3000,2999,2999,9.413493333332559,99.96666666666667,18.277425808602867,8.883405305367058,4.086111111111111,0.0,5883.0,0.00480536462699078
credit_utilization,CEDULE,10004,1.6,3000,2917,2917,8.895999999999281,97.23333333333333,17.26979773740144,0.0,3.861111111111111,0.0,5560.0,0.004297528830313015
credit_utilization,CEDULE,10005,1.6,3000,2999,2999,9.353599999999231,99.96666666666667,18.065688562854284,0.0,4.059722222222222,0.0,5846.0,0.00888294701986755
credit_utilization,CEDULE,10006,1.6,3000,2998,2998,9.257386666665909,99.93333333333334,17.988992661774518,17.755856966707768,4.01875,0.0,5785.0,0.006100251677852349
credit_utilization,CEDULE,10007,1.6,3000,2985,2985,9.145599999999254,99.5,17.699497487437185,0.0,3.9694444444444446,0.0,5716.0,0.005986019736842105
credit_utilization,CEDULE,10008,1.6,3000,2989,2989,9.13669333333259,99.63333333333334,17.94847775175644,8.883405305367058,3.9659722222222222,0.0,5710.0,0.005049588815789474
credit_utilization,CEDULE,10009,1.6,3000,2993,2993,9.264479999999242,99.76666666666667,18.111593718676914,26.617375231053604,4.022222222222222,0.0,5789.0,0.005370994940978078
credit_utilization,CEDULE,10010,1.6,3000,2999,2999,9.339893333332567,99.96666666666667,18.147382460820275,8.883405305367058,4.054166666666666,0.0,5837.0,0.005226557377049181
credit_utilization,CEDULE,10011,1.6,3000,2948,2948,9.233386666665911,98.26666666666667,17.85379918588874,17.755856966707768,4.008333333333334,0.0,5770.0,0.00634622641509434
credit_utilization,CEDULE,10012,1.6,3000,3000,3000,9.527999999999212,100.0,18.727666666666668,0.0,4.135416666666667,0.0,5955.0,0.005863383838383839
credit_utilization,CEDULE,10013,1.6,3000,2996,2996,9.283893333332573,99.86666666666666,17.96361815754339,8.883405305367058,4.029861111111111,0.0,5802.0,0.004939422259983008
credit_utilization,CEDULE,10014,1.6,3000,2988,2988,9.0406933333326,99.6,17.826305220883533,8.883405305367058,3.9243055555555557,0.0,5650.0,0.006579899916597165
credit_utilization,CEDULE,10015,1.6,3000,3000,3000,9.290293333332572,100.0,18.187,8.883405305367058,4.032638888888889,0.0,5806.0,0.005609290953545233
credit_utilization,CEDULE,10016,1.6,3000,2998,2998,9.35679999999923,99.93333333333334,18.11074049366244,0.0,4.061111111111111,0.0,5848.0,0.005945439870863599
credit_utilization,CEDULE,10017,1.6,3000,2999,2999,9.318399999999235,99.96666666666667,18.107369123041014,0.0,4.044444444444444,0.0,5824.0,0.005933113673805601
credit_utilization,CEDULE,10018,1.6,3000,2959,2959,9.18399999999925,98.63333333333334,17.842176410949644,0.0,3.986111111111111,0.0,5740.0,0.005894175553732567
credit_utilization,CEDULE,10019,1.6,3000,2998,2998,9.047999999999265,99.93333333333334,17.766844563042028,0.0,3.9270833333333335,0.0,5655.0,0.005635648535564854
credit_utilization,CEDULE,10020,1.6,3000,2989,2989,9.26399999999924,99.63333333333334,18.020408163265305,0.0,4.020833333333333,0.0,5790.0,0.005036023789294817
credit_utilization,CEDULE,10021,1.6,3000,2988,2988,9.242293333332578,99.6,18.084002677376173,8.883405305367058,4.011805555555555,0.0,5776.0,0.004423993144815767
credit_utilization,CEDULE,10022,1.6,3000,2989,2989,9.318186666665902,99.63333333333334,18.055202408832386,17.755856966707768,4.045138888888889,0.0,5823.0,0.004113195020746889
credit_utilization,CEDULE,10023,1.6,3000,2974,2974,9.078186666665928,99.13333333333334,17.898453261600537,17.755856966707768,3.9409722222222223,0.0,5673.0,0.004434650205761317
credit_utilization,CEDULE,10024,1.6,3000,2998,2998,9.331199999999233,99.93333333333334,18.300533689126084,0.0,4.05,0.0,5832.0,0.005504276315789473
credit_utilization,CEDULE,10025,1.6,3000,2999,2999,9.17599999999925,99.96666666666667,17.875625208402802,0.0,3.982638888888889,0.0,5735.0,0.005272712006717044
credit_utilization,CEDULE,10026,1.6,3000,2999,2999,9.420799999999224,99.96666666666667,18.27942647549183,0.0,4.088888888888889,0.0,5888.0,0.004490472312703583
credit_utilization,CEDULE,10027,1.6,3000,2999,2999,9.329599999999234,99.96666666666667,18.6485495165055,0.0,4.049305555555556,0.0,5831.0,0.004295903010033445
credit_utilization,CEDULE,10028,1.6,3000,2971,2971,9.08639999999926,99.03333333333333,18.069000336587006,0.0,3.94375,0.0,5679.0,0.0037529173419773095
credit_utilization,CEDULE,10029,1.6,3000,2975,2975,9.308799999999236,99.16666666666667,18.20201680672269,0.0,4.040277777777778,0.0,5818.0,0.004888110749185668
deadline_satisfaction,AMRP,10000,0.5,3000,2558,1107,8.1560199999966,36.9,85.68764659890539,71.06492648465915,23.272916666666667,33225.0,15.0,0.04528776732249786
deadline_satisfaction,AMRP,10001,0.5,3000,2839,1778,9.351146666663713,59.266666666666666,76.78337442761536,47.877761978292995,26.031944444444445,37281.0,4.0,0.049231383855024714
deadline_satisfaction,AMRP,10002,0.5,3000,2887,1330,9.230346666662854,44.333333333333336,78.46692067890544,45.527125709968935,25.941666666666666,37067.0,0.0,0.05008060309698452
deadline_satisfaction,AMRP,10003,0.5,3000,2864,1382,9.120106666664258,46.06666666666667,95.60300279329608,48.47149563697989,23.943055555555556,33975.0,0.0,0.046660938809723385
deadline_satisfaction,AMRP,10004,0.5,3000,2730,1214,8.781599999996786,40.46666666666667,91.87765567765568,65.69072702730318,24.514583333333334,35019.0,9.0,0.026255354200988467
deadline_satisfaction,AMRP,10005,0.5,3000,2881,800,9.598853333330315,26.666666666666668,94.78583825060743,44.69863679231803,26.492361111111112,37888.0,0.0,0.04617243377483444
deadline_satisfaction,AMRP,10006,0.5,3000,2853,1098,9.080933333330783,36.6,106.16368734665265,42.43563256748804,24.475694444444443,34773.0,0.0,0.04609790268456376
deadline_satisfaction,AMRP,10007,0.5,3000,2854,948,9.18050666666369,31.6,93.8980378416258,44.84401746261329,25.38888888888889,36284.0,2.0,0.04324465460526316
deadline_satisfaction,AMRP,10008,0.5,3000,2861,1830,9.254306666663412,61.0,75.1440055924502,45.3892372862243,25.806944444444444,36695.0,1.0,0.0338546875
deadline_satisfaction,AMRP,10009,0.5,3000,2862,1814,9.228866666663428,60.46666666666667,81.72781271837876,46.02512591611535,24.993055555555557,35379.0,2.0,0.03585286677908938
deadline_satisfaction,AMRP,10010,0.5,3000,2884,1247,9.249933333330254,41.56666666666667,100.13002773925103,47.347463519134386,24.64375,34981.0,0.0,0.03696934426229508
deadline_satisfaction,AMRP,10011,0.5,3000,2647,1662,8.016473333331172,55.4,78.50094446543257,60.63151243334519,21.974305555555556,31120.0,6.0,0.05497469982847341
deadline_satisfaction,AMRP,10012,0.5,3000,2884,1285,9.60665333332978,42.833333333333336,101.10471567267683,51.51980007634385,25.625,36336.0,0.0,0.041906818181818184
deadline_satisfaction,AMRP,10013,0.5,3000,2868,1493,9.037079999997042,49.766666666666666,87.41143654114366,47.27586643733193,23.969444444444445,34007.0,0.0,0.026407901444350044
deadline_satisfaction,AMRP,10014,0.5,3000,2781,1245,8.583073333330624,41.5,101.78460985257102,45.73590567914478,23.23263888888889,32927.0,1.0,0.03480750625521268
deadline_satisfaction,AMRP,10015,0.5,3000,2882,1472,9.478386666663267,49.06666666666667,88.8261623872311,49.677338006678504,26.061805555555555,37033.0,0.0,0.03744050529747352
deadline_satisfaction,AMRP,10016,0.5,3000,2871,861,9.41511999999657,28.7,90.49146638801811,42.34956663174322,26.04652777777778,37255.0,0.0,0.035958111380145284
deadline_satisfaction,AMRP,10017,0.5,3000,2875,798,9.30869333333068,26.6,105.86260869565217,45.55084301746811,25.45138888888889,36330.0,0.0,0.05840708401976936
deadline_satisfaction,AMRP,10018,0.5,3000,2694,1137,8.414926666663824,37.9,104.37156644394952,50.15435959380254,22.93263888888889,32508.0,5.0,0.04433420836751435
deadline_satisfaction,AMRP,10019,0.5,3000,2892,1407,8.960726666663007,46.9,92.46957123098201,46.37125439615736,23.830555555555556,33734.0,0.0,0.04925397489539749
deadline_satisfaction,AMRP,10020,0.5,3000,2711,1312,8.353666666663877,43.733333333333334,96.40796753965327,46.79505621353347,22.656944444444445,32060.0,1.0,0.05849481733220051
deadline_satisfaction,AMRP,10021,0.5,3000,2688,809,8.498006666663644,26.966666666666665,89.51302083333333,46.38951317459274,23.84722222222222,34102.0,2.0,0.055002742073693225
deadline_satisfaction,AMRP,10022,0.5,3000,2826,1067,9.33442666666369,35.56666666666667,88.26043878273178,50.80852100864429,25.934722222222224,37171.0,2.0,0.03371369294605809
deadline_satisfaction,AMRP,10023,0.5,3000,2849,1609,9.17026666666329,53.63333333333333,72.91365391365392,45.6518312020326,25.520833333333332,36363.0,6.0,0.035019588477366255
deadline_satisfaction,AMRP,10024,0.5,3000,2796,1288,8.817639999997796,42.93333333333333,100.51144492131617,45.348360247705145,23.516666666666666,33335.0,0.0,0.04025830592105263
deadline_satisfaction,AMRP,10025,0.5,3000,2893,1346,9.024079999997424,44.86666666666667,101.38852402350501,46.410885502547714,23.96388888888889,33947.0,0.0,0.04261939546599496
deadline_satisfaction,AMRP,10026,0.5,3000,2875,1087,9.567479999996685,36.233333333333334,100.32382608695652,48.36937129808036,25.93125,36895.0,0.0,0.04296921824104234
deadline_satisfaction,AMRP,10027,0.5,3000,2879,1125,9.277666666663176,37.5,101.82771795762417,49.14074063874756,25.186805555555555,35845.0,0.0,0.04833913043478261
deadline_satisfaction,AMRP,10028,0.5,3000,2843,1330,8.951039999996821,44.333333333333336,96.38937741822019,42.15341004577044,24.538194444444443,34819.0,7.0,0.03900875202593193
deadline_satisfaction,AMRP,10029,0.5,3000,2712,931,8.681413333330257,31.033333333333335,108.44210914454277,46.17957438132108,23.85,33913.0,9.0,0.03375407166123779
deadline_satisfaction,BADP,10000,0.5,3000,2945,2945,6.40789333333289,98.16666666666667,1.7565365025466892,86.58690176322416,2.7895833333333333,2.0,3998.0,0.009699059024807529
deadline_satisfaction,BADP,10001,0.5,3000,2984,2984,6.58661333333287,99.46666666666667,1.8039544235924934,79.71942130644454,2.865972222222222,4.0,4111.0,0.011352059308072487
deadline_satisfaction,BADP,10002,0.5,3000,3000,3000,6.46271999999955,100.0,1.7716666666666667,79.71052631578948,2.8118055555555554,3.0,4034.0,0.013728524857375713
deadline_satisfaction,BADP,10003,0.5,3000,2999,2999,6.661333333332861,99.96666666666667,1.8039346448816271,79.69271290605795,2.897222222222222,1.0,4159.0,0.009119949706621961
deadline_satisfaction,BADP,10004,0.5,3000,2952,2952,6.445173333332886,98.4,1.7110433604336044,87.30193066897408,2.8069444444444445,4.0,4020.0,0.00870313014827018
deadline_satisfaction,BADP,10005,0.5,3000,2999,2999,6.668906666666193,99.96666666666667,1.8236078692897633,79.72830850131464,2.902083333333333,4.0,4162.0,0.006642384105960264
deadline_satisfaction,BADP,10006,0.5,3000,2999,2999,6.559839999999539,99.96666666666667,1.750916972324108,79.68379446640316,2.852777777777778,0.0,4096.0,0.007176845637583893
deadline_satisfaction,BADP,10007,0.5,3000,2991,2991,6.494933333332879,99.7,1.7492477432296891,79.69271290605795,2.825,1.0,4055.0,0.00821455592105263
deadline_satisfaction,BADP,10008,0.5,3000,2995,2995,6.462026666666216,99.83333333333333,1.7091819699499164,79.70162351908732,2.8118055555555554,3.0,4034.0,0.010211759868421053
deadline_satisfaction,BADP,10009,0.5,3000,2997,2997,6.54911999999954,99.9,1.896896896896897,79.71052631578948,2.8493055555555555,3.0,4088.0,0.008267369308600336
deadline_satisfaction,BADP,10010,0.5,3000,2999,2999,6.612213333332867,99.96666666666667,1.798266088696232,79.71942130644454,2.877083333333333,4.0,4127.0,0.009756639344262295
deadline_satisfaction,BADP,10011,0.5,3000,2968,2968,6.533599999999542,98.93333333333334,1.8669137466307277,84.89674370427915,2.8444444444444446,3.0,4077.0,0.006389879931389365
deadline_satisfaction,BADP,10012,0.5,3000,3000,3000,6.702239999999524,100.0,1.8186666666666667,79.68379446640316,2.9145833333333333,0.0,4185.0,0.006900084175084175
deadline_satisfaction,BADP,10013,0.5,3000,2997,2997,6.420426666666222,99.9,2.059392726059393,79.70162351908732,2.7930555555555556,0.0,4008.0,0.005272897196261683
deadline_satisfaction,BADP,10014,0.5,3000,2993,2993,6.471626666666215,99.76666666666667,1.6979619111259605,79.70162351908732,2.8152777777777778,2.0,4040.0,0.005946705587989991
deadline_satisfaction,BADP,10015,0.5,3000,3000,3000,6.651306666666195,100.0,1.7853333333333334,79.72830850131464,2.8944444444444444,4.0,4151.0,0.004632436837815811
deadline_satisfaction,BADP,10016,0.5,3000,2999,2999,6.632533333332864,99.96666666666667,1.734911637212404,79.69271290605795,2.8847222222222224,1.0,4141.0,0.008343744955609363
deadline_satisfaction,BADP,10017,0.5,3000,2999,2999,6.615839999999533,99.96666666666667,1.7455818606202067,79.68379446640316,2.877083333333333,0.0,4131.0,0.008322981878088963
deadline_satisfaction,BADP,10018,0.5,3000,2974,2974,6.56191999999954,99.13333333333334,1.7168796234028245,83.8602329450915,2.854861111111111,0.0,4096.0,0.00699630844954881
deadline_satisfaction,BADP,10019,0.5,3000,2999,2999,6.434133333332886,99.96666666666667,1.7425808602867623,79.69271290605795,2.798611111111111,1.0,4017.0,0.008190460251046024
deadline_satisfaction,BADP,10020,0.5,3000,2994,2994,6.571039999999537,99.8,1.8226452905811623,79.68379446640316,2.857638888888889,0.0,4103.0,0.014478249787595583
deadline_satisfaction,BADP,10021,0.5,3000,2995,2995,6.48533333333288,99.83333333333333,1.90550918196995,79.69271290605795,2.8208333333333333,0.0,4049.0,0.013409340188517567
deadline_satisfaction,BADP,10022,0.5,3000,2996,2996,6.645173333332862,99.86666666666666,1.8301068090787718,79.77262789680805,2.8944444444444444,10.0,4145.0,0.007435020746887966
deadline_satisfaction,BADP,10023,0.5,3000,2984,2984,6.411733333332888,99.46666666666667,1.6997319034852547,79.69271290605795,2.7888888888888888,1.0,4003.0,0.01051917695473251
deadline_satisfaction,BADP,10024,0.5,3000,2999,2999,6.625439999999532,99.96666666666667,1.7735911970656886,79.68379446640316,2.88125,0.0,4137.0,0.008421052631578947
deadline_satisfaction,BADP,10025,0.5,3000,2999,2999,6.46271999999955,99.96666666666667,1.7602534178059352,79.71052631578948,2.8118055555555554,3.0,4034.0,0.008529722921914357
deadline_satisfaction,BADP,10026,0.5,3000,3000,3000,6.78842666666618,100.0,1.7596666666666667,79.70162351908732,2.952777777777778,2.0,4238.0,0.00974299674267101
deadline_satisfaction,BADP,10027,0.5,3000,2999,2999,6.5633599999995385,99.96666666666667,1.9679893297765922,79.79030144167758,2.859027777777778,5.0,4093.0,0.005988545150501672
deadline_satisfaction,BADP,10028,0.5,3000,2985,2985,6.411519999999555,99.5,1.706532663316583,79.71052631578948,2.7895833333333333,3.0,4002.0,0.00724902755267423
deadline_satisfaction,BADP,10029,0.5,3000,2988,2988,6.652639999999528,99.6,1.7336010709504686,79.68379446640316,2.8930555555555557,0.0,4154.0,0.006315309446254072
deadline_satisfaction,BADP_PLUS,10000,0.5,3000,2946,2946,6.407893333332891,98.2,1.7559402579769179,87.29162156310889,2.7895833333333333,0.0,3998.0,0.04995748502994012
deadline_satisfaction,BADP_PLUS,10001,0.5,3000,2984,2984,6.585439999999536,99.46666666666667,1.802278820375335,79.68379446640316,2.863888888888889,0.0,4112.0,0.05222710049423394
deadline_satisfaction,BADP_PLUS,10002,0.5,3000,3000,3000,6.46383999999955,100.0,1.7713333333333334,79.68379446640316,2.811111111111111,0.0,4036.0,0.06592045639771801
deadline_satisfaction,BADP_PLUS,10003,0.5,3000,2999,2999,6.662239999999528,99.96666666666667,1.8036012004001334,79.68379446640316,2.897222222222222,0.0,4160.0,0.04489170159262364
deadline_satisfaction,BADP_PLUS,10004,0.5,3000,2953,2953,6.44698666666622,98.43333333333334,1.7094480189637657,87.92652265380471,2.8069444444444445,0.0,4022.0,0.0909823723228995
deadline_satisfaction,BADP_PLUS,10005,0.5,3000,2999,2999,6.668639999999527,99.96666666666667,1.8276092030676891,79.68379446640316,2.9,0.0,4164.0,0.05451208609271523
deadline_satisfaction,BADP_PLUS,10006,0.5,3000,2999,2999,6.559839999999539,99.96666666666667,1.750916972324108,79.68379446640316,2.852777777777778,0.0,4096.0,0.04640041946308725
deadline_satisfaction,BADP_PLUS,10007,0.5,3000,2991,2991,6.494239999999547,99.7,1.7489134068873287,79.68379446640316,2.8243055555555556,0.0,4055.0,0.06471652960526315
deadline_satisfaction,BADP_PLUS,10008,0.5,3000,2995,2995,6.460639999999549,99.83333333333333,1.7081803005008347,79.68379446640316,2.8097222222222222,0.0,4034.0,0.050516200657894736
deadline_satisfaction,BADP_PLUS,10009,0.5,3000,2997,2997,6.54863999999954,99.9,1.8958958958958958,79.68379446640316,2.847916666666667,0.0,4089.0,0.04482740303541315
deadline_satisfaction,BADP_PLUS,10010,0.5,3000,2999,2999,6.612639999999534,99.96666666666667,1.7972657552517506,79.68379446640316,2.8756944444444446,0.0,4129.0,0.06537475409836066
deadline_satisfaction,BADP_PLUS,10011,0.5,3000,2968,2968,6.535413333332875,98.93333333333334,1.8659029649595686,84.88695990153526,2.84375,0.0,4079.0,0.046159176672384214
deadline_satisfaction,BADP_PLUS,10012,0.5,3000,3000,3000,6.702239999999524,100.0,1.8186666666666667,79.68379446640316,2.9145833333333333,0.0,4185.0,0.05607205387205388
deadline_satisfaction,BADP_PLUS,10013,0.5,3000,2997,2997,6.420639999999555,99.9,2.0547213880547215,79.68379446640316,2.792361111111111,0.0,4009.0,0.050463126593033134
deadline_satisfaction,BADP_PLUS,10014,0.5,3000,2993,2993,6.473439999999549,99.76666666666667,1.6972936852656197,79.68379446640316,2.8152777777777778,0.0,4042.0,0.05190258548790659
deadline_satisfaction,BADP_PLUS,10015,0.5,3000,3000,3000,6.64783999999953,100.0,1.787,79.68379446640316,2.890972222222222,0.0,4151.0,0.04108484107579462
deadline_satisfaction,BADP_PLUS,10016,0.5,3000,2999,2999,6.63343999999953,99.96666666666667,1.7345781927309103,79.68379446640316,2.8847222222222224,0.0,4142.0,0.06337594834543987
deadline_satisfaction,BADP_PLUS,10017,0.5,3000,2999,2999,6.615839999999533,99.96666666666667,1.7455818606202067,79.68379446640316,2.877083333333333,0.0,4131.0,0.059505107084019765
deadline_satisfaction,BADP_PLUS,10018,0.5,3000,2974,2974,6.56191999999954,99.13333333333334,1.7168796234028245,83.8602329450915,2.854861111111111,0.0,4096.0,0.08544290401968826
deadline_satisfaction,BADP_PLUS,10019,0.5,3000,2999,2999,6.433439999999553,99.96666666666667,1.7422474158052683,79.68379446640316,2.7979166666666666,0.0,4017.0,0.060318661087866106
deadline_satisfaction,BADP_PLUS,10020,0.5,3000,2994,2994,6.571039999999537,99.8,1.8226452905811623,79.68379446640316,2.857638888888889,0.0,4103.0,0.0795625318606627
deadline_satisfaction,BADP_PLUS,10021,0.5,3000,2995,2995,6.481439999999547,99.83333333333333,1.8984974958263774,79.68379446640316,2.81875,0.0,4047.0,0.06724858611825194
deadline_satisfaction,BADP_PLUS,10022,0.5,3000,2996,2996,6.64143999999953,99.86666666666666,1.8367823765020026,79.68379446640316,2.8881944444444443,0.0,4147.0,0.053957095435684645
deadline_satisfaction,BADP_PLUS,10023,0.5,3000,2984,2984,6.411039999999556,99.46666666666667,1.699396782841823,79.68379446640316,2.7881944444444446,0.0,4003.0,0.05464378600823046
deadline_satisfaction,BADP_PLUS,10024,0.5,3000,2999,2999,6.625439999999532,99.96666666666667,1.7735911970656886,79.68379446640316,2.88125,0.0,4137.0,0.05918355263157895
deadline_satisfaction,BADP_PLUS,10025,0.5,3000,2999,2999,6.46223999999955,99.96666666666667,1.7592530843614538,79.68379446640316,2.810416666666667,0.0,4035.0,0.05962073887489505
deadline_satisfaction,BADP_PLUS,10026,0.5,3000,3000,3000,6.790239999999513,100.0,1.759,79.68379446640316,2.952777777777778,0.0,4240.0,0.08195798045602606
deadline_satisfaction,BADP_PLUS,10027,0.5,3000,2999,2999,6.561226666666205,99.96666666666667,1.9853284428142715,82.67839832972933,2.8541666666666665,0.0,4096.0,0.07192215719063545
deadline_satisfaction,BADP_PLUS,10028,0.5,3000,2985,2985,6.411039999999556,99.5,1.7058626465661642,79.68379446640316,2.7881944444444446,0.0,4003.0,0.04608824959481361
deadline_satisfaction,BADP_PLUS,10029,0.5,3000,2988,2988,6.652639999999528,99.6,1.7336010709504686,79.68379446640316,2.8930555555555557,0.0,4154.0,0.08128868078175897
deadline_satisfaction,CDASCALER,10000,0.5,3000,2703,1757,7.3832599999992645,58.56666666666667,77.38919718830928,99.90236106876768,18.949305555555554,26680.0,248.0,0.020317964071856286
deadline_satisfaction,CDASCALER,10001,0.5,3000,2781,1903,8.131919999998777,63.43333333333333,83.13592233009709,50.38020628824808,20.665972222222223,28916.0,4.0,0.041162932454695225
deadline_satisfaction,CDASCALER,10002,0.5,3000,2834,1888,8.160186666665123,62.93333333333333,86.91601976005646,46.739267202091774,20.773611111111112,29038.0,0.0,0.056724449877750605
deadline_satisfaction,CDASCALER,10003,0.5,3000,2825,2062,8.09585333333213,68.73333333333333,76.59398230088496,99.90753308745278,19.97222222222222,28205.0,8.0,0.01200997485331098
deadline_satisfaction,CDASCALER,10004,0.5,3000,2730,1839,7.893573333332069,61.3,87.31538461538462,99.8192072025608,20.3,28397.0,21.0,0.02113986820428336
deadline_satisfaction,CDASCALER,10005,0.5,3000,2828,2037,8.38274666666526,67.9,77.47560113154172,53.80163200338834,20.945833333333333,29266.0,0.0,0.03324039735099338
deadline_satisfaction,CDASCALER,10006,0.5,3000,2820,2007,7.985333333332205,66.9,77.09219858156028,99.9183777116738,19.98611111111111,28349.0,1.0,0.015318708053691274
deadline_satisfaction,CDASCALER,10007,0.5,3000,2800,1937,8.11259999999867,64.56666666666666,83.53178571428572,72.36503886324708,20.60972222222222,28823.0,2.0,0.035137171052631574
deadline_satisfaction,CDASCALER,10008,0.5,3000,2860,2545,9.335599999996914,84.83333333333333,53.4979020979021,94.66793737376868,26.14375,36788.0,1.0,0.03105518092105263
deadline_satisfaction,CDASCALER,10009,0.5,3000,2808,1663,8.110559999998301,55.43333333333333,89.02492877492878,99.91799693855238,20.35763888888889,28730.0,107.0,0.010435581787521079
deadline_satisfaction,CDASCALER,10010,0.5,3000,2826,1982,8.404759999998205,66.06666666666666,83.84253361641896,57.75766464457393,20.99652777777778,29324.0,0.0,0.03133016393442623
deadline_satisfaction,CDASCALER,10011,0.5,3000,2720,1551,7.538159999999296,51.7,80.13308823529412,99.89305632904751,18.849305555555556,26407.0,500.0,0.015316295025728987
deadline_satisfaction,CDASCALER,10012,0.5,3000,2831,1966,8.49673333333146,65.53333333333333,87.12716354645002,99.92244989401486,21.083333333333332,29869.0,7.0,0.02470892255892256
deadline_satisfaction,CDASCALER,10013,0.5,3000,2807,2069,8.017533333332008,68.96666666666667,75.13573209832562,99.89582016853223,20.0,28257.0,0.0,0.019428802039082413
deadline_satisfaction,CDASCALER,10014,0.5,3000,2812,2043,7.768219999999,68.1,73.69167852062589,99.91642290012537,19.675694444444446,27830.0,5.0,0.008934778982485405
deadline_satisfaction,CDASCALER,10015,0.5,3000,2825,1939,8.338373333331559,64.63333333333334,84.88814159292035,51.88087160112461,20.94375,29225.0,0.0,0.03359519152404238
deadline_satisfaction,CDASCALER,10016,0.5,3000,2833,1992,8.21045333333198,66.4,82.69149311683728,99.90870380067801,20.5375,28773.0,0.0,0.015666101694915252
deadline_satisfaction,CDASCALER,10017,0.5,3000,2828,1961,8.075426666665413,65.36666666666666,81.252828854314,99.91915344675806,20.34513888888889,28828.0,0.0,0.011364332784184514
deadline_satisfaction,CDASCALER,10018,0.5,3000,2767,1898,7.892979999998858,63.266666666666666,81.67943621250451,99.8942387880112,20.12638888888889,28394.0,17.0,0.020023954060705496
deadline_satisfaction,CDASCALER,10019,0.5,3000,2840,1807,8.081899999998422,60.233333333333334,84.22464788732394,99.91892549252763,20.29375,28715.0,21.0,0.013727196652719665
deadline_satisfaction,CDASCALER,10020,0.5,3000,2804,2063,7.771439999999297,68.76666666666667,69.94971469329529,99.89878758176899,19.495833333333334,27597.0,1.0,0.021359558198810535
deadline_satisfaction,CDASCALER,10021,0.5,3000,2759,1552,7.690993333332537,51.733333333333334,84.3805726712577,99.89829461172529,19.245833333333334,27018.0,319.0,0.018002913453299057
deadline_satisfaction,CDASCALER,10022,0.5,3000,2812,1935,8.29927999999847,64.5,83.39687055476529,46.770085773278396,20.933333333333334,29278.0,2.0,0.050533526970954354
deadline_satisfaction,CDASCALER,10023,0.5,3000,2795,2014,7.862879999998807,67.13333333333334,75.21073345259391,99.91111981774122,19.895833333333332,28071.0,12.0,0.011636543209876544
deadline_satisfaction,CDASCALER,10024,0.5,3000,2834,1946,8.222933333332053,64.86666666666666,80.07057163020465,99.89264006342495,20.586111111111112,28853.0,0.0,0.015429687499999999
deadline_satisfaction,CDASCALER,10025,0.5,3000,2835,1569,8.08395999999863,52.3,86.83880070546738,99.91815354395155,20.124305555555555,28436.0,79.0,0.021097397145256085
deadline_satisfaction,CDASCALER,10026,0.5,3000,2827,1999,8.429026666665024,66.63333333333334,80.48178280863105,99.89470785479404,20.863888888888887,29220.0,0.0,0.012863273615635178
deadline_satisfaction,CDASCALER,10027,0.5,3000,2824,1905,8.376853333331496,63.5,88.01770538243626,35.82804676766465,21.042361111111113,29405.0,0.0,0.05429205685618729
deadline_satisfaction,CDASCALER,10028,0.5,3000,2776,1878,8.013826666665079,62.6,85.49495677233429,80.00540162931838,20.497222222222224,28670.0,7.0,0.019520502431118313
deadline_satisfaction,CDASCALER,10029,0.5,3000,2790,1954,7.978986666665526,65.13333333333334,80.64767025089606,99.91806263656227,20.12361111111111,28376.0,20.0,0.008118892508143323
deadline_satisfaction,CEDULE,10000,0.5,3000,2945,2945,5.661973333332972,98.16666666666667,17.8848896434635,35.492957746478865,2.4590277777777776,1.0,3537.0,0.006783832335329342
deadline_satisfaction,CEDULE,10001,0.5,3000,2984,2984,5.861493333332949,99.46666666666667,19.344168900804288,8.88497135301895,2.5444444444444443,0.0,3663.0,0.009298517298187809
deadline_satisfaction,CEDULE,10002,0.5,3000,3000,3000,5.769599999999626,100.0,19.861,0.0,2.504166666666667,0.0,3606.0,0.010517440912795436
deadline_satisfaction,CEDULE,10003,0.5,3000,2999,2999,5.995199999999601,99.96666666666667,21.21573857952651,0.0,2.6020833333333333,0.0,3747.0,0.005475272422464376
deadline_satisfaction,CEDULE,10004,0.5,3000,2952,2952,5.785173333332958,98.4,18.743563685636857,35.492957746478865,2.5125,1.0,3614.0,0.005438385502471169
deadline_satisfaction,CEDULE,10005,0.5,3000,2999,2999,6.0047999999996,99.96666666666667,21.06335445148383,0.0,2.60625,0.0,3753.0,0.004858526490066226
deadline_satisfaction,CEDULE,10006,0.5,3000,2999,2999,5.900799999999611,99.96666666666667,21.04101367122374,0.0,2.561111111111111,0.0,3688.0,0.008871728187919464
deadline_satisfaction,CEDULE,10007,0.5,3000,2990,2990,5.770293333332959,99.66666666666667,19.140468227424748,8.88497135301895,2.504861111111111,1.0,3606.0,0.005402467105263158
deadline_satisfaction,CEDULE,10008,0.5,3000,2994,2994,5.779893333332958,99.8,19.407147628590515,8.88497135301895,2.509027777777778,1.0,3612.0,0.0063888980263157895
deadline_satisfaction,CEDULE,10009,0.5,3000,2997,2997,5.947199999999606,99.9,20.378044711378045,0.0,2.58125,0.0,3717.0,0.009680101180438449
deadline_satisfaction,CEDULE,10010,0.5,3000,2999,2999,5.948799999999606,99.96666666666667,20.676558852950983,0.0,2.5819444444444444,0.0,3718.0,0.005630409836065574
deadline_satisfaction,CEDULE,10011,0.5,3000,2966,2966,5.8987733333329455,98.86666666666666,20.152730950775457,35.492957746478865,2.5618055555555554,2.0,3685.0,0.004920325900514579
deadline_satisfaction,CEDULE,10012,0.5,3000,3000,3000,6.014399999999599,100.0,21.543666666666667,0.0,2.6104166666666666,0.0,3759.0,0.010739730639730641
deadline_satisfaction,CEDULE,10013,0.5,3000,2997,2997,5.932799999999608,99.9,20.427761094427762,0.0,2.575,0.0,3708.0,0.006699660152931181
deadline_satisfaction,CEDULE,10014,0.5,3000,2993,2993,5.751999999999628,99.76666666666667,19.464082860006684,0.0,2.4965277777777777,0.0,3595.0,0.007190658882402002
deadline_satisfaction,CEDULE,10015,0.5,3000,3000,3000,5.903999999999611,100.0,20.086333333333332,0.0,2.5625,0.0,3690.0,0.005513121434392827
deadline_satisfaction,CEDULE,10016,0.5,3000,2999,2999,5.940799999999607,99.96666666666667,20.33244414804935,0.0,2.578472222222222,0.0,3713.0,0.005182405165456013
deadline_satisfaction,CEDULE,10017,0.5,3000,2999,2999,5.9343999999996075,99.96666666666667,20.23674558186062,0.0,2.5756944444444443,0.0,3709.0,0.0032312191103789126
deadline_satisfaction,CEDULE,10018,0.5,3000,2969,2969,5.890773333332946,98.96666666666667,19.61468507915123,35.492957746478865,2.558333333333333,4.0,3680.0,0.008042083675143561
deadline_satisfaction,CEDULE,10019,0.5,3000,2999,2999,5.721599999999631,99.96666666666667,19.929643214404802,0.0,2.4833333333333334,0.0,3576.0,0.00787907949790795
deadline_satisfaction,CEDULE,10020,0.5,3000,2994,2994,5.91359999999961,99.8,20.45123580494322,0.0,2.566666666666667,0.0,3696.0,0.010542056074766354
deadline_satisfaction,CEDULE,10021,0.5,3000,2995,2995,5.88778666666628,99.83333333333333,20.49949916527546,17.76211453744493,2.55625,0.0,3679.0,0.012482176520994002
deadline_satisfaction,CEDULE,10022,0.5,3000,2996,2996,5.959999999999605,99.86666666666666,20.40086782376502,0.0,2.5868055555555554,0.0,3725.0,0.006310622406639005
deadline_satisfaction,CEDULE,10023,0.5,3000,2984,2984,5.679999999999636,99.46666666666667,19.0656836461126,0.0,2.4652777777777777,0.0,3550.0,0.01131448559670782
deadline_satisfaction,CEDULE,10024,0.5,3000,2999,2999,5.924799999999609,99.96666666666667,20.70556852284095,0.0,2.571527777777778,0.0,3703.0,0.007605098684210526
deadline_satisfaction,CEDULE,10025,0.5,3000,2999,2999,5.811199999999621,99.96666666666667,19.92164054684895,0.0,2.522222222222222,0.0,3632.0,0.005728547439126784
deadline_satisfaction,CEDULE,10026,0.5,3000,3000,3000,6.068799999999593,100.0,20.707666666666668,0.0,2.634027777777778,0.0,3793.0,0.004956677524429968
deadline_satisfaction,CEDULE,10027,0.5,3000,2999,2999,5.91039999999961,99.96666666666667,21.15038346115372,0.0,2.5652777777777778,0.0,3694.0,0.017728762541806022
deadline_satisfaction,CEDULE,10028,0.5,3000,2985,2985,5.707893333332966,99.5,19.701172529313233,8.88497135301895,2.477777777777778,0.0,3567.0,0.005275607779578606
deadline_satisfaction,CEDULE,10029,0.5,3000,2988,2988,5.871999999999614,99.6,19.4665327978581,0.0,2.548611111111111,0.0,3670.0,0.006447719869706841
deadline_satisfaction,CEMA,10000,0.5,3000,2700,1582,7.211073333332664,52.733333333333334,85.99074074074075,99.88220777390072,18.50347222222222,26385.0,229.0,0.01411394354148845
deadline_satisfaction,CEMA,10001,0.5,3000,2772,1719,7.8022199999989095,57.3,94.90223665223665,99.91038590754384,20.086805555555557,28868.0,23.0,0.016816144975288303
deadline_satisfaction,CEMA,10002,0.5,3000,2818,1713,7.814339999998569,57.1,97.95812633073102,99.9168906003269,20.211111111111112,29069.0,1.0,0.020702200488997555
deadline_satisfaction,CEMA,10003,0.5,3000,2806,1277,7.911693333332171,42.56666666666667,92.08624376336422,99.91506389082879,19.343055555555555,27645.0,188.0,0.018176110645431686
deadline_satisfaction,CEMA,10004,0.5,3000,2725,1567,7.534619999998752,52.233333333333334,98.24036697247706,99.88914754461811,19.709722222222222,28270.0,80.0,0.014843739703459636
deadline_satisfaction,CEMA,10005,0.5,3000,2816,1134,8.09138666666539,37.8,98.19389204545455,99.91828581804975,20.29652777777778,29128.0,74.0,0.022168211920529802
deadline_satisfaction,CEMA,10006,0.5,3000,2811,1854,7.783646666665565,61.8,86.89754535752401,99.91656082252487,19.522916666666667,28079.0,5.0,0.018113255033557048
deadline_satisfaction,CEMA,10007,0.5,3000,2785,1607,7.7680533333321105,53.56666666666667,96.13572710951526,99.90997016153926,20.035416666666666,28794.0,29.0,0.010194572368421051
deadline_satisfaction,CEMA,10008,0.5,3000,2783,1528,7.7206733333320505,50.93333333333333,95.3507006827165,99.9155730246433,19.884722222222223,28557.0,34.0,0.013142680921052632
deadline_satisfaction,CEMA,10009,0.5,3000,2787,1301,7.856479999998372,43.36666666666667,97.80409041980624,99.91529252315338,19.851388888888888,28412.0,138.0,0.0179075042158516
deadline_satisfaction,CEMA,10010,0.5,3000,2810,1689,8.0560133333317,56.3,96.0338078291815,99.91899044087202,20.445833333333333,29408.0,0.0,0.011509590163934427
deadline_satisfaction,CEMA,10011,0.5,3000,2718,1163,7.239733333332692,38.766666666666666,91.04525386313466,99.87789645619486,18.272222222222222,25838.0,445.0,0.009196740994854203
deadline_satisfaction,CEMA,10012,0.5,3000,2814,1324,8.328493333331538,44.13333333333333,100.67945984363895,99.92038357424674,20.627083333333335,29597.0,65.0,0.014818602693602695
deadline_satisfaction,CEMA,10013,0.5,3000,2789,1395,7.719206666665332,46.5,92.55862316242381,99.91181744250987,19.139583333333334,27256.0,279.0,0.01310696686491079
deadline_satisfaction,CEMA,10014,0.5,3000,2797,1865,7.550473333332353,62.166666666666664,85.03074722917411,99.91424569561033,19.15,27528.0,17.0,0.012276480400333611
deadline_satisfaction,CEMA,10015,0.5,3000,2811,1783,7.988953333331745,59.43333333333333,97.03806474564212,99.91832660284042,20.402083333333334,29345.0,7.0,0.009583455582722087
deadline_satisfaction,CEMA,10016,0.5,3000,2812,1682,7.916453333332134,56.06666666666667,94.60526315789474,99.91750687442713,20.00138888888889,28749.0,21.0,0.016034301856335753
deadline_satisfaction,CEMA,10017,0.5,3000,2818,1698,7.87613999999882,56.6,92.44109297374024,99.91728017205725,19.8875,28595.0,12.0,0.009518616144975288
deadline_satisfaction,CEMA,10018,0.5,3000,2747,1685,7.624606666665548,56.166666666666664,93.60465962868584,99.89103465276673,19.583333333333332,28133.0,33.0,0.01578671041837572
deadline_satisfaction,CEMA,10019,0.5,3000,2823,1343,7.9149999999984555,44.766666666666666,94.9394261424017,99.91647641850882,19.79513888888889,28388.0,93.0,0.010909205020920503
deadline_satisfaction,CEMA,10020,0.5,3000,2769,1266,7.510686666665931,42.2,89.36150234741784,99.91076297655049,18.710416666666667,26701.0,214.0,0.018591503823279527
deadline_satisfaction,CEMA,10021,0.5,3000,2759,1332,7.443159999999262,44.4,92.82928597317868,99.90193606231264,18.663888888888888,26543.0,309.0,0.02558260497000857
deadline_satisfaction,CEMA,10022,0.5,3000,2800,1761,7.970086666665354,58.7,95.87571428571428,99.9180961914729,20.424305555555556,29362.0,12.0,0.016961327800829876
deadline_satisfaction,CEMA,10023,0.5,3000,2775,1796,7.625319999998829,59.86666666666667,86.59423423423424,99.90861857392758,19.341666666666665,27791.0,27.0,0.014034567901234567
deadline_satisfaction,CEMA,10024,0.5,3000,2828,1492,7.981526666665531,49.733333333333334,94.50176803394625,99.91801561347094,20.104861111111113,28865.0,25.0,0.01956373355263158
deadline_satisfaction,CEMA,10025,0.5,3000,2824,1392,7.887826666665329,46.4,97.10800283286119,99.91565293996364,19.57986111111111,28042.0,133.0,0.02112174643157011
deadline_satisfaction,CEMA,10026,0.5,3000,2809,1845,8.101286666665212,61.5,91.2940548237807,99.91932953883386,20.305555555555557,29203.0,3.0,0.012563029315960912
deadline_satisfaction,CEMA,10027,0.5,3000,2816,1253,8.09191333333165,41.766666666666666,105.7315340909091,99.91849524102768,20.558333333333334,29522.0,59.0,0.011205936454849498
deadline_satisfaction,CEMA,10028,0.5,3000,2768,1589,7.688039999998471,52.96666666666667,95.86488439306359,99.90930863566874,19.931944444444444,28655.0,22.0,0.01183776337115073
deadline_satisfaction,CEMA,10029,0.5,3000,2784,1737,7.741946666665556,57.9,90.85380747126437,99.9096281104529,19.579166666666666,28128.0,35.0,0.008404641693811075
deadline_satisfaction,EDF,10000,0.5,3000,2917,2865,6.990873333332978,95.5,4.112787110044566,99.80961481124925,6.925,6660.0,2511.0,0.020509666381522667
deadline_satisfaction,EDF,10001,0.5,3000,2972,2916,7.2522133333328895,97.2,4.195491251682369,98.71907865501407,7.299305555555556,7063.0,2590.0,0.013887397034596377
deadline_satisfaction,EDF,10002,0.5,3000,2999,2934,7.042446666666229,97.8,4.163054351450484,98.696757907428,7.155555555555556,6940.0,2509.0,0.02060554197229014
deadline_satisfaction,EDF,10003,0.5,3000,2995,2937,7.282166666666249,97.9,4.126544240400667,93.04478565656186,7.113888888888889,6802.0,2652.0,0.016431265716680635
deadline_satisfaction,EDF,10004,0.5,3000,2925,2874,6.986159999999602,95.8,4.038974358974359,99.81711231543274,6.848611111111111,6525.0,2534.0,0.013732042833607908
deadline_satisfaction,EDF,10005,0.5,3000,2997,2946,7.321946666666202,98.2,4.191858525191859,98.34458707427468,7.311111111111111,7047.0,2639.0,0.016970447019867548
deadline_satisfaction,EDF,10006,0.5,3000,2993,2939,7.186639999999527,97.96666666666667,4.098563314400267,89.27212572373863,7.029861111111111,6718.0,2593.0,0.015373657718120805
deadline_satisfaction,EDF,10007,0.5,3000,2982,2912,7.102173333332941,97.06666666666666,4.152917505030181,93.12706607733165,7.113888888888889,6910.0,2505.0,0.012998190789473684
deadline_satisfaction,EDF,10008,0.5,3000,2984,2930,7.089286666666257,97.66666666666667,4.127345844504021,90.80970673662513,7.057638888888889,6830.0,2523.0,0.01041891447368421
deadline_satisfaction,EDF,10009,0.5,3000,2991,2924,7.2491999999994805,97.46666666666667,4.187228351721832,94.92169264362623,7.204861111111111,6906.0,2636.0,0.014815008431703204
deadline_satisfaction,EDF,10010,0.5,3000,2997,2951,7.259039999999577,98.36666666666666,4.140473807140474,96.48843930635839,7.14375,6876.0,2596.0,0.010985573770491803
deadline_satisfaction,EDF,10011,0.5,3000,2942,2888,7.206579999999617,96.26666666666667,4.240992522093814,99.45783810675469,7.152777777777778,6902.0,2591.0,0.015279416809605489
deadline_satisfaction,EDF,10012,0.5,3000,2997,2951,7.358159999999508,98.36666666666666,4.05638972305639,96.04915931538868,7.0680555555555555,6656.0,2708.0,0.012230808080808082
deadline_satisfaction,EDF,10013,0.5,3000,2993,2936,7.19534666666622,97.86666666666666,4.1443367858336115,94.91345827519892,7.09375,6831.0,2607.0,0.012897366185216651
deadline_satisfaction,EDF,10014,0.5,3000,2987,2940,7.035719999999573,98.0,4.081352527619686,90.60999425617462,6.979861111111111,6699.0,2551.0,0.011491659716430357
deadline_satisfaction,EDF,10015,0.5,3000,2999,2938,7.241733333332884,97.93333333333334,4.138712904301434,96.51606499522094,7.125,6854.0,2562.0,0.026515892420537895
deadline_satisfaction,EDF,10016,0.5,3000,2997,2937,7.236426666666245,97.9,4.105438772105439,89.2874305451269,7.118055555555555,6827.0,2620.0,0.02024826472962066
deadline_satisfaction,EDF,10017,0.5,3000,2997,2943,7.211833333332884,98.1,4.08008008008008,87.68572996083921,7.009027777777778,6677.0,2627.0,0.022070840197693575
deadline_satisfaction,EDF,10018,0.5,3000,2948,2894,7.121899999999578,96.46666666666667,4.0834464043419265,98.32157836333202,7.0465277777777775,6771.0,2554.0,0.015442247744052503
deadline_satisfaction,EDF,10019,0.5,3000,2997,2938,7.015413333332876,97.93333333333334,4.102102102102102,90.62757988075218,7.006944444444445,6771.0,2533.0,0.0243165690376569
deadline_satisfaction,EDF,10020,0.5,3000,2987,2933,7.24309999999961,97.76666666666667,4.088382992969534,93.46843568642818,7.129166666666666,6825.0,2607.0,0.01778555649957519
deadline_satisfaction,EDF,10021,0.5,3000,2983,2928,7.172626666666263,97.6,4.180355346966142,92.97787560244393,7.1125,6839.0,2611.0,0.016371379605826908
deadline_satisfaction,EDF,10022,0.5,3000,2984,2921,7.267059999999562,97.36666666666666,4.201407506702413,99.09183352746501,7.222916666666666,6977.0,2595.0,0.016907634854771782
deadline_satisfaction,EDF,10023,0.5,3000,2968,2911,7.015046666666237,97.03333333333333,4.118261455525606,94.17185413649784,7.026388888888889,6829.0,2487.0,0.014398765432098764
deadline_satisfaction,EDF,10024,0.5,3000,2997,2947,7.2735133333328985,98.23333333333333,4.171171171171171,93.13433389607258,7.232638888888889,6972.0,2609.0,0.01566907894736842
deadline_satisfaction,EDF,10025,0.5,3000,2997,2945,7.1157799999995595,98.16666666666667,4.122455789122456,93.02301906000791,7.114583333333333,6849.0,2557.0,0.010861796809403863
deadline_satisfaction,EDF,10026,0.5,3000,2995,2946,7.350473333332839,98.2,4.0570951585976625,90.80729508350359,7.060416666666667,6704.0,2687.0,0.01540627035830619
deadline_satisfaction,EDF,10027,0.5,3000,2997,2931,7.20829999999953,97.7,4.290623957290624,99.83148907487502,7.299305555555556,7094.0,2595.0,0.024602759197324416
deadline_satisfaction,EDF,10028,0.5,3000,2970,2907,7.01040666666621,96.9,4.09057239057239,92.96706638034244,7.030555555555556,6794.0,2514.0,0.011996191247974068
deadline_satisfaction,EDF,10029,0.5,3000,2978,2912,7.237959999999603,97.06666666666666,4.089657488247146,90.81263347195684,7.102083333333334,6790.0,2615.0,0.01918314332247557
deadline_satisfaction,HPA,10000,0.5,3000,2702,1743,7.379699999999268,58.1,77.6661732050333,99.88987358646952,18.94236111111111,26675.0,250.0,0.016078186484174507
deadline_satisfaction,HPA,10001,0.5,3000,2781,1912,8.132613333332113,63.733333333333334,83.15462064005753,93.88343277278433,20.6375,28886.0,4.0,0.009767051070840199
deadline_satisfaction,HPA,10002,0.5,3000,2832,1896,8.159493333331795,63.2,86.77966101694915,88.22130563488798,20.750694444444445,28998.0,0.0,0.015002281988590058
deadline_satisfaction,HPA,10003,0.5,3000,2826,1447,8.100906666665443,48.233333333333334,86.73389950460015,99.91723072395527,19.83888888888889,28110.0,156.0,0.013636295054484493
deadline_satisfaction,HPA,10004,0.5,3000,2741,1846,7.910639999998727,61.53333333333333,87.34221087194454,99.86858244261434,20.29652777777778,28341.0,36.0,0.013904777594728173
deadline_satisfaction,HPA,10005,0.5,3000,2825,2041,8.375466666665272,68.03333333333333,77.8283185840708,95.07580275776516,20.915972222222223,29228.0,0.0,0.0206067880794702
deadline_satisfaction,HPA,10006,0.5,3000,2822,2005,7.977359999998872,66.83333333333333,77.86180014174344,99.91830955233635,19.975,28361.0,1.0,0.011017869127516778
deadline_satisfaction,HPA,10007,0.5,3000,2794,1938,8.080186666665359,64.6,83.72405153901217,97.29271166687056,20.568055555555556,28771.0,2.0,0.02620263157894737
deadline_satisfaction,HPA,10008,0.5,3000,2755,1089,8.661453333330154,36.3,103.1415607985481,99.90457305337115,24.020833333333332,34132.0,4.0,0.015803782894736843
deadline_satisfaction,HPA,10009,0.5,3000,2806,1965,8.119533333331665,65.5,82.63292943692089,99.90225700577199,20.445833333333333,28795.0,2.0,0.012883389544688028
deadline_satisfaction,HPA,10010,0.5,3000,2828,1973,8.397133333331546,65.76666666666667,84.87694483734087,92.52923865143867,20.96736111111111,29279.0,0.0,0.012574918032786885
deadline_satisfaction,HPA,10011,0.5,3000,2718,1554,7.523059999999299,51.8,80.86791758646063,99.88677603704213,18.836111111111112,26404.0,493.0,0.013558233276157804
deadline_satisfaction,HPA,10012,0.5,3000,2832,1962,8.497426666664795,65.4,87.61723163841808,99.92245523944099,21.065277777777776,29832.0,7.0,0.014733838383838382
deadline_satisfaction,HPA,10013,0.5,3000,2809,1586,8.04806666666528,52.86666666666667,84.57920968316127,99.9148001590397,19.76875,27757.0,291.0,0.009195921835174172
deadline_satisfaction,HPA,10014,0.5,3000,2810,2046,7.7654466666656665,68.2,73.78718861209964,99.91639805671927,19.668055555555554,27812.0,5.0,0.010363052543786489
deadline_satisfaction,HPA,10015,0.5,3000,2828,1944,8.340973333331558,64.8,85.54420084865629,91.65072587781422,20.920833333333334,29207.0,0.0,0.020268948655256726
deadline_satisfaction,HPA,10016,0.5,3000,2829,1985,8.234373333331968,66.16666666666667,82.26405090137858,99.89799945153804,20.55625,28733.0,0.0,0.012496287328490719
deadline_satisfaction,HPA,10017,0.5,3000,2828,1953,8.18583999999868,65.1,80.38048090523338,99.90292452637388,20.448611111111113,28605.0,0.0,0.019038714991762767
deadline_satisfaction,HPA,10018,0.5,3000,2768,1908,7.894099999998861,63.6,82.08598265895954,99.89975148921802,20.117361111111112,28394.0,19.0,0.01343273174733388
deadline_satisfaction,HPA,10019,0.5,3000,2838,1757,8.079153333331755,58.56666666666667,84.41930937279774,99.91883482887677,20.28263888888889,28730.0,26.0,0.009191464435146443
deadline_satisfaction,HPA,10020,0.5,3000,2776,1613,7.687586666665872,53.766666666666666,78.3735590778098,99.91279914736944,19.235416666666666,27171.0,197.0,0.01849090909090909
deadline_satisfaction,HPA,10021,0.5,3000,2759,1571,7.691473333332537,52.36666666666667,84.38274737223632,99.91090961285278,19.243055555555557,27028.0,318.0,0.0166879177377892
deadline_satisfaction,HPA,10022,0.5,3000,2809,1930,8.301013333331804,64.33333333333333,82.76931292274831,89.38789107763614,20.917361111111113,29224.0,2.0,0.02065095435684647
deadline_satisfaction,HPA,10023,0.5,3000,2792,2009,7.876266666665472,66.96666666666667,75.95594555873926,99.91122931099453,19.906944444444445,28091.0,13.0,0.010721893004115227
deadline_satisfaction,HPA,10024,0.5,3000,2832,1946,8.224493333332049,64.86666666666666,80.24293785310735,99.8979021400381,20.57777777777778,28817.0,0.0,0.011350164473684211
deadline_satisfaction,HPA,10025,0.5,3000,2834,1568,8.08117333333197,52.266666666666666,88.00352858151024,99.91807457034663,20.105555555555554,28422.0,83.0,0.013928715365239293
deadline_satisfaction,HPA,10026,0.5,3000,2822,1985,8.424173333331693,66.16666666666667,80.56413890857547,99.89466007616886,20.852777777777778,29179.0,0.0,0.01256343648208469
deadline_satisfaction,HPA,10027,0.5,3000,2820,1897,8.368013333331504,63.233333333333334,89.87021276595745,81.84652196025624,21.004166666666666,29363.0,0.0,0.02708210702341137
deadline_satisfaction,HPA,10028,0.5,3000,2780,1880,8.027813333331743,62.666666666666664,85.98129496402878,99.88525320792118,20.50347222222222,28658.0,10.0,0.018113047001620745
deadline_satisfaction,HPA,10029,0.5,3000,2788,1954,7.982319999998864,65.13333333333334,80.34074605451937,99.91807755324959,20.125,28337.0,21.0,0.007306840390879478
deadline_satisfaction,AMRP,10000,0.8,3000,2691,1832,9.760793333331032,61.06666666666667,68.88517279821627,79.8917393336372,23.425694444444446,32952.0,12.0,0.061743846153846156
deadline_satisfaction,AMRP,10001,0.8,3000,2810,2015,10.245293333330551,67.16666666666667,69.39217081850533,62.48090431840234,23.65486111111111,33119.0,2.0,0.03582948929159802
deadline_satisfaction,AMRP,10002,0.8,3000,2838,1698,10.608519999997712,56.6,83.45278365045807,65.73145159546958,25.511805555555554,35892.0,0.0,0.03401450692746536
deadline_satisfaction,AMRP,10003,0.8,3000,2844,2144,10.414213333331274,71.46666666666667,63.50597749648382,64.52741776238462,23.538194444444443,32952.0,0.0,0.02841777032690696
deadline_satisfaction,AMRP,10004,0.8,3000,2693,1450,10.131506666664086,48.333333333333336,84.0824359450427,78.73512535361287,25.00625,35296.0,13.0,0.06046136738056013
deadline_satisfaction,AMRP,10005,0.8,3000,2849,1784,10.991066666664587,59.46666666666667,78.23236223236223,59.444442873183185,26.016666666666666,36621.0,0.0,0.0480375
deadline_satisfaction,AMRP,10006,0.8,3000,2849,2074,10.346613333331208,69.13333333333334,67.62864162864163,58.308697239361095,23.539583333333333,32921.0,0.0,0.051031795302013426
deadline_satisfaction,AMRP,10007,0.8,3000,2785,1609,10.480199999997524,53.63333333333333,81.56086175942549,61.22498269864051,25.466666666666665,35920.0,3.0,0.037740049342105265
deadline_satisfaction,AMRP,10008,0.8,3000,2805,1669,10.38821333333048,55.63333333333333,82.34260249554367,62.20368210648422,25.089583333333334,35354.0,0.0,0.04038083881578947
deadline_satisfaction,AMRP,10009,0.8,3000,2819,1613,10.611119999996912,53.766666666666666,77.92124866974105,65.68757595870876,25.349305555555556,35773.0,0.0,0.045699831365935924
deadline_satisfaction,AMRP,10010,0.8,3000,2853,1829,10.847026666664744,60.96666666666667,78.28601472134595,65.05372641411222,25.455555555555556,35750.0,0.0,0.05260819672131148
deadline_satisfaction,AMRP,10011,0.8,3000,2786,2011,10.02999333333093,67.03333333333333,61.767767408470924,68.85240934006761,23.08888888888889,32426.0,8.0,0.05862289879931389
deadline_satisfaction,AMRP,10012,0.8,3000,2894,1928,11.052253333331896,64.26666666666667,72.4689011748445,68.70867307205498,25.32638888888889,35607.0,0.0,0.04127483164983165
deadline_satisfaction,AMRP,10013,0.8,3000,2814,1904,10.445933333331249,63.46666666666667,71.73951670220328,65.85222792021074,24.386111111111113,34291.0,0.0,0.03864868309260833
deadline_satisfaction,AMRP,10014,0.8,3000,2823,2064,10.031659999998007,68.8,65.2221041445271,62.01529464687359,23.268055555555556,32624.0,2.0,0.04255195996663886
deadline_satisfaction,AMRP,10015,0.8,3000,2852,1798,10.666239999996717,59.93333333333333,78.91619915848527,64.22626407026762,25.169444444444444,35368.0,0.0,0.05179820700896495
deadline_satisfaction,AMRP,10016,0.8,3000,2824,1696,10.848879999997951,56.53333333333333,83.92067988668555,61.10258470483086,25.948611111111113,36571.0,3.0,0.060659483454398706
deadline_satisfaction,AMRP,10017,0.8,3000,2839,1775,10.794146666664465,59.166666666666664,81.0972173300458,62.29642339888335,25.606944444444444,36015.0,4.0,0.046014497528830314
deadline_satisfaction,AMRP,10018,0.8,3000,2787,2010,10.021699999997642,67.0,67.82059562253319,62.33119633906118,23.084027777777777,32303.0,13.0,0.03951164889253487
deadline_satisfaction,AMRP,10019,0.8,3000,2921,1828,10.803779999998435,60.93333333333333,73.71037315987675,66.07059616967678,25.474305555555556,35872.0,0.0,0.03623322175732217
deadline_satisfaction,AMRP,10020,0.8,3000,2828,2044,10.152653333331024,68.13333333333334,63.373408769448375,69.6020318801009,23.457638888888887,32923.0,0.0,0.03993101104502974
deadline_satisfaction,AMRP,10021,0.8,3000,2804,1881,10.139473333330994,62.7,70.11554921540656,62.9837414591627,23.92152777777778,33611.0,2.0,0.05879151670951157
deadline_satisfaction,AMRP,10022,0.8,3000,2844,1992,10.477946666663446,66.4,71.21624472573839,62.03197736476692,24.15,33788.0,3.0,0.034558257261410784
deadline_satisfaction,AMRP,10023,0.8,3000,2785,1748,10.24501333333105,58.266666666666666,76.43734290843805,59.91471964043627,24.483333333333334,34461.0,8.0,0.030527572016460905
deadline_satisfaction,AMRP,10024,0.8,3000,2849,2019,10.492773333331261,67.3,70.38504738504739,65.77620655851959,24.149305555555557,33855.0,1.0,0.04116998355263158
deadline_satisfaction,AMRP,10025,0.8,3000,2854,1837,10.587546666665126,61.233333333333334,76.67834618079888,64.28974463111489,24.84375,34933.0,0.0,0.04311821998320739
deadline_satisfaction,AMRP,10026,0.8,3000,2853,1856,10.987253333331715,61.86666666666667,76.9453207150368,65.91710533853586,25.552777777777777,35921.0,0.0,0.04595065146579804
deadline_satisfaction,AMRP,10027,0.8,3000,2844,1756,10.85863999999784,58.53333333333333,84.76160337552743,67.90611735826461,25.68888888888889,36149.0,0.0,0.02509230769230769
deadline_satisfaction,AMRP,10028,0.8,3000,2798,1823,10.127706666664054,60.766666666666666,76.41493924231594,57.884642704929675,24.007638888888888,33685.0,9.0,0.02303363047001621
deadline_satisfaction,AMRP,10029,0.8,3000,2827,2105,10.133653333330528,70.16666666666667,63.888220728687656,60.49574135122308,22.976388888888888,32114.0,6.0,0.029861726384364823
deadline_satisfaction,BADP,10000,0.8,3000,2930,2930,7.562613333332763,97.66666666666667,2.208532423208191,82.69130467178303,3.2895833333333333,0.0,4721.0,0.008946923076923076
deadline_satisfaction,BADP,10001,0.8,3000,2978,2978,7.863626666666062,99.26666666666667,2.166218938885158,79.70162351908732,3.4194444444444443,2.0,4910.0,0.005716886326194399
deadline_satisfaction,BADP,10002,0.8,3000,3000,3000,7.654719999999418,100.0,2.1456666666666666,79.71052631578948,3.3291666666666666,3.0,4779.0,0.00801841890790546
deadline_satisfaction,BADP,10003,0.8,3000,2999,2999,7.8581866666660645,99.96666666666667,2.431143714571524,79.75492341356674,3.4194444444444443,0.0,4904.0,0.0051720871751886
deadline_satisfaction,BADP,10004,0.8,3000,2940,2940,7.58021333333276,98.0,2.0329931972789117,79.71942130644454,3.297222222222222,4.0,4732.0,0.01099308072487644
deadline_satisfaction,BADP,10005,0.8,3000,2999,2999,7.916213333332723,99.96666666666667,2.2160720240080027,79.71942130644454,3.4430555555555555,3.0,4942.0,0.004818377483443708
deadline_satisfaction,BADP,10006,0.8,3000,2999,2999,7.779039999999405,99.96666666666667,2.1150383461153717,79.68379446640316,3.3819444444444446,0.0,4858.0,0.007134228187919462
deadline_satisfaction,BADP,10007,0.8,3000,2988,2988,7.683039999999416,99.6,2.1854082998661313,79.68379446640316,3.3402777777777777,0.0,4798.0,0.005597039473684211
deadline_satisfaction,BADP,10008,0.8,3000,2992,2992,7.708426666666079,99.73333333333333,2.0962566844919786,79.70162351908732,3.3520833333333333,1.0,4813.0,0.0054359375
deadline_satisfaction,BADP,10009,0.8,3000,2993,2993,7.702399999999416,99.76666666666667,2.673237554293351,79.86945169712794,3.3569444444444443,2.0,4801.0,0.0067884485666104555
deadline_satisfaction,BADP,10010,0.8,3000,2999,2999,7.885599999999393,99.96666666666667,2.179726575525175,79.73718791064388,3.4305555555555554,5.0,4922.0,0.008421803278688524
deadline_satisfaction,BADP,10011,0.8,3000,2960,2960,7.633333333332756,98.66666666666667,2.7476351351351354,79.82555604012211,3.325,1.0,4760.0,0.016006689536878213
deadline_satisfaction,BADP,10012,0.8,3000,3000,3000,7.974239999999384,100.0,2.252,79.68379446640316,3.466666666666667,0.0,4980.0,0.0139473063973064
deadline_satisfaction,BADP,10013,0.8,3000,2997,2997,7.707679999999416,99.9,3.0457123790457126,82.81931809777385,3.3604166666666666,1.0,4803.0,0.011353355989804588
deadline_satisfaction,BADP,10014,0.8,3000,2991,2991,7.6846399999994155,99.7,2.0407890337679704,79.68379446640316,3.3409722222222222,0.0,4799.0,0.006746705587989991
deadline_satisfaction,BADP,10015,0.8,3000,3000,3000,7.865013333332729,100.0,2.1483333333333334,79.71942130644454,3.421527777777778,5.0,4910.0,0.007764710676446618
deadline_satisfaction,BADP,10016,0.8,3000,2999,2999,7.91983999999939,99.96666666666667,2.093031010336779,79.68379446640316,3.4430555555555555,0.0,4946.0,0.013859725585149314
deadline_satisfaction,BADP,10017,0.8,3000,2999,2999,7.872533333332727,99.96666666666667,2.0883627875958655,79.69271290605795,3.423611111111111,2.0,4916.0,0.00724341021416804
deadline_satisfaction,BADP,10018,0.8,3000,2967,2967,7.801439999999403,98.9,2.071789686552073,79.68379446640316,3.3916666666666666,0.0,4872.0,0.006105906480721904
deadline_satisfaction,BADP,10019,0.8,3000,2999,2999,7.573119999999427,99.96666666666667,2.2427475825275094,79.71052631578948,3.29375,2.0,4728.0,0.011454644351464436
deadline_satisfaction,BADP,10020,0.8,3000,2992,2992,7.7441066666660765,99.73333333333333,2.4318181818181817,79.72830850131464,3.36875,0.0,4834.0,0.014739422259983006
deadline_satisfaction,BADP,10021,0.8,3000,2992,2992,7.638773333332761,99.73333333333333,3.0768716577540105,81.59294846343207,3.3368055555555554,3.0,4753.0,0.011802142245072835
deadline_satisfaction,BADP,10022,0.8,3000,2993,2993,7.857493333332729,99.76666666666667,2.254594052789843,79.7460595446585,3.4194444444444443,6.0,4904.0,0.014512448132780083
deadline_satisfaction,BADP,10023,0.8,3000,2981,2981,7.660639999999418,99.36666666666666,2.045622274404562,79.68379446640316,3.3305555555555557,0.0,4784.0,0.013227160493827161
deadline_satisfaction,BADP,10024,0.8,3000,2999,2999,7.842826666666065,99.96666666666667,2.1570523507835944,79.70162351908732,3.410416666666667,0.0,4897.0,0.01018873355263158
deadline_satisfaction,BADP,10025,0.8,3000,2999,2999,7.6627199999994176,99.96666666666667,2.211403801267089,79.71052631578948,3.332638888888889,1.0,4784.0,0.006811922753988245
deadline_satisfaction,BADP,10026,0.8,3000,3000,3000,8.084639999999371,100.0,2.0933333333333333,79.68379446640316,3.5145833333333334,0.0,5049.0,0.007867589576547231
deadline_satisfaction,BADP,10027,0.8,3000,2999,2999,7.890666666666059,99.96666666666667,2.3604534844948315,79.78146853146853,3.435416666666667,6.0,4923.0,0.006940050167224081
deadline_satisfaction,BADP,10028,0.8,3000,2979,2979,7.639626666666087,99.3,2.040281973816717,79.70162351908732,3.3222222222222224,2.0,4770.0,0.01159611021069692
deadline_satisfaction,BADP,10029,0.8,3000,2979,2979,7.855839999999397,99.3,2.046659953004364,79.68379446640316,3.415277777777778,0.0,4906.0,0.0049685667752443
deadline_satisfaction,BADP_PLUS,10000,0.8,3000,2930,2930,7.561226666666096,97.66666666666667,2.207508532423208,82.67839832972933,3.2881944444444446,0.0,4721.0,0.06458957264957264
deadline_satisfaction,BADP_PLUS,10001,0.8,3000,2978,2978,7.863839999999396,99.26666666666667,2.1655473472128945,79.68379446640316,3.41875,0.0,4911.0,0.059167792421746294
deadline_satisfaction,BADP_PLUS,10002,0.8,3000,3000,3000,7.652639999999419,100.0,2.145,79.68379446640316,3.3270833333333334,0.0,4779.0,0.06121654441727792
deadline_satisfaction,BADP_PLUS,10003,0.8,3000,2999,2999,7.852639999999397,99.96666666666667,2.444148049349783,79.68379446640316,3.4138888888888888,0.0,4904.0,0.056116093880972336
deadline_satisfaction,BADP_PLUS,10004,0.8,3000,2940,2940,7.580639999999427,98.0,2.0316326530612243,79.68379446640316,3.2958333333333334,0.0,4734.0,0.06632990115321252
deadline_satisfaction,BADP_PLUS,10005,0.8,3000,2999,2999,7.91663999999939,99.96666666666667,2.215738579526509,79.68379446640316,3.441666666666667,0.0,4944.0,0.03448402317880795
deadline_satisfaction,BADP_PLUS,10006,0.8,3000,2999,2999,7.779039999999405,99.96666666666667,2.1150383461153717,79.68379446640316,3.3819444444444446,0.0,4858.0,0.07644647651006711
deadline_satisfaction,BADP_PLUS,10007,0.8,3000,2988,2988,7.683039999999416,99.6,2.1854082998661313,79.68379446640316,3.3402777777777777,0.0,4798.0,0.0439796875
deadline_satisfaction,BADP_PLUS,10008,0.8,3000,2992,2992,7.707039999999413,99.73333333333333,2.0955882352941178,79.68379446640316,3.3506944444444446,0.0,4813.0,0.06682171052631579
deadline_satisfaction,BADP_PLUS,10009,0.8,3000,2993,2993,7.696879999999414,99.76666666666667,2.7079852990310727,82.01790073230266,3.3472222222222223,0.0,4806.0,0.04317225969645869
deadline_satisfaction,BADP_PLUS,10010,0.8,3000,2999,2999,7.8846399999993935,99.96666666666667,2.186395465155052,79.68379446640316,3.4277777777777776,0.0,4924.0,0.03814590163934426
deadline_satisfaction,BADP_PLUS,10011,0.8,3000,2960,2960,7.628426666666088,98.66666666666667,2.764864864864865,82.67839832972933,3.3180555555555555,0.0,4763.0,0.06971878216123499
deadline_satisfaction,BADP_PLUS,10012,0.8,3000,3000,3000,7.974239999999384,100.0,2.252,79.68379446640316,3.466666666666667,0.0,4980.0,0.08774705387205387
deadline_satisfaction,BADP_PLUS,10013,0.8,3000,2997,2997,7.696799999999415,99.9,3.058058058058058,86.58306132966842,3.3493055555555555,0.0,4804.0,0.09171639762107052
deadline_satisfaction,BADP_PLUS,10014,0.8,3000,2991,2991,7.6846399999994155,99.7,2.0407890337679704,79.68379446640316,3.3409722222222222,0.0,4799.0,0.07325429524603837
deadline_satisfaction,BADP_PLUS,10015,0.8,3000,3000,3000,7.862239999999396,100.0,2.1513333333333335,79.68379446640316,3.4180555555555556,0.0,4910.0,0.06792224938875305
deadline_satisfaction,BADP_PLUS,10016,0.8,3000,2999,2999,7.91983999999939,99.96666666666667,2.093031010336779,79.68379446640316,3.4430555555555555,0.0,4946.0,0.06364196933010492
deadline_satisfaction,BADP_PLUS,10017,0.8,3000,2999,2999,7.871839999999395,99.96666666666667,2.0876958986328775,79.68379446640316,3.422222222222222,0.0,4916.0,0.07190345963756178
deadline_satisfaction,BADP_PLUS,10018,0.8,3000,2967,2967,7.801439999999403,98.9,2.071789686552073,79.68379446640316,3.3916666666666666,0.0,4872.0,0.06550369155045119
deadline_satisfaction,BADP_PLUS,10019,0.8,3000,2999,2999,7.571039999999428,99.96666666666667,2.242414138046015,79.68379446640316,3.2916666666666665,0.0,4728.0,0.06382828451882845
deadline_satisfaction,BADP_PLUS,10020,0.8,3000,2992,2992,7.742239999999409,99.73333333333333,2.4338235294117645,79.68379446640316,3.365972222222222,0.0,4835.0,0.062361257434154625
deadline_satisfaction,BADP_PLUS,10021,0.8,3000,2992,2992,7.666613333332751,99.73333333333333,2.7984625668449197,84.88695990153526,3.3354166666666667,0.0,4786.0,0.0892095972579263
deadline_satisfaction,BADP_PLUS,10022,0.8,3000,2993,2993,7.858133333332729,99.76666666666667,2.258269295021717,81.30343603807064,3.4166666666666665,0.0,4907.0,0.0773197510373444
deadline_satisfaction,BADP_PLUS,10023,0.8,3000,2981,2981,7.660639999999418,99.36666666666666,2.045622274404562,79.68379446640316,3.3305555555555557,0.0,4784.0,0.05888666666666667
deadline_satisfaction,BADP_PLUS,10024,0.8,3000,2999,2999,7.843039999999398,99.96666666666667,2.1603867955985327,79.68379446640316,3.4097222222222223,0.0,4898.0,0.0633611019736842
deadline_satisfaction,BADP_PLUS,10025,0.8,3000,2999,2999,7.663839999999418,99.96666666666667,2.2124041347115706,79.68379446640316,3.3319444444444444,0.0,4786.0,0.06356784214945424
deadline_satisfaction,BADP_PLUS,10026,0.8,3000,3000,3000,8.084639999999371,100.0,2.0933333333333333,79.68379446640316,3.5145833333333334,0.0,5049.0,0.07122516286644952
deadline_satisfaction,BADP_PLUS,10027,0.8,3000,2999,2999,7.930613333332722,99.96666666666667,2.280426808936312,84.88695990153526,3.4493055555555556,0.0,4951.0,0.04634590301003344
deadline_satisfaction,BADP_PLUS,10028,0.8,3000,2979,2979,7.63983999999942,99.3,2.039610607586438,79.68379446640316,3.321527777777778,0.0,4771.0,0.06822925445705025
deadline_satisfaction,BADP_PLUS,10029,0.8,3000,2979,2979,7.855839999999397,99.3,2.046659953004364,79.68379446640316,3.415277777777778,0.0,4906.0,0.05530195439739413
deadline_satisfaction,CDASCALER,10000,0.8,3000,2752,1449,9.323886666665075,48.3,68.42623546511628,99.90816197455221,20.811805555555555,29010.0,733.0,0.01859
deadline_satisfaction,CDASCALER,10001,0.8,3000,2817,1583,9.89954666666404,52.766666666666666,73.20234291799787,99.92972483368212,22.363888888888887,31722.0,233.0,0.025385667215815488
deadline_satisfaction,CDASCALER,10002,0.8,3000,2874,1737,9.942079999997297,57.9,71.45755045233125,99.93058126619772,22.48611111111111,31812.0,174.0,0.030220374898125506
deadline_satisfaction,CDASCALER,10003,0.8,3000,2876,2002,10.153639999997425,66.73333333333333,61.76668984700974,99.8950298687737,22.25486111111111,31328.0,81.0,0.014976026823134952
deadline_satisfaction,CDASCALER,10004,0.8,3000,2768,2082,9.776346666663752,69.4,64.40534682080924,99.81573716302236,22.321527777777778,31155.0,13.0,0.03226161449752883
deadline_satisfaction,CDASCALER,10005,0.8,3000,2881,2254,10.404159999997175,75.13333333333334,60.3120444290177,54.0472978224902,23.040972222222223,32144.0,0.0,0.03052408940397351
deadline_satisfaction,CDASCALER,10006,0.8,3000,2875,1919,9.919199999997609,63.96666666666667,67.98434782608696,99.92148706462358,22.068055555555556,31507.0,44.0,0.019622147651006713
deadline_satisfaction,CDASCALER,10007,0.8,3000,2847,2191,10.031439999997168,73.03333333333333,61.22374429223744,70.80589091151415,22.635416666666668,31590.0,3.0,0.021375
deadline_satisfaction,CDASCALER,10008,0.8,3000,2860,1832,9.838719999997135,61.06666666666667,70.31608391608391,99.92924528301889,22.177777777777777,31323.0,242.0,0.012861595394736842
deadline_satisfaction,CDASCALER,10009,0.8,3000,2866,1658,10.068693333330133,55.266666666666666,71.80041870202372,99.91461339341355,22.275,31273.0,306.0,0.018917622259696457
deadline_satisfaction,CDASCALER,10010,0.8,3000,2876,2244,10.35631999999692,74.8,63.39673157162726,56.73937714675504,23.020833333333332,32074.0,0.0,0.036361475409836065
deadline_satisfaction,CDASCALER,10011,0.8,3000,2787,1392,9.696666666664498,46.4,68.4151417294582,99.88557536274097,21.45347222222222,30198.0,452.0,0.01660780445969125
deadline_satisfaction,CDASCALER,10012,0.8,3000,2873,1287,10.415199999996961,42.9,78.76992690567351,99.93005036373812,22.605555555555554,31777.0,523.0,0.04693291245791246
deadline_satisfaction,CDASCALER,10013,0.8,3000,2865,1883,9.889933333330514,62.766666666666666,65.89389179755672,99.92272953620552,21.35625,29571.0,855.0,0.011663806287170774
deadline_satisfaction,CDASCALER,10014,0.8,3000,2857,1107,9.72960666666422,36.9,75.52607630381519,99.92511295462678,21.4125,30189.0,554.0,0.015525771476230193
deadline_satisfaction,CDASCALER,10015,0.8,3000,2877,2199,10.30050666666338,73.3,62.937087243656585,49.66887161833855,22.988194444444446,32055.0,0.0,0.045869356153219236
deadline_satisfaction,CDASCALER,10016,0.8,3000,2876,2250,10.238053333330434,75.0,61.08796940194715,99.89672912989599,22.695138888888888,31667.0,3.0,0.01884769975786925
deadline_satisfaction,CDASCALER,10017,0.8,3000,2881,1366,10.113839999997264,45.53333333333333,74.61506421381465,99.92926530227295,22.127777777777776,31185.0,412.0,0.014793327841845139
deadline_satisfaction,CDASCALER,10018,0.8,3000,2823,1705,9.826926666664107,56.833333333333336,68.29117959617429,99.92466163078358,22.061805555555555,31215.0,166.0,0.0160532403609516
deadline_satisfaction,CDASCALER,10019,0.8,3000,2886,1626,9.982513333330733,54.2,68.66250866250866,99.91130123989234,22.219444444444445,31325.0,121.0,0.016309874476987448
deadline_satisfaction,CDASCALER,10020,0.8,3000,2826,1342,9.714999999997897,44.733333333333334,69.19143665958953,99.92154401380827,21.04513888888889,29364.0,841.0,0.016419456244689892
deadline_satisfaction,CDASCALER,10021,0.8,3000,2839,1653,9.78365333333098,55.1,67.95773159563227,99.90999412593243,21.440277777777776,30001.0,499.0,0.014029134532990574
deadline_satisfaction,CDASCALER,10022,0.8,3000,2866,2208,10.291093333330055,73.6,62.650383810188416,45.98716613455847,22.988888888888887,32044.0,3.0,0.055051701244813275
deadline_satisfaction,CDASCALER,10023,0.8,3000,2845,1757,9.709933333330765,58.56666666666667,67.60597539543058,99.92799654383411,21.670833333333334,30669.0,281.0,0.010017695473251029
deadline_satisfaction,CDASCALER,10024,0.8,3000,2889,1437,10.179199999997197,47.9,76.75700934579439,99.92824339839267,22.2,31161.0,551.0,0.015627302631578948
deadline_satisfaction,CDASCALER,10025,0.8,3000,2877,2253,9.99838666666421,75.1,60.98540145985402,99.9081752299151,22.252777777777776,31369.0,0.0,0.023007724601175485
deadline_satisfaction,CDASCALER,10026,0.8,3000,2867,2257,10.457199999997062,75.23333333333333,60.153819323334496,98.86771170022811,22.98611111111111,32028.0,0.0,0.015177768729641694
deadline_satisfaction,CDASCALER,10027,0.8,3000,2881,2230,10.370186666663514,74.33333333333333,63.86428323498785,35.38284664410873,23.13125,32255.0,0.0,0.05118311036789298
deadline_satisfaction,CDASCALER,10028,0.8,3000,2838,1679,9.780079999997135,55.96666666666667,72.76250880902043,99.92897054645327,22.154166666666665,31235.0,232.0,0.0186935170178282
deadline_satisfaction,CDASCALER,10029,0.8,3000,2825,1565,9.796959999997517,52.166666666666664,71.55433628318585,99.92367886558759,21.935416666666665,31131.0,238.0,0.009349837133550488
deadline_satisfaction,CEDULE,10000,0.8,3000,2926,2926,6.9570666666661625,97.53333333333333,18.938140806561858,44.346678398592154,3.0215277777777776,4.0,4346.0,0.008896923076923077
deadline_satisfaction,CEDULE,10001,0.8,3000,2978,2978,7.146293333332808,99.26666666666667,19.61517797179315,8.88497135301895,3.1020833333333333,0.0,4466.0,0.00387166392092257
deadline_satisfaction,CEDULE,10002,0.8,3000,3000,3000,6.956799999999495,100.0,19.203333333333333,0.0,3.0194444444444444,0.0,4348.0,0.006001385493072535
deadline_satisfaction,CEDULE,10003,0.8,3000,2999,2999,7.246399999999463,99.96666666666667,20.180726908969657,0.0,3.145138888888889,0.0,4529.0,0.006563453478625314
deadline_satisfaction,CEDULE,10004,0.8,3000,2940,2940,6.875199999999504,98.0,18.543197278911563,0.0,2.984027777777778,0.0,4297.0,0.005860214168039539
deadline_satisfaction,CEDULE,10005,0.8,3000,2999,2999,7.227199999999465,99.96666666666667,20.384128042680892,0.0,3.1368055555555556,0.0,4517.0,0.003341721854304636
deadline_satisfaction,CEDULE,10006,0.8,3000,2999,2999,7.113599999999478,99.96666666666667,19.852284094698234,0.0,3.0875,0.0,4446.0,0.006204446308724832
deadline_satisfaction,CEDULE,10007,0.8,3000,2988,2988,7.054399999999484,99.6,19.173360107095046,0.0,3.0618055555555554,0.0,4409.0,0.005515707236842105
deadline_satisfaction,CEDULE,10008,0.8,3000,2992,2992,6.981493333332826,99.73333333333333,19.357954545454547,8.88497135301895,3.0305555555555554,0.0,4363.0,0.004982319078947368
deadline_satisfaction,CEDULE,10009,0.8,3000,2993,2993,7.147813333332809,99.76666666666667,20.254259939859672,39.94721794589839,3.104861111111111,1.0,4465.0,0.007939629005059021
deadline_satisfaction,CEDULE,10010,0.8,3000,2999,2999,7.116799999999477,99.96666666666667,20.68856285428476,0.0,3.088888888888889,0.0,4448.0,0.009846065573770492
deadline_satisfaction,CEDULE,10011,0.8,3000,2960,2960,7.210986666666134,98.66666666666667,20.171283783783785,17.76211453744493,3.1305555555555555,0.0,4506.0,0.006935934819897085
deadline_satisfaction,CEDULE,10012,0.8,3000,3000,3000,7.375999999999449,100.0,21.175333333333334,0.0,3.201388888888889,0.0,4610.0,0.010953703703703703
deadline_satisfaction,CEDULE,10013,0.8,3000,2997,2997,7.152959999999474,99.9,19.89522856189523,53.19261213720316,3.1069444444444443,0.0,4468.0,0.0071824978759558195
deadline_satisfaction,CEDULE,10014,0.8,3000,2991,2991,6.983999999999492,99.7,19.672684720829153,0.0,3.03125,0.0,4365.0,0.008189574645537948
deadline_satisfaction,CEDULE,10015,0.8,3000,3000,3000,7.1695999999994715,100.0,20.177,0.0,3.1118055555555557,0.0,4481.0,0.008012632436837816
deadline_satisfaction,CEDULE,10016,0.8,3000,2999,2999,7.123199999999477,99.96666666666667,20.15638546182061,0.0,3.091666666666667,0.0,4452.0,0.01114729620661824
deadline_satisfaction,CEDULE,10017,0.8,3000,2999,2999,7.159999999999473,99.96666666666667,20.388796265421806,0.0,3.107638888888889,0.0,4475.0,0.01510494233937397
deadline_satisfaction,CEDULE,10018,0.8,3000,2967,2967,7.063999999999483,98.9,19.501516683518705,0.0,3.0659722222222223,0.0,4415.0,0.007123872026251025
deadline_satisfaction,CEDULE,10019,0.8,3000,2999,2999,6.971199999999493,99.96666666666667,19.64421473824608,0.0,3.0256944444444445,0.0,4357.0,0.006908033472803348
deadline_satisfaction,CEDULE,10020,0.8,3000,2992,2992,7.141279999999475,99.73333333333333,20.15307486631016,26.63143989431968,3.1006944444444446,0.0,4462.0,0.009169668649107902
deadline_satisfaction,CEDULE,10021,0.8,3000,2992,2992,7.114293333332811,99.73333333333333,19.86664438502674,8.88497135301895,3.0881944444444445,0.0,4446.0,0.007208826049700085
deadline_satisfaction,CEDULE,10022,0.8,3000,2993,2993,7.200693333332802,99.76666666666667,19.583695289007686,8.88497135301895,3.1256944444444446,0.0,4500.0,0.005186058091286307
deadline_satisfaction,CEDULE,10023,0.8,3000,2981,2981,6.967999999999494,99.36666666666666,19.414625964441463,0.0,3.0243055555555554,0.0,4355.0,0.008223621399176954
deadline_satisfaction,CEDULE,10024,0.8,3000,2999,2999,7.18079999999947,99.96666666666667,20.069356452150718,0.0,3.1166666666666667,0.0,4488.0,0.00998231907894737
deadline_satisfaction,CEDULE,10025,0.8,3000,2999,2999,7.047999999999485,99.96666666666667,20.319773257752583,0.0,3.0590277777777777,0.0,4405.0,0.007604785894206549
deadline_satisfaction,CEDULE,10026,0.8,3000,3000,3000,7.27519999999946,100.0,20.54,0.0,3.157638888888889,0.0,4547.0,0.010513436482084691
deadline_satisfaction,CEDULE,10027,0.8,3000,2999,2999,7.140799999999475,99.96666666666667,20.601867289096365,0.0,3.0993055555555555,0.0,4463.0,0.0047438127090301
deadline_satisfaction,CEDULE,10028,0.8,3000,2979,2979,6.952693333332829,99.3,19.24840550520309,8.88497135301895,3.0180555555555557,0.0,4345.0,0.006942787682333873
deadline_satisfaction,CEDULE,10029,0.8,3000,2979,2979,7.163199999999472,99.3,19.545820745216517,0.0,3.109027777777778,0.0,4477.0,0.004738192182410424
deadline_satisfaction,CEMA,10000,0.8,3000,2744,1211,9.034333333331894,40.36666666666667,75.95954810495627,99.88497200985574,20.354166666666668,28638.0,655.0,0.016396068376068374
deadline_satisfaction,CEMA,10001,0.8,3000,2819,1025,9.78265999999744,34.166666666666664,82.95636750620787,99.92300427876224,22.033333333333335,31419.0,290.0,0.02561029654036244
deadline_satisfaction,CEMA,10002,0.8,3000,2860,1307,9.708713333330778,43.56666666666667,80.96573426573427,99.92878789077646,22.09027777777778,31578.0,205.0,0.011517114914425428
deadline_satisfaction,CEMA,10003,0.8,3000,2861,1320,9.726379999997489,44.0,77.19713386927647,99.92349085715745,21.049305555555556,29604.0,690.0,0.013719111483654654
deadline_satisfaction,CEMA,10004,0.8,3000,2764,1104,9.39457999999759,36.8,80.13784370477569,99.9148516410338,21.530555555555555,30695.0,286.0,0.0104833607907743
deadline_satisfaction,CEMA,10005,0.8,3000,2871,1176,9.96151333333067,39.2,81.90874259839777,99.92824282627589,22.04722222222222,31312.0,415.0,0.0083442880794702
deadline_satisfaction,CEMA,10006,0.8,3000,2866,1008,9.716933333330946,33.6,79.98185624563853,99.92510236010787,21.198611111111113,29963.0,547.0,0.012958473154362417
deadline_satisfaction,CEMA,10007,0.8,3000,2844,1277,9.674459999997353,42.56666666666667,78.77777777777777,99.92767424479858,21.823611111111113,31123.0,289.0,0.009178700657894737
deadline_satisfaction,CEMA,10008,0.8,3000,2844,1599,9.574146666664042,53.3,77.82841068917018,99.9219936512384,21.743055555555557,31046.0,249.0,0.010397697368421051
deadline_satisfaction,CEMA,10009,0.8,3000,2846,1479,9.609006666663708,49.3,78.23576950105411,99.92422392671612,21.4,30230.0,555.0,0.011527150084317032
deadline_satisfaction,CEMA,10010,0.8,3000,2861,954,10.022553333330452,31.8,84.48444599790282,99.93005634350108,22.288888888888888,31802.0,277.0,0.010672950819672131
deadline_satisfaction,CEMA,10011,0.8,3000,2792,1441,9.099739999998494,48.03333333333333,72.78330945558739,99.89656993233497,20.184722222222224,28078.0,962.0,0.013169210977701544
deadline_satisfaction,CEMA,10012,0.8,3000,2857,1102,10.100673333330526,36.733333333333334,85.66643332166608,99.92825312298213,22.146527777777777,31374.0,501.0,0.018336700336700335
deadline_satisfaction,CEMA,10013,0.8,3000,2848,1629,9.476006666664123,54.3,72.79389044943821,99.92042510676298,20.770138888888887,29110.0,779.0,0.01171733220050977
deadline_satisfaction,CEMA,10014,0.8,3000,2844,907,9.472353333331128,30.233333333333334,79.37763713080169,99.92374496928618,20.991666666666667,29701.0,510.0,0.016522768974145122
deadline_satisfaction,CEMA,10015,0.8,3000,2866,1347,9.935799999996984,44.9,81.14480111653873,99.9299032665078,22.273611111111112,31818.0,238.0,0.01137163814180929
deadline_satisfaction,CEMA,10016,0.8,3000,2855,1241,9.851099999997363,41.36666666666667,79.8353765323993,99.92861052280895,21.829166666666666,31100.0,311.0,0.014906618240516546
deadline_satisfaction,CEMA,10017,0.8,3000,2865,1029,9.853839999997481,34.3,80.46980802792321,99.92769690542757,21.656944444444445,30773.0,399.0,0.010483855024711696
deadline_satisfaction,CEMA,10018,0.8,3000,2807,1362,9.535393333331083,45.4,76.92055575347347,99.91603468242891,21.483333333333334,30644.0,279.0,0.011574323215750614
deadline_satisfaction,CEMA,10019,0.8,3000,2865,1306,9.593159999997564,43.53333333333333,77.32670157068063,99.92506369585853,21.31736111111111,30197.0,473.0,0.016282510460251046
deadline_satisfaction,CEMA,10020,0.8,3000,2825,1137,9.38367333333142,37.9,74.60566371681416,99.92038991251738,20.573611111111113,28878.0,724.0,0.010437553101104504
deadline_satisfaction,CEMA,10021,0.8,3000,2828,1602,9.253973333331487,53.4,72.84193776520509,99.91999715545441,20.509722222222223,28842.0,673.0,0.011102142245072838
deadline_satisfaction,CEMA,10022,0.8,3000,2858,1099,9.938473333330418,36.63333333333333,82.88488453463961,99.92867954133021,22.189583333333335,31576.0,359.0,0.010619170124481327
deadline_satisfaction,CEMA,10023,0.8,3000,2828,1295,9.476793333330969,43.166666666666664,74.70968882602546,99.92058333968127,21.177083333333332,30170.0,309.0,0.006436296296296297
deadline_satisfaction,CEMA,10024,0.8,3000,2873,1147,9.841159999997473,38.233333333333334,82.22311172989906,99.9268185588135,21.738888888888887,30812.0,472.0,0.014960115131578949
deadline_satisfaction,CEMA,10025,0.8,3000,2866,1139,9.588659999997635,37.96666666666667,78.63817166782972,99.924753567935,21.169444444444444,29974.0,497.0,0.016406717044500422
deadline_satisfaction,CEMA,10026,0.8,3000,2855,848,10.091313333330561,28.266666666666666,82.49316987740805,99.92914111153978,22.099305555555556,31398.0,410.0,0.017161482084690555
deadline_satisfaction,CEMA,10027,0.8,3000,2870,1535,9.924733333330446,51.166666666666664,81.66829268292683,99.92938628838641,22.31736111111111,31826.0,282.0,0.009782357859531772
deadline_satisfaction,CEMA,10028,0.8,3000,2834,1321,9.537773333330614,44.03333333333333,79.95271700776289,99.92727037641622,21.752083333333335,31064.0,241.0,0.008919205834683953
deadline_satisfaction,CEMA,10029,0.8,3000,2818,1220,9.658906666664334,40.666666666666664,78.7374024130589,99.9272997512036,21.488888888888887,30614.0,314.0,0.008403664495114005
deadline_satisfaction,EDF,10000,0.8,3000,2904,2839,8.310733333332744,94.63333333333334,4.1735537190082646,99.11133625212577,7.398611111111111,6621.0,3183.0,0.019881025641025642
deadline_satisfaction,EDF,10001,0.8,3000,2969,2915,8.612833333332649,97.16666666666667,4.216234422364432,98.76484136478066,7.582638888888889,6757.0,3332.0,0.01638163097199341
deadline_satisfaction,EDF,10002,0.8,3000,2998,2922,8.399379999999333,97.4,4.3232154769846565,99.8399231631183,7.826388888888889,7240.0,3187.0,0.02066845965770171
deadline_satisfaction,EDF,10003,0.8,3000,2998,2941,8.631799999999195,98.03333333333333,4.086390927284857,92.60020925785619,7.432638888888889,6494.0,3375.0,0.01147929589270746
deadline_satisfaction,EDF,10004,0.8,3000,2917,2863,8.29354666666606,95.43333333333334,4.0929036681522115,98.40073320450152,7.357638888888889,6539.0,3204.0,0.02198673805601318
deadline_satisfaction,EDF,10005,0.8,3000,2995,2946,8.663473333332558,98.2,4.198330550918197,98.74902804650911,7.631944444444445,6751.0,3402.0,0.020411920529801324
deadline_satisfaction,EDF,10006,0.8,3000,2995,2938,8.519153333332657,97.93333333333334,4.066444073455759,90.43087744611778,7.4375,6548.0,3304.0,0.008483053691275168
deadline_satisfaction,EDF,10007,0.8,3000,2979,2913,8.423626666666008,97.1,4.181940248405505,92.59994227161206,7.509027777777778,6738.0,3245.0,0.010217763157894737
deadline_satisfaction,EDF,10008,0.8,3000,2985,2915,8.425953333332636,97.16666666666667,4.218760469011725,94.85597657289911,7.615972222222222,6930.0,3197.0,0.017635690789473683
deadline_satisfaction,EDF,10009,0.8,3000,2988,2919,8.561159999999235,97.3,4.260709504685408,94.49184174042871,7.639583333333333,6863.0,3286.0,0.028904721753794264
deadline_satisfaction,EDF,10010,0.8,3000,2997,2948,8.654406666665928,98.26666666666667,4.190857524190857,97.01729994192289,7.64375,6815.0,3314.0,0.010620409836065573
deadline_satisfaction,EDF,10011,0.8,3000,2941,2886,8.503646666666022,96.2,4.225773546412785,96.65576166899173,7.513194444444444,6718.0,3302.0,0.010386792452830189
deadline_satisfaction,EDF,10012,0.8,3000,2997,2942,8.769133333332487,98.06666666666666,4.145812479145812,96.60772452303397,7.665277777777778,6746.0,3437.0,0.023963047138047137
deadline_satisfaction,EDF,10013,0.8,3000,2992,2919,8.57981333333263,97.3,4.370655080213904,97.70426634485695,7.8,7126.0,3293.0,0.01799439252336449
deadline_satisfaction,EDF,10014,0.8,3000,2989,2926,8.362293333332673,97.53333333333333,4.129140180662429,93.1960582438594,7.44375,6644.0,3263.0,0.025412176814011676
deadline_satisfaction,EDF,10015,0.8,3000,2998,2929,8.582519999999198,97.63333333333334,4.122748498999333,97.62946673996701,7.527777777777778,6600.0,3391.0,0.013383863080684597
deadline_satisfaction,EDF,10016,0.8,3000,2997,2937,8.606253333332651,97.9,4.1791791791791795,92.67107378953011,7.560416666666667,6723.0,3330.0,0.0201727199354318
deadline_satisfaction,EDF,10017,0.8,3000,2997,2936,8.562839999999316,97.86666666666666,4.102435769102436,91.08712245120489,7.465972222222222,6556.0,3354.0,0.012337644151565075
deadline_satisfaction,EDF,10018,0.8,3000,2945,2888,8.463439999999292,96.26666666666667,4.138200339558574,97.66312594840667,7.483333333333333,6641.0,3274.0,0.023579245283018867
deadline_satisfaction,EDF,10019,0.8,3000,2997,2938,8.374893333332617,97.93333333333334,4.1534868201534865,94.77219436528264,7.519444444444445,6757.0,3214.0,0.022950041841004184
deadline_satisfaction,EDF,10020,0.8,3000,2986,2929,8.57545333333257,97.63333333333334,4.12357669122572,94.74832397173401,7.488888888888889,6591.0,3353.0,0.014477060322854715
deadline_satisfaction,EDF,10021,0.8,3000,2984,2919,8.522359999999315,97.3,4.266085790884718,94.82077123762554,7.573611111111111,6829.0,3278.0,0.01572176520994002
deadline_satisfaction,EDF,10022,0.8,3000,2984,2918,8.641939999999211,97.26666666666667,4.3002680965147455,98.77581355842226,7.738194444444445,6989.0,3323.0,0.012803485477178423
deadline_satisfaction,EDF,10023,0.8,3000,2970,2903,8.339539999999339,96.76666666666667,4.1030303030303035,92.55143360389316,7.424305555555556,6629.0,3212.0,0.017892181069958848
deadline_satisfaction,EDF,10024,0.8,3000,2996,2933,8.596819999999243,97.76666666666667,4.212283044058745,95.57351768146769,7.649305555555555,6896.0,3300.0,0.01591422697368421
deadline_satisfaction,EDF,10025,0.8,3000,2999,2941,8.46014666666595,98.03333333333333,4.197732577525842,95.16505967955841,7.610416666666667,6873.0,3248.0,0.018759445843828715
deadline_satisfaction,EDF,10026,0.8,3000,2996,2944,8.749426666665887,98.13333333333334,4.114485981308412,91.11875701713086,7.477083333333334,6497.0,3460.0,0.02240659609120521
deadline_satisfaction,EDF,10027,0.8,3000,2997,2922,8.638959999999235,97.4,4.559893226559893,99.84213849715849,8.022222222222222,7415.0,3294.0,0.0214309364548495
deadline_satisfaction,EDF,10028,0.8,3000,2971,2914,8.346319999999306,97.13333333333334,4.113766408616628,92.64083243631144,7.436805555555556,6665.0,3180.0,0.008828930307941654
deadline_satisfaction,EDF,10029,0.8,3000,2973,2908,8.533439999999317,96.93333333333334,4.087453750420451,89.58917104495038,7.450694444444444,6554.0,3347.0,0.015120276872964168
deadline_satisfaction,HPA,10000,0.8,3000,2748,1431,9.269219999998425,47.7,69.62117903930131,99.89713859815086,20.780555555555555,29013.0,701.0,0.010924102564102565
deadline_satisfaction,HPA,10001,0.8,3000,2818,1576,9.878413333330716,52.53333333333333,74.35237757274663,99.92963142504185,22.30902777777778,31657.0,229.0,0.014713673805601318
deadline_satisfaction,HPA,10002,0.8,3000,2871,1728,9.921346666663988,57.6,72.37095088819227,99.93052231777548,22.44236111111111,31770.0,167.0,0.01512713936430318
deadline_satisfaction,HPA,10003,0.8,3000,2876,1516,10.039973333330524,50.53333333333333,71.95201668984701,99.92484718928489,21.524305555555557,30079.0,771.0,0.010428164291701592
deadline_satisfaction,HPA,10004,0.8,3000,2789,2104,9.783346666663768,70.13333333333334,64.18393689494442,99.88823979049789,22.291666666666668,31095.0,32.0,0.019094316309719934
deadline_satisfaction,HPA,10005,0.8,3000,2880,2250,10.398613333330504,75.0,60.140277777777776,99.88189096376973,23.024305555555557,32143.0,0.0,0.013483526490066225
deadline_satisfaction,HPA,10006,0.8,3000,2874,1212,9.96511999999739,40.4,77.33194154488518,99.9264705882353,21.62013888888889,30393.0,581.0,0.013158305369127517
deadline_satisfaction,HPA,10007,0.8,3000,2846,2188,10.03715999999717,72.93333333333334,61.62508784258608,99.8950985120337,22.625694444444445,31576.0,3.0,0.010188157894736842
deadline_satisfaction,HPA,10008,0.8,3000,2859,1813,9.835146666663803,60.43333333333333,70.61594963273872,99.92929419898185,22.164583333333333,31311.0,235.0,0.01666957236842105
deadline_satisfaction,HPA,10009,0.8,3000,2864,1809,10.056346666663512,60.3,69.91305865921788,99.91574677916196,22.349305555555556,31441.0,201.0,0.014774451939291737
deadline_satisfaction,HPA,10010,0.8,3000,2874,2240,10.35302666666359,74.66666666666667,63.44154488517745,97.80160020815715,22.997222222222224,32039.0,0.0,0.010114016393442624
deadline_satisfaction,HPA,10011,0.8,3000,2790,1773,9.483006666664943,59.1,65.0236559139785,99.90431192147079,20.656944444444445,28422.0,1084.0,0.012675042881646654
deadline_satisfaction,HPA,10012,0.8,3000,2871,1278,10.384999999996998,42.6,79.43120863810519,99.92987049417927,22.552777777777777,31724.0,522.0,0.014918771043771045
deadline_satisfaction,HPA,10013,0.8,3000,2865,1882,9.86158666666387,62.733333333333334,66.40383944153578,99.92280641564457,21.355555555555554,29579.0,831.0,0.01381087510620221
deadline_satisfaction,HPA,10014,0.8,3000,2856,1108,9.696513333330909,36.93333333333333,76.1999299719888,99.92507055855737,21.385416666666668,30173.0,537.0,0.0185070058381985
deadline_satisfaction,HPA,10015,0.8,3000,2878,2200,10.28629333333005,73.33333333333333,63.694232105628906,96.85316966436486,22.94375,32033.0,0.0,0.01876894865525672
deadline_satisfaction,HPA,10016,0.8,3000,2874,2242,10.17461333333049,74.73333333333333,62.110647181628394,99.91404770493281,22.625,31767.0,3.0,0.01405770782889427
deadline_satisfaction,HPA,10017,0.8,3000,2881,1343,10.088306666663948,44.766666666666666,75.45331482124263,99.92920409672294,22.10763888888889,31163.0,402.0,0.012332372322899507
deadline_satisfaction,HPA,10018,0.8,3000,2820,1663,9.760073333330828,55.43333333333333,70.67765957446808,99.92324789832384,21.911805555555556,31011.0,254.0,0.014500656275635768
deadline_satisfaction,HPA,10019,0.8,3000,2885,1572,9.896126666663939,52.4,72.56117850953206,99.92683343224371,21.77638888888889,30611.0,505.0,0.026834142259414228
deadline_satisfaction,HPA,10020,0.8,3000,2828,1323,9.664279999997932,44.1,70.68069306930693,99.92139600691716,21.009722222222223,29337.0,821.0,0.011108156329651656
deadline_satisfaction,HPA,10021,0.8,3000,2823,1817,9.617393333331279,60.56666666666667,65.47786043216436,99.9215187003497,21.016666666666666,29110.0,782.0,0.009858611825192803
deadline_satisfaction,HPA,10022,0.8,3000,2864,2200,10.28485333333007,73.33333333333333,62.92981843575419,93.88712162632336,22.959027777777777,31983.0,3.0,0.017096016597510373
deadline_satisfaction,HPA,10023,0.8,3000,2845,1751,9.695946666664112,58.36666666666667,68.25202108963093,99.92793543014542,21.647916666666667,30645.0,278.0,0.011113991769547325
deadline_satisfaction,HPA,10024,0.8,3000,2886,1420,10.152186666663885,47.333333333333336,77.41580041580042,99.92814944914579,22.177083333333332,31148.0,543.0,0.01618248355263158
deadline_satisfaction,HPA,10025,0.8,3000,2874,1701,9.887013333330788,56.7,72.89665970772442,99.9262947554624,21.64027777777778,30359.0,548.0,0.016733669185558353
deadline_satisfaction,HPA,10026,0.8,3000,2873,2262,10.447146666663734,75.4,61.28123912286808,99.91141517662452,22.964583333333334,32078.0,0.0,0.01744454397394137
deadline_satisfaction,HPA,10027,0.8,3000,2882,2222,10.374693333330175,74.06666666666666,66.77238029146426,87.91835670811174,23.088194444444444,32174.0,0.0,0.021802006688963208
deadline_satisfaction,HPA,10028,0.8,3000,2837,1661,9.761119999997149,55.36666666666667,73.66090941135002,99.92890995260665,22.117361111111112,31212.0,226.0,0.007776661264181523
deadline_satisfaction,HPA,10029,0.8,3000,2821,1536,9.787733333330861,51.2,71.01276143211626,99.92910259642048,21.936805555555555,31131.0,224.0,0.00845757328990228
deadline_satisfaction,AMRP,10000,1.0,3000,2729,1971,10.794233333330514,65.7,60.506046170758516,82.16691667683385,24.454166666666666,34363.0,17.0,0.05888324786324786
deadline_satisfaction,AMRP,10001,1.0,3000,2846,2183,11.219893333329656,72.76666666666667,59.78039353478567,70.65074579388843,24.225,33806.0,5.0,0.03981227347611203
deadline_satisfaction,AMRP,10002,1.0,3000,2860,1902,11.503866666664058,63.4,72.50559440559441,73.95950427891793,26.175694444444446,36757.0,2.0,0.03770358598207009
deadline_satisfaction,AMRP,10003,1.0,3000,2883,2293,11.302893333330214,76.43333333333334,54.00867152271939,72.7722130403599,23.975,33552.0,0.0,0.029968482816429172
deadline_satisfaction,AMRP,10004,1.0,3000,2724,1746,10.936039999997234,58.2,71.93685756240822,81.0484173276754,25.286805555555556,35550.0,11.0,0.0422841021416804
deadline_satisfaction,AMRP,10005,1.0,3000,2876,1968,11.911453333330149,65.6,69.74965229485396,67.56717001148536,26.72222222222222,37497.0,4.0,0.030644619205298016
deadline_satisfaction,AMRP,10006,1.0,3000,2876,2239,11.24954666666374,74.63333333333334,56.93115438108484,66.42672708563686,24.14375,33717.0,1.0,0.02573968120805369
deadline_satisfaction,AMRP,10007,1.0,3000,2822,1928,11.289586666663403,64.26666666666667,67.77746279234586,69.82241649593988,25.584722222222222,35940.0,1.0,0.03849991776315789
deadline_satisfaction,AMRP,10008,1.0,3000,2852,2081,11.150919999996834,69.36666666666666,63.53541374474053,73.37689176354283,24.729166666666668,34606.0,1.0,0.03825370065789474
deadline_satisfaction,AMRP,10009,1.0,3000,2854,1907,11.475879999996629,63.56666666666667,66.74807288016818,72.48520382589612,25.622916666666665,35992.0,0.0,0.03274384485666105
deadline_satisfaction,AMRP,10010,1.0,3000,2865,2080,11.618706666664146,69.33333333333333,65.04153577661431,76.436278848409,25.569444444444443,35811.0,0.0,0.024902459016393444
deadline_satisfaction,AMRP,10011,1.0,3000,2816,2144,11.037359999996642,71.46666666666667,54.16228693181818,72.98490325466204,23.618055555555557,33092.0,9.0,0.045789536878216124
deadline_satisfaction,AMRP,10012,1.0,3000,2880,2083,11.80746666666463,69.43333333333334,64.12986111111111,74.61243334192709,25.679166666666667,36084.0,0.0,0.0498557239057239
deadline_satisfaction,AMRP,10013,1.0,3000,2856,2153,11.294786666663951,71.76666666666667,58.705882352941174,77.0740944739071,24.571527777777778,34433.0,1.0,0.034244944774851314
deadline_satisfaction,AMRP,10014,1.0,3000,2855,2235,10.854213333330677,74.5,54.714535901926446,66.56213802971361,23.49375,32846.0,2.0,0.027929357798165137
deadline_satisfaction,AMRP,10015,1.0,3000,2875,2007,11.610213333329662,66.9,67.95652173913044,76.55895144390584,25.84513888888889,36226.0,0.0,0.028735452322738386
deadline_satisfaction,AMRP,10016,1.0,3000,2850,1930,11.71022666666405,64.33333333333333,70.72421052631579,71.8155754111353,26.381944444444443,37085.0,0.0,0.04067320419693301
deadline_satisfaction,AMRP,10017,1.0,3000,2859,1979,11.654746666663893,65.96666666666667,68.56208464498076,70.42956572056448,26.052083333333332,36572.0,4.0,0.04302240527182866
deadline_satisfaction,AMRP,10018,1.0,3000,2807,2137,11.020593333330275,71.23333333333333,59.36587103669398,73.87378128692025,24.01597222222222,33569.0,8.0,0.037404675963904836
deadline_satisfaction,AMRP,10019,1.0,3000,2879,2137,11.243953333330378,71.23333333333333,60.97394928794721,72.73034445392858,24.62638888888889,34488.0,2.0,0.029959330543933054
deadline_satisfaction,AMRP,10020,1.0,3000,2865,2166,11.186626666663166,72.2,55.85410122164049,81.47430991050894,24.2375,33940.0,1.0,0.035051996601529314
deadline_satisfaction,AMRP,10021,1.0,3000,2842,2122,11.097473333330264,70.73333333333333,58.75615763546798,70.97559711932024,24.365972222222222,34111.0,6.0,0.053480034275921164
deadline_satisfaction,AMRP,10022,1.0,3000,2872,2189,11.389373333329228,72.96666666666667,59.863509749303624,73.28750336772029,24.639583333333334,34452.0,4.0,0.034967053941908716
deadline_satisfaction,AMRP,10023,1.0,3000,2822,2078,11.054693333330617,69.26666666666667,60.859319631467045,67.80910489452579,24.55625,34369.0,9.0,0.05407539094650206
deadline_satisfaction,AMRP,10024,1.0,3000,2887,2274,11.306533333330176,75.8,56.0831312781434,73.57902702485511,24.03611111111111,33557.0,0.0,0.034805263157894735
deadline_satisfaction,AMRP,10025,1.0,3000,2868,2048,11.39614666666487,68.26666666666667,64.08786610878661,76.21149440719638,25.148611111111112,35278.0,0.0,0.05124928631402183
deadline_satisfaction,AMRP,10026,1.0,3000,2863,2106,11.732533333330725,70.2,64.47258120852253,73.32642210151056,25.68263888888889,36005.0,3.0,0.0265871335504886
deadline_satisfaction,AMRP,10027,1.0,3000,2870,2143,11.51314666666353,71.43333333333334,66.30662020905923,76.27801798409072,25.07986111111111,35100.0,0.0,0.04277215719063546
deadline_satisfaction,AMRP,10028,1.0,3000,2827,1968,11.116146666663921,65.6,66.51503360452777,70.22718334490867,25.04722222222222,35117.0,7.0,0.039397001620745546
deadline_satisfaction,AMRP,10029,1.0,3000,2845,2193,11.16927999999663,73.1,57.99648506151142,70.77722472358764,24.052777777777777,33542.0,5.0,0.0388171009771987
deadline_satisfaction,BADP,10000,1.0,3000,2923,2923,8.158719999999365,97.43333333333334,2.491276086212795,79.71052631578948,3.5479166666666666,0.0,5094.0,0.005151623931623932
deadline_satisfaction,BADP,10001,1.0,3000,2976,2976,8.528319999999322,99.2,2.387768817204301,79.71052631578948,3.7083333333333335,2.0,5325.0,0.008059637561779243
deadline_satisfaction,BADP,10002,1.0,3000,3000,3000,8.362826666666008,100.0,2.2626666666666666,79.70162351908732,3.636111111111111,2.0,5222.0,0.010575142624286878
deadline_satisfaction,BADP,10003,1.0,3000,2999,2999,8.494613333332664,99.96666666666667,2.940313437812604,82.78749259039716,3.7,1.0,5297.0,0.010994132439228834
deadline_satisfaction,BADP,10004,1.0,3000,2930,2930,8.190933333332692,97.66666666666667,2.25938566552901,79.69271290605795,3.561111111111111,1.0,5115.0,0.007833690280065898
deadline_satisfaction,BADP,10005,1.0,3000,2999,2999,8.489919999999326,99.96666666666667,2.5005001667222406,79.71052631578948,3.691666666666667,2.0,5301.0,0.009305711920529801
deadline_satisfaction,BADP,10006,1.0,3000,2999,2999,8.399839999999337,99.96666666666667,2.3574524841613873,79.68379446640316,3.651388888888889,0.0,5246.0,0.008595889261744967
deadline_satisfaction,BADP,10007,1.0,3000,2986,2986,8.323733333332678,99.53333333333333,2.4748827863362357,79.69271290605795,3.61875,1.0,5198.0,0.0099671875
deadline_satisfaction,BADP,10008,1.0,3000,2992,2992,8.328799999999346,99.73333333333333,2.4054144385026737,79.73718791064388,3.622916666666667,1.0,5199.0,0.008838404605263158
deadline_satisfaction,BADP,10009,1.0,3000,2993,2993,8.394986666666007,99.76666666666667,3.017373872368861,83.9713577526852,3.658333333333333,5.0,5233.0,0.007890219224283304
deadline_satisfaction,BADP,10010,1.0,3000,2999,2999,8.530186666665989,99.96666666666667,2.4534844948316104,79.75492341356674,3.7111111111111112,5.0,5324.0,0.004516311475409836
deadline_satisfaction,BADP,10011,1.0,3000,2956,2956,8.300053333332682,98.53333333333333,3.0257104194857916,79.79912663755458,3.6131944444444444,1.0,5178.0,0.007101114922813036
deadline_satisfaction,BADP,10012,1.0,3000,3000,3000,8.626133333332644,100.0,2.525333333333333,79.69271290605795,3.75,0.0,5387.0,0.005565572390572391
deadline_satisfaction,BADP,10013,1.0,3000,2997,2997,8.375733333332676,99.9,3.1698365031698366,82.76834062754989,3.647222222222222,1.0,5224.0,0.005649362786745964
deadline_satisfaction,BADP,10014,1.0,3000,2990,2990,8.254239999999353,99.66666666666667,2.254849498327759,79.68379446640316,3.5881944444444445,0.0,5155.0,0.006761134278565471
deadline_satisfaction,BADP,10015,1.0,3000,3000,3000,8.473226666665996,100.0,2.405666666666667,79.70162351908732,3.6847222222222222,3.0,5291.0,0.00931955990220049
deadline_satisfaction,BADP,10016,1.0,3000,2998,2998,8.53242666666599,99.93333333333334,2.342895263509006,79.70162351908732,3.709722222222222,2.0,5328.0,0.007169733656174335
deadline_satisfaction,BADP,10017,1.0,3000,2999,2999,8.524639999999323,99.96666666666667,2.324774924974992,79.68379446640316,3.7055555555555557,0.0,5324.0,0.007112850082372323
deadline_satisfaction,BADP,10018,1.0,3000,2964,2964,8.427039999999334,98.8,2.264507422402159,79.68379446640316,3.6631944444444446,0.0,5263.0,0.010133880229696472
deadline_satisfaction,BADP,10019,1.0,3000,2999,2999,8.172693333332697,99.96666666666667,2.6795598532844283,79.7460595446585,3.5555555555555554,1.0,5101.0,0.01147171548117155
deadline_satisfaction,BADP,10020,1.0,3000,2992,2992,8.401493333332672,99.73333333333333,2.763034759358289,79.7460595446585,3.654861111111111,0.0,5244.0,0.007393627867459642
deadline_satisfaction,BADP,10021,1.0,3000,2992,2992,8.359359999999347,99.73333333333333,2.938168449197861,81.49744572158365,3.6444444444444444,4.0,5209.0,0.007996486718080547
deadline_satisfaction,BADP,10022,1.0,3000,2992,2992,8.45631999999933,99.73333333333333,2.550802139037433,79.71052631578948,3.6770833333333335,1.0,5280.0,0.013062406639004149
deadline_satisfaction,BADP,10023,1.0,3000,2980,2980,8.262239999999352,99.33333333333333,2.2855704697986576,79.68379446640316,3.591666666666667,0.0,5160.0,0.010020164609053498
deadline_satisfaction,BADP,10024,1.0,3000,2998,2998,8.47231999999933,99.93333333333334,2.418945963975984,79.71052631578948,3.6840277777777777,0.0,5290.0,0.007836101973684211
deadline_satisfaction,BADP,10025,1.0,3000,2999,2999,8.280799999999351,99.96666666666667,2.580860286762254,79.73718791064388,3.6020833333333333,1.0,5169.0,0.010406633081444164
deadline_satisfaction,BADP,10026,1.0,3000,3000,3000,8.651039999999309,100.0,2.328,79.68379446640316,3.7604166666666665,0.0,5403.0,0.005771579804560261
deadline_satisfaction,BADP,10027,1.0,3000,2999,2999,8.565386666665985,99.96666666666667,2.507502500833611,79.75492341356674,3.7270833333333333,6.0,5346.0,0.011822491638795986
deadline_satisfaction,BADP,10028,1.0,3000,2976,2976,8.273226666666018,99.2,2.2718413978494625,79.70162351908732,3.5972222222222223,2.0,5166.0,0.006524878444084279
deadline_satisfaction,BADP,10029,1.0,3000,2977,2977,8.541333333332654,99.23333333333333,2.2640241854215652,79.69271290605795,3.7131944444444445,1.0,5334.0,0.005794381107491857
deadline_satisfaction,BADP_PLUS,10000,1.0,3000,2923,2923,8.158239999999363,97.43333333333334,2.4923024290112896,79.68379446640316,3.546527777777778,0.0,5095.0,0.06101273504273504
deadline_satisfaction,BADP_PLUS,10001,1.0,3000,2976,2976,8.529439999999322,99.2,2.3874327956989245,79.68379446640316,3.707638888888889,0.0,5327.0,0.05715255354200988
deadline_satisfaction,BADP_PLUS,10002,1.0,3000,3000,3000,8.36303999999934,100.0,2.262,79.68379446640316,3.6354166666666665,0.0,5223.0,0.06381108394458028
deadline_satisfaction,BADP_PLUS,10003,1.0,3000,2999,2999,8.49061333333266,99.96666666666667,2.9869956652217406,84.88695990153526,3.692361111111111,0.0,5301.0,0.060345850796311815
deadline_satisfaction,BADP_PLUS,10004,1.0,3000,2930,2930,8.19183999999936,97.66666666666667,2.2590443686006827,79.68379446640316,3.561111111111111,0.0,5116.0,0.051904365733113675
deadline_satisfaction,BADP_PLUS,10005,1.0,3000,2999,2999,8.489439999999327,99.96666666666667,2.500166722240747,79.68379446640316,3.6902777777777778,0.0,5302.0,0.06376498344370861
deadline_satisfaction,BADP_PLUS,10006,1.0,3000,2999,2999,8.399839999999337,99.96666666666667,2.3574524841613873,79.68379446640316,3.651388888888889,0.0,5246.0,0.04294798657718121
deadline_satisfaction,BADP_PLUS,10007,1.0,3000,2986,2986,8.326239999999345,99.53333333333333,2.474547890154052,79.68379446640316,3.6194444444444445,0.0,5200.0,0.055729194078947365
deadline_satisfaction,BADP_PLUS,10008,1.0,3000,2992,2992,8.326239999999345,99.73333333333333,2.413101604278075,79.68379446640316,3.6194444444444445,0.0,5200.0,0.05236800986842105
deadline_satisfaction,BADP_PLUS,10009,1.0,3000,2993,2993,8.390293333332673,99.76666666666667,3.0424323421316406,87.29162156310889,3.65,0.0,5237.0,0.05156871838111298
deadline_satisfaction,BADP_PLUS,10010,1.0,3000,2999,2999,8.527839999999323,99.96666666666667,2.4598199399799934,79.68379446640316,3.7069444444444444,0.0,5326.0,0.04866139344262295
deadline_satisfaction,BADP_PLUS,10011,1.0,3000,2956,2956,8.296879999999348,98.53333333333333,3.043640054127199,82.01790073230266,3.607638888888889,0.0,5181.0,0.06187024013722126
deadline_satisfaction,BADP_PLUS,10012,1.0,3000,3000,3000,8.625439999999312,100.0,2.525,79.68379446640316,3.7493055555555554,0.0,5387.0,0.03744957912457912
deadline_satisfaction,BADP_PLUS,10013,1.0,3000,2997,2997,8.368106666666009,99.9,3.197530864197531,85.78723404255318,3.6395833333333334,0.0,5224.0,0.04135327102803738
deadline_satisfaction,BADP_PLUS,10014,1.0,3000,2990,2990,8.254239999999353,99.66666666666667,2.254849498327759,79.68379446640316,3.5881944444444445,0.0,5155.0,0.044250708924103425
deadline_satisfaction,BADP_PLUS,10015,1.0,3000,3000,3000,8.475039999999328,100.0,2.4036666666666666,79.68379446640316,3.6840277777777777,0.0,5293.0,0.052201466992665035
deadline_satisfaction,BADP_PLUS,10016,1.0,3000,2998,2998,8.531039999999322,99.93333333333334,2.342228152101401,79.68379446640316,3.7083333333333335,0.0,5328.0,0.04814850686037127
deadline_satisfaction,BADP_PLUS,10017,1.0,3000,2999,2999,8.524639999999323,99.96666666666667,2.324774924974992,79.68379446640316,3.7055555555555557,0.0,5324.0,0.06142421746293246
deadline_satisfaction,BADP_PLUS,10018,1.0,3000,2964,2964,8.427039999999334,98.8,2.264507422402159,79.68379446640316,3.6631944444444446,0.0,5263.0,0.06372928630024612
deadline_satisfaction,BADP_PLUS,10019,1.0,3000,2999,2999,8.166239999999362,99.96666666666667,2.677225741913971,79.68379446640316,3.55,0.0,5100.0,0.053446025104602515
deadline_satisfaction,BADP_PLUS,10020,1.0,3000,2992,2992,8.399626666666004,99.73333333333333,2.7754010695187166,82.67839832972933,3.652083333333333,0.0,5245.0,0.07750730671197961
deadline_satisfaction,BADP_PLUS,10021,1.0,3000,2992,2992,8.353919999999343,99.73333333333333,2.9375,83.8602329450915,3.6326388888888888,0.0,5216.0,0.08590548414738645
deadline_satisfaction,BADP_PLUS,10022,1.0,3000,2992,2992,8.45583999999933,99.73333333333333,2.5518048128342246,79.68379446640316,3.6756944444444444,0.0,5281.0,0.0718146887966805
deadline_satisfaction,BADP_PLUS,10023,1.0,3000,2980,2980,8.262239999999352,99.33333333333333,2.2855704697986576,79.68379446640316,3.591666666666667,0.0,5160.0,0.08014798353909465
deadline_satisfaction,BADP_PLUS,10024,1.0,3000,2998,2998,8.470239999999329,99.93333333333334,2.4249499666444296,79.68379446640316,3.6819444444444445,0.0,5290.0,0.06322771381578947
deadline_satisfaction,BADP_PLUS,10025,1.0,3000,2999,2999,8.28303999999935,99.96666666666667,2.579193064354785,79.68379446640316,3.6006944444444446,0.0,5173.0,0.06517329974811083
deadline_satisfaction,BADP_PLUS,10026,1.0,3000,3000,3000,8.651039999999309,100.0,2.328,79.68379446640316,3.7604166666666665,0.0,5403.0,0.034783550488599345
deadline_satisfaction,BADP_PLUS,10027,1.0,3000,2999,2999,8.565333333332651,99.96666666666667,2.5188396132044013,81.30343603807064,3.723611111111111,0.0,5349.0,0.06734749163879598
deadline_satisfaction,BADP_PLUS,10028,1.0,3000,2976,2976,8.27343999999935,99.2,2.2711693548387095,79.68379446640316,3.5965277777777778,0.0,5167.0,0.04620356564019449
deadline_satisfaction,BADP_PLUS,10029,1.0,3000,2977,2977,8.542239999999321,99.23333333333333,2.2636882767887134,79.68379446640316,3.7131944444444445,0.0,5335.0,0.05100097719869707
deadline_satisfaction,CDASCALER,10000,1.0,3000,2767,1519,10.254926666664506,50.63333333333333,63.763642934586194,99.9118815288721,21.591666666666665,29853.0,1051.0,0.010392222222222221
deadline_satisfaction,CDASCALER,10001,1.0,3000,2835,1364,10.928213333329916,45.46666666666667,70.71181657848325,99.93225340238467,23.063194444444445,32403.0,617.0,0.046235914332784185
deadline_satisfaction,CDASCALER,10002,1.0,3000,2895,1587,10.846479999996488,52.9,68.78203799654577,99.93391488236848,23.218055555555555,32849.0,385.0,0.04327180114099429
deadline_satisfaction,CDASCALER,10003,1.0,3000,2896,1637,11.083799999996469,54.56666666666667,63.75966850828729,99.91833366286417,22.820138888888888,31939.0,611.0,0.013508801341156748
deadline_satisfaction,CDASCALER,10004,1.0,3000,2783,2159,10.698226666663048,71.96666666666667,57.977362558390226,94.09042632348233,23.2875,32524.0,11.0,0.0154664744645799
deadline_satisfaction,CDASCALER,10005,1.0,3000,2898,2327,11.385039999996172,77.56666666666666,54.749482401656316,53.939479214994314,24.05625,33544.0,4.0,0.03301680463576159
deadline_satisfaction,CDASCALER,10006,1.0,3000,2889,1359,10.935333333330034,45.3,65.75493250259605,99.92179053034253,23.061805555555555,32805.0,184.0,0.01111761744966443
deadline_satisfaction,CDASCALER,10007,1.0,3000,2860,2250,11.000986666662909,75.0,55.378321678321676,69.0349320109635,23.647916666666667,33034.0,1.0,0.03238782894736842
deadline_satisfaction,CDASCALER,10008,1.0,3000,2864,1553,10.722626666663027,51.766666666666666,67.86871508379889,99.93235218953413,22.903472222222224,32282.0,478.0,0.016492516447368422
deadline_satisfaction,CDASCALER,10009,1.0,3000,2884,1792,11.019239999995957,59.733333333333334,64.20457697642163,99.91944851912461,23.10972222222222,32295.0,466.0,0.012018128161888702
deadline_satisfaction,CDASCALER,10010,1.0,3000,2893,2316,11.341546666662893,77.2,55.97131005876253,58.35693544661615,24.030555555555555,33521.0,0.0,0.03862098360655738
deadline_satisfaction,CDASCALER,10011,1.0,3000,2819,1394,10.750519999996726,46.46666666666667,64.47818375310393,99.89361143580349,22.523611111111112,31611.0,560.0,0.013726243567753002
deadline_satisfaction,CDASCALER,10012,1.0,3000,2883,1452,11.335786666662777,48.4,70.85535900104058,99.93152769324406,23.165277777777778,32209.0,948.0,0.02601195286195286
deadline_satisfaction,CDASCALER,10013,1.0,3000,2879,1957,10.778959999996424,65.23333333333333,59.287599861062866,99.9260427965684,22.12847222222222,30498.0,1128.0,0.013857179269328801
deadline_satisfaction,CDASCALER,10014,1.0,3000,2876,1220,10.644546666663484,40.666666666666664,70.15368567454799,99.92728917901405,22.090972222222224,30804.0,931.0,0.009251292743953294
deadline_satisfaction,CDASCALER,10015,1.0,3000,2895,2293,11.287466666662539,76.43333333333334,56.344386873920556,48.78220686218417,23.99513888888889,33478.0,0.0,0.03817685411572942
deadline_satisfaction,CDASCALER,10016,1.0,3000,2890,2323,11.247079999996087,77.43333333333334,53.82006920415225,99.88880359845905,23.764583333333334,33174.0,0.0,0.011606698950766747
deadline_satisfaction,CDASCALER,10017,1.0,3000,2891,1504,11.03830666666332,50.13333333333333,67.85230024213075,99.93174889660716,22.81388888888889,31934.0,739.0,0.012278830313014827
deadline_satisfaction,CDASCALER,10018,1.0,3000,2821,1526,10.632326666663456,50.86666666666667,67.55902162353776,99.93158858897664,22.615277777777777,31911.0,502.0,0.010466119770303527
deadline_satisfaction,CDASCALER,10019,1.0,3000,2896,1655,10.820899999996502,55.166666666666664,65.47341160220995,99.92624469601525,22.65486111111111,31708.0,636.0,0.011044686192468619
deadline_satisfaction,CDASCALER,10020,1.0,3000,2852,1448,10.683519999997328,48.266666666666666,64.55539971949509,99.9239350912779,21.759722222222223,29983.0,1251.0,0.011900849617672049
deadline_satisfaction,CDASCALER,10021,1.0,3000,2845,1805,10.654306666663832,60.166666666666664,61.66432337434095,99.91804013868227,22.15763888888889,30836.0,811.0,0.01042630676949443
deadline_satisfaction,CDASCALER,10022,1.0,3000,2872,1526,11.087466666662941,50.86666666666667,68.49477715877437,99.93246488173851,23.180555555555557,32400.0,694.0,0.04161261410788382
deadline_satisfaction,CDASCALER,10023,1.0,3000,2861,1918,10.699199999996658,63.93333333333333,58.844459979028315,99.92514631776379,22.82638888888889,32271.0,174.0,0.01389456790123457
deadline_satisfaction,CDASCALER,10024,1.0,3000,2903,1485,11.119773333329865,49.5,69.97726489838098,99.93072980004004,22.867361111111112,31782.0,895.0,0.014196299342105262
deadline_satisfaction,CDASCALER,10025,1.0,3000,2889,2304,10.981573333330294,76.8,54.23364485981308,99.90236999994929,23.302083333333332,32763.0,1.0,0.020543912678421494
deadline_satisfaction,CDASCALER,10026,1.0,3000,2891,1284,11.233946666662945,42.8,71.75060532687651,99.93238573188688,23.084027777777777,32280.0,794.0,0.012002850162866448
deadline_satisfaction,CDASCALER,10027,1.0,3000,2898,1881,11.131253333329433,62.7,65.72118702553485,99.93453593249927,23.45138888888889,33053.0,493.0,0.044657608695652176
deadline_satisfaction,CDASCALER,10028,1.0,3000,2856,1712,10.699946666663138,57.06666666666667,66.01155462184875,99.93229417428984,22.913888888888888,32205.0,470.0,0.018032171799027552
deadline_satisfaction,CDASCALER,10029,1.0,3000,2827,1353,10.755573333330178,45.1,69.55642023346303,99.93172300782909,22.650694444444444,31938.0,565.0,0.011750895765472313
deadline_satisfaction,CEDULE,10000,1.0,3000,2920,2920,7.595466666666092,97.33333333333333,18.507876712328766,44.346678398592154,3.298611111111111,3.0,4745.0,0.004667777777777778
deadline_satisfaction,CEDULE,10001,1.0,3000,2976,2976,7.8223999999994,99.2,19.536962365591396,0.0,3.395138888888889,0.0,4889.0,0.005812108731466228
deadline_satisfaction,CEDULE,10002,1.0,3000,3000,3000,7.611199999999423,100.0,19.149333333333335,0.0,3.303472222222222,0.0,4757.0,0.009583537082314589
deadline_satisfaction,CEDULE,10003,1.0,3000,2999,2999,7.894186666666059,99.96666666666667,19.802934311437145,8.925110132158588,3.4270833333333335,1.0,4933.0,0.009159094719195305
deadline_satisfaction,CEDULE,10004,1.0,3000,2930,2930,7.507679999999435,97.66666666666667,18.504778156996586,26.63143989431968,3.2597222222222224,0.0,4691.0,0.006036243822075783
deadline_satisfaction,CEDULE,10005,1.0,3000,2999,2999,7.878399999999393,99.96666666666667,19.876958986328777,0.0,3.4194444444444443,0.0,4924.0,0.004004056291390728
deadline_satisfaction,CEDULE,10006,1.0,3000,2999,2999,7.766399999999406,99.96666666666667,19.575525175058353,0.0,3.370833333333333,0.0,4854.0,0.0059464765100671136
deadline_satisfaction,CEDULE,10007,1.0,3000,2986,2986,7.657599999999418,99.53333333333333,18.81949095780308,0.0,3.323611111111111,0.0,4786.0,0.0062104440789473685
deadline_satisfaction,CEDULE,10008,1.0,3000,2992,2992,7.649386666666086,99.73333333333333,19.051136363636363,17.76211453744493,3.3208333333333333,0.0,4780.0,0.006248519736842106
deadline_satisfaction,CEDULE,10009,1.0,3000,2993,2993,7.802293333332735,99.76666666666667,19.626461744069495,8.88497135301895,3.3868055555555556,0.0,4876.0,0.005549831365935919
deadline_satisfaction,CEDULE,10010,1.0,3000,2999,2999,7.863999999999395,99.96666666666667,20.20606868956319,0.0,3.4131944444444446,0.0,4915.0,0.005138032786885246
deadline_satisfaction,CEDULE,10011,1.0,3000,2956,2956,7.799093333332736,98.53333333333333,19.139715832205685,8.88497135301895,3.3854166666666665,0.0,4874.0,0.005344339622641509
deadline_satisfaction,CEDULE,10012,1.0,3000,3000,3000,8.00639999999938,100.0,20.174333333333333,0.0,3.475,0.0,5004.0,0.005329208754208755
deadline_satisfaction,CEDULE,10013,1.0,3000,2997,2997,7.796026666666069,99.9,19.519185852519186,22.232005282852736,3.3854166666666665,1.0,4871.0,0.0046339847068819036
deadline_satisfaction,CEDULE,10014,1.0,3000,2990,2990,7.593599999999425,99.66666666666667,19.09498327759197,0.0,3.2958333333333334,0.0,4746.0,0.004018098415346122
deadline_satisfaction,CEDULE,10015,1.0,3000,3000,3000,7.811199999999401,100.0,19.499666666666666,0.0,3.390277777777778,0.0,4882.0,0.005187530562347188
deadline_satisfaction,CEDULE,10016,1.0,3000,2998,2998,7.849599999999397,99.93333333333334,20.043695797198133,0.0,3.4069444444444446,0.0,4906.0,0.0055002421307506055
deadline_satisfaction,CEDULE,10017,1.0,3000,2999,2999,7.8223999999994,99.96666666666667,19.567189063021008,0.0,3.395138888888889,0.0,4889.0,0.006373970345963756
deadline_satisfaction,CEDULE,10018,1.0,3000,2964,2964,7.712693333332745,98.8,18.997975708502025,8.88497135301895,3.347916666666667,0.0,4820.0,0.007811648892534864
deadline_satisfaction,CEDULE,10019,1.0,3000,2999,2999,7.561599999999428,99.96666666666667,18.99499833277759,0.0,3.2819444444444446,0.0,4726.0,0.008224016736401673
deadline_satisfaction,CEDULE,10020,1.0,3000,2992,2992,7.857599999999396,99.73333333333333,19.71557486631016,0.0,3.410416666666667,0.0,4911.0,0.005297026338147834
deadline_satisfaction,CEDULE,10021,1.0,3000,2992,2992,7.775093333332738,99.73333333333333,19.57653743315508,8.88497135301895,3.375,0.0,4859.0,0.005695544130248501
deadline_satisfaction,CEDULE,10022,1.0,3000,2992,2992,7.803199999999402,99.73333333333333,19.550802139037433,0.0,3.3868055555555556,0.0,4877.0,0.009293692946058092
deadline_satisfaction,CEDULE,10023,1.0,3000,2980,2980,7.611199999999423,99.33333333333333,18.766107382550334,0.0,3.303472222222222,0.0,4757.0,0.006093991769547325
deadline_satisfaction,CEDULE,10024,1.0,3000,2998,2998,7.803199999999402,99.93333333333334,19.7234823215477,0.0,3.3868055555555556,0.0,4877.0,0.009675822368421053
deadline_satisfaction,CEDULE,10025,1.0,3000,2999,2999,7.708799999999412,99.96666666666667,19.3891297099033,0.0,3.345833333333333,0.0,4818.0,0.004393534844668346
deadline_satisfaction,CEDULE,10026,1.0,3000,3000,3000,7.967999999999384,100.0,19.867,0.0,3.4583333333333335,0.0,4980.0,0.01178013029315961
deadline_satisfaction,CEDULE,10027,1.0,3000,2999,2999,7.838399999999398,99.96666666666667,20.295431810603535,0.0,3.402083333333333,0.0,4899.0,0.017325167224080267
deadline_satisfaction,CEDULE,10028,1.0,3000,2976,2976,7.57509333333276,99.2,18.798387096774192,8.88497135301895,3.2881944444444446,0.0,4734.0,0.004908752025931929
deadline_satisfaction,CEDULE,10029,1.0,3000,2977,2977,7.806399999999401,99.23333333333333,19.410144440712127,0.0,3.3881944444444443,0.0,4879.0,0.010229804560260587
deadline_satisfaction,CEMA,10000,1.0,3000,2768,1359,9.915026666664673,45.3,69.51553468208093,99.9051426022879,21.148611111111112,29493.0,932.0,0.009196923076923078
deadline_satisfaction,CEMA,10001,1.0,3000,2835,1026,10.660553333330029,34.2,77.22433862433863,99.9307985083234,22.6875,32049.0,601.0,0.009877018121911038
deadline_satisfaction,CEMA,10002,1.0,3000,2882,1264,10.624213333330019,42.13333333333333,74.63150589868147,99.93273944756666,22.906944444444445,32596.0,375.0,0.016831784841075795
deadline_satisfaction,CEMA,10003,1.0,3000,2872,1257,10.553106666663412,41.9,71.39519498607243,99.92591738965808,21.72013888888889,30263.0,998.0,0.011033612740989103
deadline_satisfaction,CEMA,10004,1.0,3000,2774,1156,10.17467999999703,38.53333333333333,75.02487382840663,99.91783175043177,22.130555555555556,31320.0,529.0,0.007441103789126853
deadline_satisfaction,CEMA,10005,1.0,3000,2890,1319,10.832033333329944,43.96666666666667,75.0249134948097,99.93085911392114,22.731944444444444,32017.0,702.0,0.007469205298013245
deadline_satisfaction,CEMA,10006,1.0,3000,2881,1262,10.493279999996979,42.06666666666667,72.76501214855953,99.9274240371589,21.82847222222222,30602.0,824.0,0.009130956375838927
deadline_satisfaction,CEMA,10007,1.0,3000,2850,1344,10.468053333329928,44.8,71.63684210526316,99.93034055727556,22.49513888888889,31852.0,527.0,0.010627138157894737
deadline_satisfaction,CEMA,10008,1.0,3000,2865,1082,10.49021333332991,36.06666666666667,74.18952879581151,99.92582545670325,22.5125,31939.0,470.0,0.009725657894736842
deadline_satisfaction,CEMA,10009,1.0,3000,2871,1276,10.51686666666295,42.53333333333333,71.94775339602926,99.92734552852093,22.106944444444444,30963.0,846.0,0.009145615514333896
deadline_satisfaction,CEMA,10010,1.0,3000,2879,1111,10.843173333329768,37.03333333333333,76.86210489753387,99.93218602127853,22.898611111111112,32385.0,571.0,0.013584180327868853
deadline_satisfaction,CEMA,10011,1.0,3000,2811,1637,10.022593333331296,54.56666666666667,66.36036997509783,99.91308188573285,20.979166666666668,28952.0,1227.0,0.008393653516295027
deadline_satisfaction,CEMA,10012,1.0,3000,2868,1295,10.86706666666322,43.166666666666664,76.45850767085076,99.93010468764562,22.706944444444446,31885.0,800.0,0.010478030303030303
deadline_satisfaction,CEMA,10013,1.0,3000,2864,1675,10.337099999996806,55.833333333333336,66.09671787709497,99.92424816301796,21.595833333333335,30066.0,1008.0,0.016191418861512322
deadline_satisfaction,CEMA,10014,1.0,3000,2873,1055,10.287513333330413,35.166666666666664,73.38983640793596,99.92637615241773,21.683333333333334,30420.0,791.0,0.007918682235195996
deadline_satisfaction,CEMA,10015,1.0,3000,2886,1050,10.815939999996274,35.0,77.07172557172557,99.93196816109939,22.896527777777777,32379.0,577.0,0.010366666666666668
deadline_satisfaction,CEMA,10016,1.0,3000,2875,1297,10.713813333330025,43.233333333333334,73.52313043478262,99.93151101911603,22.568055555555556,31922.0,561.0,0.01026545601291364
deadline_satisfaction,CEMA,10017,1.0,3000,2879,1195,10.68053333333021,39.833333333333336,73.57311566516151,99.93054698110879,22.36111111111111,31550.0,639.0,0.010860543657331136
deadline_satisfaction,CEMA,10018,1.0,3000,2820,1166,10.423999999996958,38.86666666666667,72.54326241134751,99.92539404126775,22.273611111111112,31591.0,470.0,0.011484823625922888
deadline_satisfaction,CEMA,10019,1.0,3000,2883,1365,10.407819999996807,45.5,71.31494970516823,99.92724627137142,21.913194444444443,30747.0,787.0,0.010512468619246863
deadline_satisfaction,CEMA,10020,1.0,3000,2853,1283,10.254199999997526,42.766666666666666,69.63827549947423,99.92283553680745,21.273611111111112,29537.0,1074.0,0.009413678844519966
deadline_satisfaction,CEMA,10021,1.0,3000,2847,1683,10.200279999997603,56.1,66.1721109940288,99.92455866820903,21.37986111111111,29878.0,896.0,0.010588431876606684
deadline_satisfaction,CEMA,10022,1.0,3000,2873,1417,10.730259999996507,47.233333333333334,74.96275670031326,99.93104874853479,22.79375,32198.0,619.0,0.013869543568464732
deadline_satisfaction,CEMA,10023,1.0,3000,2846,1125,10.327659999996877,37.5,70.93078004216444,99.92880704335653,21.893055555555556,30921.0,590.0,0.014218683127572017
deadline_satisfaction,CEMA,10024,1.0,3000,2886,1261,10.664399999996835,42.03333333333333,74.17532917532918,99.9293585758689,22.42013888888889,31518.0,747.0,0.00966858552631579
deadline_satisfaction,CEMA,10025,1.0,3000,2880,1303,10.437799999996992,43.43333333333333,72.13576388888889,99.92686137793166,21.802777777777777,30541.0,841.0,0.01484542401343409
deadline_satisfaction,CEMA,10026,1.0,3000,2878,1085,10.891199999996557,36.166666666666664,76.2539958304378,99.93126832844575,22.68611111111111,31959.0,697.0,0.007517345276872964
deadline_satisfaction,CEMA,10027,1.0,3000,2885,1317,10.867839999996317,43.9,76.48700173310225,99.93355776045358,23.160416666666666,32897.0,438.0,0.01096020066889632
deadline_satisfaction,CEMA,10028,1.0,3000,2851,1385,10.401293333330045,46.166666666666664,72.4640477025605,99.93074898816579,22.489583333333332,31924.0,444.0,0.009921069692058346
deadline_satisfaction,CEMA,10029,1.0,3000,2830,1145,10.550513333330313,38.166666666666664,73.37809187279152,99.93071220158131,22.268055555555556,31516.0,541.0,0.011593403908794788
deadline_satisfaction,EDF,10000,1.0,3000,2899,2840,8.982519999999164,94.66666666666667,4.283546050362194,99.48557266772879,7.645138888888889,6666.0,3537.0,0.014089743589743589
deadline_satisfaction,EDF,10001,1.0,3000,2970,2907,9.318299999999065,96.9,4.312794612794613,98.81029768353712,7.915277777777778,6905.0,3657.0,0.017505930807248764
deadline_satisfaction,EDF,10002,1.0,3000,3000,2931,9.108593333332413,97.7,4.326666666666667,99.84297852295131,7.945138888888889,7026.0,3571.0,0.012549307253463732
deadline_satisfaction,EDF,10003,1.0,3000,2997,2930,9.359293333332365,97.66666666666667,4.2292292292292295,93.5007551543676,7.789583333333334,6623.0,3748.0,0.01982003352891869
deadline_satisfaction,EDF,10004,1.0,3000,2909,2849,8.912733333332486,94.96666666666667,4.132347885871433,96.64343606057827,7.446527777777778,6354.0,3569.0,0.014252388797364084
deadline_satisfaction,EDF,10005,1.0,3000,2997,2948,9.381539999998985,98.26666666666667,4.275275275275275,99.14262275051928,7.873611111111111,6775.0,3743.0,0.01670322847682119
deadline_satisfaction,EDF,10006,1.0,3000,2996,2937,9.225573333332388,97.9,4.175233644859813,91.41326423419007,7.721527777777778,6619.0,3655.0,0.015105536912751679
deadline_satisfaction,EDF,10007,1.0,3000,2976,2911,9.168039999999113,97.03333333333333,4.28864247311828,94.30769761584375,7.834027777777778,6845.0,3573.0,0.011236677631578948
deadline_satisfaction,EDF,10008,1.0,3000,2986,2920,9.11723333333242,97.33333333333333,4.213663764233088,93.45558718987073,7.740972222222222,6698.0,3618.0,0.016120394736842104
deadline_satisfaction,EDF,10009,1.0,3000,2989,2932,9.270559999999014,97.73333333333333,4.263967882234861,95.98440341306477,7.8375,6787.0,3679.0,0.01842335581787521
deadline_satisfaction,EDF,10010,1.0,3000,2995,2949,9.32497333333242,98.3,4.162270450751252,97.72197372591835,7.709027777777778,6539.0,3735.0,0.011796639344262295
deadline_satisfaction,EDF,10011,1.0,3000,2939,2874,9.225453333332412,95.8,4.41136440966315,97.37537326541367,7.870833333333334,6872.0,3665.0,0.023681046312178388
deadline_satisfaction,EDF,10012,1.0,3000,2996,2946,9.506206666665651,98.2,4.3044058744993325,97.07747753961822,7.934722222222222,6833.0,3783.0,0.015478872053872054
deadline_satisfaction,EDF,10013,1.0,3000,2992,2914,9.26926666666567,97.13333333333334,4.5130347593582885,98.0976085215999,8.047916666666667,7149.0,3664.0,0.00865072217502124
deadline_satisfaction,EDF,10014,1.0,3000,2987,2921,9.022626666665808,97.36666666666666,4.143287579511215,93.70942812982999,7.638888888888889,6567.0,3608.0,0.008947456213511258
deadline_satisfaction,EDF,10015,1.0,3000,2999,2931,9.277699999999049,97.7,4.2937645881960655,97.72008671284301,7.851388888888889,6784.0,3708.0,0.020411246943765282
deadline_satisfaction,EDF,10016,1.0,3000,2995,2929,9.325693333332312,97.63333333333334,4.174624373956594,93.41752338942051,7.738194444444445,6540.0,3766.0,0.016940758676351895
deadline_satisfaction,EDF,10017,1.0,3000,2999,2945,9.306879999999072,98.16666666666667,4.187062354118039,92.82465715085362,7.7659722222222225,6630.0,3703.0,0.0162668039538715
deadline_satisfaction,EDF,10018,1.0,3000,2943,2891,9.137019999999117,96.36666666666666,4.127081209650017,96.59865410497981,7.559722222222222,6373.0,3675.0,0.01457481542247744
deadline_satisfaction,EDF,10019,1.0,3000,2997,2949,9.029426666665737,98.3,4.132132132132132,95.27877918168772,7.582638888888889,6561.0,3531.0,0.011938828451882846
deadline_satisfaction,EDF,10020,1.0,3000,2987,2942,9.280346666665725,98.06666666666666,4.255775025108805,96.37043707141373,7.795833333333333,6736.0,3655.0,0.025406457094307562
deadline_satisfaction,EDF,10021,1.0,3000,2984,2915,9.24575999999901,97.16666666666667,4.331769436997319,97.73338940285953,7.8493055555555555,6787.0,3670.0,0.014548157669237359
deadline_satisfaction,EDF,10022,1.0,3000,2984,2917,9.287026666665744,97.23333333333333,4.326742627345845,99.84116338992622,7.861111111111111,6781.0,3718.0,0.016257427385892115
deadline_satisfaction,EDF,10023,1.0,3000,2970,2902,9.051646666665778,96.73333333333333,4.156565656565657,91.33850202214647,7.6875,6620.0,3573.0,0.021233168724279838
deadline_satisfaction,EDF,10024,1.0,3000,2995,2937,9.304039999999056,97.9,4.224040066777963,94.89412676602191,7.778472222222222,6615.0,3723.0,0.021816694078947367
deadline_satisfaction,EDF,10025,1.0,3000,2999,2948,9.152099999999077,98.26666666666667,4.251417139046349,93.54575419871291,7.756944444444445,6749.0,3597.0,0.01410848026868178
deadline_satisfaction,EDF,10026,1.0,3000,2996,2937,9.418173333332325,97.9,4.132510013351135,94.04468830090605,7.672916666666667,6347.0,3868.0,0.013906433224755701
deadline_satisfaction,EDF,10027,1.0,3000,2997,2924,9.325286666665658,97.46666666666667,4.62962962962963,99.84494788526143,8.189583333333333,7308.0,3667.0,0.013334448160535117
deadline_satisfaction,EDF,10028,1.0,3000,2968,2909,9.020439999999107,96.96666666666667,4.138814016172507,92.02493535933128,7.582638888888889,6516.0,3562.0,0.014634035656401943
deadline_satisfaction,EDF,10029,1.0,3000,2971,2907,9.28463999999906,96.9,4.175025244025581,93.51828499369483,7.740277777777778,6593.0,3693.0,0.01883998371335505
deadline_satisfaction,HPA,10000,1.0,3000,2769,1522,10.19617999999786,50.733333333333334,64.6489707475623,99.91179060087245,21.555555555555557,29837.0,1021.0,0.011277777777777777
deadline_satisfaction,HPA,10001,1.0,3000,2837,1335,10.882693333329946,44.5,72.48325696157913,99.9322962115969,23.02638888888889,32377.0,584.0,0.0207829489291598
deadline_satisfaction,HPA,10002,1.0,3000,2890,1523,10.815013333329855,50.766666666666666,70.05778546712803,99.93383715117476,23.165277777777778,32795.0,374.0,0.019072208638956804
deadline_satisfaction,HPA,10003,1.0,3000,2892,1431,10.95721333332972,47.7,66.84405255878285,99.92734787452171,22.22222222222222,30795.0,1121.0,0.008277703269069571
deadline_satisfaction,HPA,10004,1.0,3000,2802,2173,10.712466666663063,72.43333333333334,58.200927908636686,99.89597326641375,23.252083333333335,32490.0,29.0,0.0116669686985173
deadline_satisfaction,HPA,10005,1.0,3000,2898,2325,11.385559999996188,77.5,55.338509316770185,99.88980755422534,24.04513888888889,33508.0,4.0,0.010829884105960265
deadline_satisfaction,HPA,10006,1.0,3000,2892,1362,10.889066666663348,45.4,69.63554633471647,99.9286076913314,22.309722222222224,31023.0,960.0,0.015592869127516779
deadline_satisfaction,HPA,10007,1.0,3000,2861,2253,10.992493333329586,75.1,55.22020272631947,99.90244792366107,23.616666666666667,33010.0,1.0,0.008923355263157894
deadline_satisfaction,HPA,10008,1.0,3000,2859,1522,10.68774666666305,50.733333333333334,68.08009793634137,99.93227889057773,22.86111111111111,32232.0,464.0,0.018381578947368422
deadline_satisfaction,HPA,10009,1.0,3000,2883,1836,10.988946666662661,61.2,63.56122095039889,99.91991930113434,23.1375,32408.0,402.0,0.01396956155143339
deadline_satisfaction,HPA,10010,1.0,3000,2891,2312,11.320573333329571,77.06666666666666,56.28640608785887,99.89690346525647,23.997916666666665,33475.0,0.0,0.0124377868852459
deadline_satisfaction,HPA,10011,1.0,3000,2808,1799,10.449386666664404,59.96666666666667,60.38247863247863,99.9146436634243,21.476388888888888,29285.0,1382.0,0.010577101200686107
deadline_satisfaction,HPA,10012,1.0,3000,2885,1431,11.286399999996151,47.7,72.22564991334488,99.93151935719503,23.127083333333335,32197.0,918.0,0.013432744107744107
deadline_satisfaction,HPA,10013,1.0,3000,2881,1948,10.7305733333298,64.93333333333334,60.07289135716765,99.92605130396201,22.10763888888889,30485.0,1097.0,0.012309685641461343
deadline_satisfaction,HPA,10014,1.0,3000,2875,1198,10.601546666663511,39.93333333333333,70.52939130434783,99.92723627190998,22.06875,30789.0,909.0,0.01077606338615513
deadline_satisfaction,HPA,10015,1.0,3000,2893,2285,11.276026666662558,76.16666666666667,56.52713446249568,98.94234776785507,23.95277777777778,33423.0,0.0,0.012010757946210269
deadline_satisfaction,HPA,10016,1.0,3000,2892,2307,11.143239999996167,76.9,56.90802213001383,99.92031206318603,23.649305555555557,33397.0,4.0,0.010694915254237288
deadline_satisfaction,HPA,10017,1.0,3000,2893,1473,11.013146666663323,49.1,68.73418596612512,99.93177062801347,22.802777777777777,31958.0,721.0,0.01605214168039539
deadline_satisfaction,HPA,10018,1.0,3000,2816,1462,10.606379999996802,48.733333333333334,67.74573863636364,99.9213524995808,22.597916666666666,31900.0,486.0,0.010400738310090238
deadline_satisfaction,HPA,10019,1.0,3000,2897,1492,10.752459999996503,49.733333333333334,67.31101139109424,99.92900920513975,22.40138888888889,31218.0,836.0,0.008589456066945608
deadline_satisfaction,HPA,10020,1.0,3000,2853,1445,10.645853333330678,48.166666666666664,65.17104801962846,99.9239286619897,21.738194444444446,29966.0,1228.0,0.013028971962616823
deadline_satisfaction,HPA,10021,1.0,3000,2846,1899,10.537633333330794,63.3,59.96907940969782,99.92594360193864,21.872222222222224,30237.0,986.0,0.014181919451585262
deadline_satisfaction,HPA,10022,1.0,3000,2873,1526,11.041719999996312,50.86666666666667,69.00904977375566,99.93235625704622,23.12986111111111,32339.0,677.0,0.019165726141078837
deadline_satisfaction,HPA,10023,1.0,3000,2859,1438,10.588026666663312,47.93333333333333,65.9734172787688,99.93064759732455,22.363888888888887,31531.0,571.0,0.012355061728395062
deadline_satisfaction,HPA,10024,1.0,3000,2899,1454,11.085173333329884,48.46666666666667,69.9372197309417,99.9307138018107,22.846527777777776,31777.0,875.0,0.009366776315789475
deadline_satisfaction,HPA,10025,1.0,3000,2888,1522,10.796333333329995,50.733333333333334,67.61703601108033,99.92840892820212,22.26875,30917.0,921.0,0.007652308984047018
deadline_satisfaction,HPA,10026,1.0,3000,2892,1257,11.206266666662955,41.9,72.76970954356847,99.93237353851703,23.059722222222224,32263.0,778.0,0.012001628664495114
deadline_satisfaction,HPA,10027,1.0,3000,2897,1876,11.094266666662802,62.53333333333333,69.22885743872972,99.93449972344328,23.410416666666666,33020.0,474.0,0.016651337792642138
deadline_satisfaction,HPA,10028,1.0,3000,2856,1713,10.649133333329855,57.1,65.77521008403362,99.93216455371814,22.849305555555556,32149.0,452.0,0.015250081037277147
deadline_satisfaction,HPA,10029,1.0,3000,2828,1325,10.724159999996864,44.166666666666664,70.11244695898161,99.93166909620992,22.615972222222222,31907.0,551.0,0.014963762214983712
deadline_satisfaction,AMRP,10000,1.3,3000,2759,2079,11.925819999996007,69.3,53.382384922073214,88.02027770197071,25.09375,35172.0,10.0,0.046300854700854696
deadline_satisfaction,AMRP,10001,1.3,3000,2875,2311,12.416266666661379,77.03333333333333,50.97565217391304,79.2017223659496,25.106944444444444,35027.0,10.0,0.03998797364085667
deadline_satisfaction,AMRP,10002,1.3,3000,2894,2254,12.339253333329422,75.13333333333334,55.448168624740845,85.46303769016677,25.633333333333333,35828.0,0.0,0.03921148208469055
deadline_satisfaction,AMRP,10003,1.3,3000,2894,2299,12.506519999995934,76.63333333333334,49.39391845196959,80.81785404591301,25.264583333333334,35440.0,0.0,0.04843889354568315
deadline_satisfaction,AMRP,10004,1.3,3000,2755,1914,12.0628799999963,63.8,62.29437386569873,87.63558916572048,26.257638888888888,36937.0,11.0,0.03174621087314663
deadline_satisfaction,AMRP,10005,1.3,3000,2897,2178,12.845893333328885,72.6,57.88332758025544,77.41588434994661,26.89027777777778,37672.0,4.0,0.059259768211920534
deadline_satisfaction,AMRP,10006,1.3,3000,2897,2321,12.360439999995757,77.36666666666666,49.262340352088366,75.78398168423259,25.01875,34964.0,1.0,0.043354362416107385
deadline_satisfaction,AMRP,10007,1.3,3000,2862,2033,12.253893333328985,67.76666666666667,58.30922431865828,83.76085018106382,25.884027777777778,36490.0,11.0,0.04667450657894737
deadline_satisfaction,AMRP,10008,1.3,3000,2884,2240,12.301279999995595,74.66666666666667,54.408113730929266,83.86782494270076,25.53125,35703.0,4.0,0.043277631578947366
deadline_satisfaction,AMRP,10009,1.3,3000,2881,2036,12.62802666666298,67.86666666666666,60.16487330787921,80.9308320254343,26.759722222222223,37686.0,0.0,0.02618768971332209
deadline_satisfaction,AMRP,10010,1.3,3000,2890,2246,12.689213333329688,74.86666666666666,54.77162629757785,79.57458877901342,26.209027777777777,36706.0,0.0,0.04257762295081967
deadline_satisfaction,AMRP,10011,1.3,3000,2841,2282,12.227893333328595,76.06666666666666,48.04963041182682,87.61246108148731,24.60763888888889,34368.0,11.0,0.0428541166380789
deadline_satisfaction,AMRP,10012,1.3,3000,2884,1954,12.896733333330447,65.13333333333334,59.87239944521498,83.61977058088947,26.64236111111111,37528.0,27.0,0.028713131313131312
deadline_satisfaction,AMRP,10013,1.3,3000,2881,2222,12.324519999996634,74.06666666666666,53.208261020479,84.3877078473005,25.37152777777778,35835.0,0.0,0.033669583687340694
deadline_satisfaction,AMRP,10014,1.3,3000,2885,2335,11.981186666662667,77.83333333333333,48.9792027729636,75.41757731741276,24.525,34384.0,1.0,0.03402810675562969
deadline_satisfaction,AMRP,10015,1.3,3000,2896,2220,12.655066666662126,74.0,56.322513812154696,81.70002188556283,26.24375,36724.0,0.0,0.03695158924205379
deadline_satisfaction,AMRP,10016,1.3,3000,2869,2065,12.830826666662846,68.83333333333333,60.5308469850122,77.69608478641344,27.172916666666666,38126.0,0.0,0.04429402744148507
deadline_satisfaction,AMRP,10017,1.3,3000,2897,2270,12.55347999999586,75.66666666666667,52.63824646185709,81.02989912232785,25.645833333333332,35869.0,4.0,0.06047775947281713
deadline_satisfaction,AMRP,10018,1.3,3000,2832,2226,12.235193333329432,74.2,53.49364406779661,84.5384452826903,25.316666666666666,35406.0,5.0,0.0422123872026251
deadline_satisfaction,AMRP,10019,1.3,3000,2896,1883,12.210059999996615,62.766666666666666,58.62154696132597,78.74931434585314,25.375,35900.0,31.0,0.03015983263598326
deadline_satisfaction,AMRP,10020,1.3,3000,2882,2294,12.364206666662012,76.46666666666667,48.948993754337266,93.87754155492746,25.238888888888887,35306.0,2.0,0.047491163976210705
deadline_satisfaction,AMRP,10021,1.3,3000,2872,2263,12.29881999999555,75.43333333333334,50.77785515320334,81.06446612853871,25.213194444444444,35256.0,1.0,0.047203427592116536
deadline_satisfaction,AMRP,10022,1.3,3000,2884,2238,12.520599999994777,74.6,55.25104022191401,83.22004646651155,25.797916666666666,36245.0,1.0,0.03679178423236514
deadline_satisfaction,AMRP,10023,1.3,3000,2841,2157,12.231466666663467,71.9,55.21788102780711,80.91591204007312,25.814583333333335,36183.0,5.0,0.03285909465020576
deadline_satisfaction,AMRP,10024,1.3,3000,2906,2352,12.53702666666201,78.4,49.95147969717825,85.65081259966553,25.186805555555555,35122.0,0.0,0.048375822368421056
deadline_satisfaction,AMRP,10025,1.3,3000,2886,2200,12.44949333333051,73.33333333333333,55.48094248094248,86.10657212784336,25.875,36337.0,0.0,0.04953014273719564
deadline_satisfaction,AMRP,10026,1.3,3000,2900,2345,12.64565333332883,78.16666666666667,50.87965517241379,80.92451368926349,25.507638888888888,35646.0,3.0,0.04422442996742671
deadline_satisfaction,AMRP,10027,1.3,3000,2910,2198,12.507866666661796,73.26666666666667,55.96185567010309,82.00167715480637,25.25625,35398.0,12.0,0.04069991638795987
deadline_satisfaction,AMRP,10028,1.3,3000,2858,2172,12.19843999999603,72.4,56.20468859342197,77.3759538149979,25.720833333333335,36104.0,7.0,0.04991410048622366
deadline_satisfaction,AMRP,10029,1.3,3000,2866,2312,12.32562666666231,77.06666666666666,50.04326587578507,80.47148210196931,24.944444444444443,34802.0,6.0,0.049718811074918566
deadline_satisfaction,BADP,10000,1.3,3000,2909,2909,8.81093333333262,96.96666666666667,3.2035063595737365,84.94547331741627,3.8361111111111112,1.0,5496.0,0.007617179487179488
deadline_satisfaction,BADP,10001,1.3,3000,2976,2976,9.324079999999235,99.2,2.7200940860215055,75.29515031819179,4.052777777777778,1.0,5823.0,0.008804283360790774
deadline_satisfaction,BADP,10002,1.3,3000,2999,2999,9.168533333332585,99.96666666666667,2.5448482827609205,79.69271290605795,3.9854166666666666,1.0,5726.0,0.010021742671009772
deadline_satisfaction,BADP,10003,1.3,3000,2999,2999,9.37247999999923,99.96666666666667,3.15838612870957,81.36356327383822,4.077083333333333,1.0,5850.0,0.009909974853310981
deadline_satisfaction,BADP,10004,1.3,3000,2923,2923,8.901333333332616,97.43333333333334,2.587068080738967,79.69271290605795,3.8694444444444445,1.0,5559.0,0.010097858319604613
deadline_satisfaction,BADP,10005,1.3,3000,2999,2999,9.253119999999242,99.96666666666667,2.9693231077025675,79.71052631578948,4.022916666666666,1.0,5778.0,0.008828228476821192
deadline_satisfaction,BADP,10006,1.3,3000,2999,2999,9.173333333332586,99.96666666666667,2.748916305435145,79.69271290605795,3.9875,0.0,5729.0,0.009140687919463087
deadline_satisfaction,BADP,10007,1.3,3000,2985,2985,9.064586666665932,99.5,2.8834170854271357,79.75492341356674,3.9430555555555555,2.0,5658.0,0.00896455592105263
deadline_satisfaction,BADP,10008,1.3,3000,2991,2991,9.159679999999254,99.7,2.8910063523905047,79.76377952755905,3.984722222222222,2.0,5717.0,0.007597121710526315
deadline_satisfaction,BADP,10009,1.3,3000,2993,2993,9.192639999999253,99.76666666666667,3.196458402940194,83.92709196354596,4.001388888888889,5.0,5735.0,0.007699241146711635
deadline_satisfaction,BADP,10010,1.3,3000,2999,2999,9.29087999999924,99.96666666666667,2.8829609869956654,81.36356327383822,4.041666666666667,6.0,5799.0,0.014254754098360654
deadline_satisfaction,BADP,10011,1.3,3000,2951,2951,9.09594666666593,98.36666666666666,3.433412402575398,81.4009468025355,3.9590277777777776,0.0,5675.0,0.007068181818181818
deadline_satisfaction,BADP,10012,1.3,3000,3000,3000,9.339733333332566,100.0,2.961333333333333,79.69271290605795,4.059722222222222,0.0,5833.0,0.011537794612794612
deadline_satisfaction,BADP,10013,1.3,3000,2996,2996,9.260959999999244,99.86666666666666,3.1154873164218957,82.74273828095981,4.029861111111111,4.0,5779.0,0.026946813933729823
deadline_satisfaction,BADP,10014,1.3,3000,2989,2989,8.98042666666594,99.63333333333334,2.6162596186015388,79.70162351908732,3.904166666666667,0.0,5608.0,0.007224603836530442
deadline_satisfaction,BADP,10015,1.3,3000,3000,3000,9.390719999999227,100.0,2.5376666666666665,79.71052631578948,4.083333333333333,4.0,5864.0,0.007444172779136104
deadline_satisfaction,BADP,10016,1.3,3000,2998,2998,9.289226666665906,99.93333333333334,2.772848565710474,79.70162351908732,4.038194444444445,0.0,5801.0,0.006451251008878127
deadline_satisfaction,BADP,10017,1.3,3000,2999,2999,9.282826666665907,99.96666666666667,2.678226075358453,79.70162351908732,4.035416666666666,0.0,5797.0,0.013049505766062603
deadline_satisfaction,BADP,10018,1.3,3000,2960,2960,9.179039999999251,98.66666666666667,2.5618243243243244,79.68379446640316,3.9895833333333335,0.0,5733.0,0.005249712879409352
deadline_satisfaction,BADP,10019,1.3,3000,2999,2999,9.016586666665935,99.96666666666667,2.871290430143381,79.75492341356674,3.922222222222222,2.0,5628.0,0.006945188284518828
deadline_satisfaction,BADP,10020,1.3,3000,2991,2991,9.19279999999925,99.7,3.087261785356068,81.34106093536182,3.997916666666667,0.0,5739.0,0.006940271877655055
deadline_satisfaction,BADP,10021,1.3,3000,2989,2989,9.190399999999253,99.63333333333334,3.256942121110739,82.80023693173405,4.002777777777778,5.0,5731.0,0.011310282776349614
deadline_satisfaction,BADP,10022,1.3,3000,2989,2989,9.423839999999224,99.63333333333334,2.510204081632653,79.68379446640316,4.095833333333333,0.0,5886.0,0.014503236514522823
deadline_satisfaction,BADP,10023,1.3,3000,2975,2975,8.997173333332606,99.16666666666667,2.762016806722689,79.77262789680805,3.9145833333333333,0.0,5615.0,0.009395637860082304
deadline_satisfaction,BADP,10024,1.3,3000,2998,2998,9.21861333333258,99.93333333333334,2.8338892595063374,82.69130467178303,4.008333333333334,0.0,5756.0,0.011243174342105262
deadline_satisfaction,BADP,10025,1.3,3000,2999,2999,9.053919999999268,99.96666666666667,3.2007335778592862,82.78111333481581,3.942361111111111,2.0,5647.0,0.00558639798488665
deadline_satisfaction,BADP,10026,1.3,3000,3000,3000,9.420639999999223,100.0,2.6483333333333334,79.68379446640316,4.094444444444444,0.0,5884.0,0.006640228013029315
deadline_satisfaction,BADP,10027,1.3,3000,2999,2999,9.411519999999225,99.96666666666667,2.844614871623875,79.71052631578948,4.091666666666667,2.0,5877.0,0.012387040133779264
deadline_satisfaction,BADP,10028,1.3,3000,2974,2974,9.078026666665929,99.13333333333334,2.661735036987223,79.70162351908732,3.946527777777778,0.0,5669.0,0.007352106969205834
deadline_satisfaction,BADP,10029,1.3,3000,2976,2976,9.326026666665902,99.2,2.5473790322580645,79.70162351908732,4.054166666666666,1.0,5824.0,0.011189087947882736
deadline_satisfaction,BADP_PLUS,10000,1.3,3000,2909,2909,8.811306666665955,96.96666666666667,3.2107253351667238,85.78723404255318,3.8319444444444444,0.0,5501.0,0.05075427350427351
deadline_satisfaction,BADP_PLUS,10001,1.3,3000,2976,2976,9.322693333332568,99.2,2.721438172043011,75.27344607950802,4.051388888888889,0.0,5823.0,0.04648476112026359
deadline_satisfaction,BADP_PLUS,10002,1.3,3000,2999,2999,9.16943999999925,99.96666666666667,2.5445148382794263,79.68379446640316,3.9854166666666666,0.0,5727.0,0.060204071661237785
deadline_satisfaction,BADP_PLUS,10003,1.3,3000,2999,2999,9.374719999999229,99.96666666666667,3.1757252417472492,83.8602329450915,4.075694444444444,0.0,5854.0,0.055933361274098904
deadline_satisfaction,BADP_PLUS,10004,1.3,3000,2923,2923,8.903839999999281,97.43333333333334,2.586383852206637,79.68379446640316,3.870138888888889,0.0,5561.0,0.054326771004942334
deadline_satisfaction,BADP_PLUS,10005,1.3,3000,2999,2999,9.252639999999243,99.96666666666667,2.970323441147049,79.68379446640316,4.021527777777778,0.0,5779.0,0.05129718543046358
deadline_satisfaction,BADP_PLUS,10006,1.3,3000,2999,2999,9.169439999999252,99.96666666666667,2.746915638546182,79.68379446640316,3.9854166666666666,0.0,5727.0,0.05527332214765101
deadline_satisfaction,BADP_PLUS,10007,1.3,3000,2985,2985,9.062239999999264,99.5,2.892797319932998,79.68379446640316,3.938888888888889,0.0,5660.0,0.06505271381578948
deadline_satisfaction,BADP_PLUS,10008,1.3,3000,2991,2991,9.156639999999253,99.7,2.8786359077231696,79.68379446640316,3.979861111111111,0.0,5719.0,0.0851778782894737
deadline_satisfaction,BADP_PLUS,10009,1.3,3000,2993,2993,9.190719999999251,99.76666666666667,3.1877714667557635,83.8602329450915,3.995833333333333,0.0,5739.0,0.07045295109612142
deadline_satisfaction,BADP_PLUS,10010,1.3,3000,2999,2999,9.292639999999238,99.96666666666667,2.8879626542180725,79.68379446640316,4.038888888888889,0.0,5804.0,0.05394245901639344
deadline_satisfaction,BADP_PLUS,10011,1.3,3000,2951,2951,9.086373333332595,98.36666666666666,3.517790579464588,83.2908209089276,3.9506944444444443,0.0,5674.0,0.08890866209262437
deadline_satisfaction,BADP_PLUS,10012,1.3,3000,3000,3000,9.339039999999232,100.0,2.9663333333333335,79.68379446640316,4.059027777777778,0.0,5833.0,0.06478678451178452
deadline_satisfaction,BADP_PLUS,10013,1.3,3000,2996,2996,9.259999999999243,99.86666666666666,3.107142857142857,86.58306132966842,4.027083333333334,0.0,5781.0,0.08452225998300764
deadline_satisfaction,BADP_PLUS,10014,1.3,3000,2989,2989,8.977439999999273,99.63333333333334,2.614586818333891,79.68379446640316,3.902083333333333,0.0,5607.0,0.06280183486238533
deadline_satisfaction,BADP_PLUS,10015,1.3,3000,3000,3000,9.388639999999228,100.0,2.5376666666666665,79.68379446640316,4.080555555555556,0.0,5864.0,0.08709388753056234
deadline_satisfaction,BADP_PLUS,10016,1.3,3000,2998,2998,9.289439999999239,99.93333333333334,2.7678452301534358,79.68379446640316,4.0375,0.0,5802.0,0.07175633575464084
deadline_satisfaction,BADP_PLUS,10017,1.3,3000,2999,2999,9.28143999999924,99.96666666666667,2.678226075358453,79.68379446640316,4.034027777777778,0.0,5797.0,0.048559719934102144
deadline_satisfaction,BADP_PLUS,10018,1.3,3000,2960,2960,9.179039999999251,98.66666666666667,2.5618243243243244,79.68379446640316,3.9895833333333335,0.0,5733.0,0.055741181296144374
deadline_satisfaction,BADP_PLUS,10019,1.3,3000,2999,2999,9.01263999999927,99.96666666666667,2.88162720906969,79.68379446640316,3.917361111111111,0.0,5629.0,0.05653665271966527
deadline_satisfaction,BADP_PLUS,10020,1.3,3000,2991,2991,9.19503999999925,99.7,3.0464727515880976,79.68379446640316,3.9965277777777777,0.0,5743.0,0.05931461342395922
deadline_satisfaction,BADP_PLUS,10021,1.3,3000,2989,2989,9.186613333332584,99.63333333333334,3.2388758782201403,84.88695990153526,3.9944444444444445,0.0,5736.0,0.06061448157669237
deadline_satisfaction,BADP_PLUS,10022,1.3,3000,2989,2989,9.423839999999224,99.63333333333334,2.510204081632653,79.68379446640316,4.095833333333333,0.0,5886.0,0.05888398340248963
deadline_satisfaction,BADP_PLUS,10023,1.3,3000,2975,2975,8.991839999999272,99.16666666666667,2.7818487394957985,79.68379446640316,3.908333333333333,0.0,5616.0,0.041869300411522634
deadline_satisfaction,BADP_PLUS,10024,1.3,3000,2998,2998,9.218826666665914,99.93333333333334,2.8342228152101403,82.67839832972933,4.007638888888889,0.0,5757.0,0.07108100328947368
deadline_satisfaction,BADP_PLUS,10025,1.3,3000,2999,2999,9.052426666665932,99.96666666666667,3.1673891297099033,82.67839832972933,3.935416666666667,0.0,5653.0,0.05854962216624685
deadline_satisfaction,BADP_PLUS,10026,1.3,3000,3000,3000,9.420639999999223,100.0,2.6483333333333334,79.68379446640316,4.094444444444444,0.0,5884.0,0.04665846905537459
deadline_satisfaction,BADP_PLUS,10027,1.3,3000,2999,2999,9.413333333332558,99.96666666666667,2.851950650216739,81.30343603807064,4.091666666666667,0.0,5879.0,0.06042525083612041
deadline_satisfaction,BADP_PLUS,10028,1.3,3000,2974,2974,9.081439999999262,99.13333333333334,2.6590450571620714,79.68379446640316,3.9472222222222224,0.0,5672.0,0.04501012965964343
deadline_satisfaction,BADP_PLUS,10029,1.3,3000,2976,2976,9.326239999999235,99.2,2.5406586021505375,79.68379446640316,4.053472222222222,0.0,5825.0,0.06850399022801303
deadline_satisfaction,CDASCALER,10000,1.3,3000,2775,1644,11.329659999997267,54.8,58.94018018018018,99.90035336230753,22.413888888888888,30712.0,1434.0,0.011913760683760684
deadline_satisfaction,CDASCALER,10001,1.3,3000,2857,1388,11.996186666662577,46.266666666666666,64.88379418970949,99.93425858290723,23.74375,32978.0,1065.0,0.04778047775947281
deadline_satisfaction,CDASCALER,10002,1.3,3000,2903,1213,11.968719999995626,40.43333333333333,65.72270065449536,99.93625159371015,23.9875,33611.0,816.0,0.0594742671009772
deadline_satisfaction,CDASCALER,10003,1.3,3000,2906,1500,12.19794666666201,50.0,60.37577426015141,99.9220387016298,23.71388888888889,32954.0,948.0,0.01568851634534786
deadline_satisfaction,CDASCALER,10004,1.3,3000,2801,2218,11.880533333328676,73.93333333333334,51.97001071046055,85.29768192275971,24.508333333333333,34247.0,11.0,0.024034514003294895
deadline_satisfaction,CDASCALER,10005,1.3,3000,2910,2384,12.565093333328315,79.46666666666667,49.3085910652921,53.664596986147295,25.259722222222223,35237.0,4.0,0.06480745033112584
deadline_satisfaction,CDASCALER,10006,1.3,3000,2903,1109,12.107079999995635,36.96666666666667,62.06682741991044,99.92211897666891,24.133333333333333,34155.0,414.0,0.011154614093959733
deadline_satisfaction,CDASCALER,10007,1.3,3000,2869,1372,11.837146666662271,45.733333333333334,62.6420355524573,99.93381768979616,23.601388888888888,32828.0,1015.0,0.035858141447368416
deadline_satisfaction,CDASCALER,10008,1.3,3000,2872,1468,11.803399999995664,48.93333333333333,63.13091922005571,99.9345806620437,23.64097222222222,33010.0,908.0,0.027958963815789474
deadline_satisfaction,CDASCALER,10009,1.3,3000,2899,1874,12.240946666661804,62.46666666666667,57.73266643670231,99.91855759231184,24.417361111111113,34163.0,424.0,0.011473355817875211
deadline_satisfaction,CDASCALER,10010,1.3,3000,2905,2375,12.541706666661915,79.16666666666667,49.964199655765924,59.32706429002962,25.256944444444443,35230.0,0.0,0.0527422131147541
deadline_satisfaction,CDASCALER,10011,1.3,3000,2834,1506,11.884946666662277,50.2,59.613267466478476,99.89558707135915,23.560416666666665,32887.0,793.0,0.013584991423670669
deadline_satisfaction,CDASCALER,10012,1.3,3000,2899,1528,12.37410666666185,50.93333333333333,64.08037254225594,99.9334890182979,23.82777777777778,32806.0,1387.0,0.04384419191919192
deadline_satisfaction,CDASCALER,10013,1.3,3000,2891,1829,11.81054666666222,60.96666666666667,56.44206157039087,99.92931085942287,22.938194444444445,31422.0,1468.0,0.015738147833474936
deadline_satisfaction,CDASCALER,10014,1.3,3000,2883,1366,11.69129333332945,45.53333333333333,63.18765175164759,99.92907913192859,22.856944444444444,31421.0,1416.0,0.013425938281901584
deadline_satisfaction,CDASCALER,10015,1.3,3000,2907,2357,12.495946666661641,78.56666666666666,50.340213278293774,47.80454711535698,25.233333333333334,35192.0,0.0,0.09351890790546047
deadline_satisfaction,CDASCALER,10016,1.3,3000,2904,2340,12.457813333328183,78.0,49.574380165289256,97.33742689069949,25.02638888888889,34951.0,0.0,0.023112913640032283
deadline_satisfaction,CDASCALER,10017,1.3,3000,2905,1326,12.127893333329283,44.2,64.39518072289157,99.93376118699953,23.534027777777776,32610.0,1203.0,0.010922734761120262
deadline_satisfaction,CDASCALER,10018,1.3,3000,2827,1253,11.775859999996026,41.766666666666666,63.8443579766537,99.92369302712643,23.3875,32597.0,993.0,0.013689909762100081
deadline_satisfaction,CDASCALER,10019,1.3,3000,2914,1578,11.92441999999553,52.6,60.69423472889499,99.92678577102183,23.695833333333333,33086.0,768.0,0.011890376569037657
deadline_satisfaction,CDASCALER,10020,1.3,3000,2867,1601,11.74195333333015,53.36666666666667,59.24764562260202,99.92622043693898,22.5125,30589.0,1714.0,0.01188912489379779
deadline_satisfaction,CDASCALER,10021,1.3,3000,2868,1556,11.797626666663053,51.86666666666667,59.7489539748954,99.91822704762342,23.175694444444446,32195.0,1067.0,0.020041730934018853
deadline_satisfaction,CDASCALER,10022,1.3,3000,2883,1677,12.1335199999956,55.9,60.97606659729448,99.93458351504579,23.872916666666665,33042.0,1114.0,0.03297020746887967
deadline_satisfaction,CDASCALER,10023,1.3,3000,2872,2085,11.881946666662298,69.5,52.12291086350975,99.92001575074447,24.21527777777778,34287.0,42.0,0.0122838683127572
deadline_satisfaction,CDASCALER,10024,1.3,3000,2911,1647,12.182293333329202,54.9,61.763655101339744,99.933051654368,23.59236111111111,32470.0,1315.0,0.022452467105263156
deadline_satisfaction,CDASCALER,10025,1.3,3000,2905,2246,12.20421333332921,74.86666666666666,50.71290877796902,99.89894907033145,24.57986111111111,34470.0,30.0,0.013767170445004197
deadline_satisfaction,CDASCALER,10026,1.3,3000,2905,1389,12.291306666662209,46.3,65.2368330464716,99.93387020926404,23.740277777777777,32788.0,1293.0,0.021203338762214984
deadline_satisfaction,CDASCALER,10027,1.3,3000,2909,1274,12.239519999995231,42.46666666666667,65.70608456514266,99.93660185967879,24.15277777777778,33713.0,943.0,0.06601505016722407
deadline_satisfaction,CDASCALER,10028,1.3,3000,2863,1386,11.759613333328817,46.2,63.03108627314006,99.9350827334497,23.70277777777778,33173.0,823.0,0.026153889789303077
deadline_satisfaction,CDASCALER,10029,1.3,3000,2849,1235,11.896639999996067,41.166666666666664,65.72270972270972,99.93343982960596,23.363888888888887,32507.0,1094.0,0.012101954397394137
deadline_satisfaction,CEDULE,10000,1.3,3000,2906,2906,8.34655999999934,96.86666666666666,18.021335168616655,53.19261213720316,3.625,3.0,5214.0,0.0067599145299145295
deadline_satisfaction,CEDULE,10001,1.3,3000,2976,2976,8.649599999999309,99.2,18.874327956989248,0.0,3.754166666666667,0.0,5406.0,0.005706836902800659
deadline_satisfaction,CEDULE,10002,1.3,3000,2999,2999,8.414399999999334,99.96666666666667,18.456485495165055,0.0,3.652083333333333,0.0,5259.0,0.0077667752442996734
deadline_satisfaction,CEDULE,10003,1.3,3000,2999,2999,8.753599999999297,99.96666666666667,19.047349116372125,0.0,3.7993055555555557,0.0,5471.0,0.010897988264878459
deadline_satisfaction,CEDULE,10004,1.3,3000,2922,2922,8.261493333332684,97.4,18.033196440793976,8.88497135301895,3.5861111111111112,1.0,5163.0,0.008294069192751236
deadline_satisfaction,CEDULE,10005,1.3,3000,2999,2999,8.706293333332637,99.96666666666667,19.0863621207069,8.88497135301895,3.779166666666667,0.0,5441.0,0.00576158940397351
deadline_satisfaction,CEDULE,10006,1.3,3000,2999,2999,8.593599999999315,99.96666666666667,18.672890963654552,0.0,3.729861111111111,0.0,5371.0,0.007453942953020134
deadline_satisfaction,CEDULE,10007,1.3,3000,2985,2985,8.49989333333266,99.5,18.343048576214404,8.88497135301895,3.689583333333333,0.0,5312.0,0.0066740131578947376
deadline_satisfaction,CEDULE,10008,1.3,3000,2991,2991,8.473386666665995,99.7,18.633233032430624,17.76211453744493,3.678472222222222,0.0,5295.0,0.00522952302631579
deadline_satisfaction,CEDULE,10009,1.3,3000,2993,2993,8.623093333332646,99.76666666666667,18.834948212495824,8.88497135301895,3.7430555555555554,0.0,5389.0,0.005093844856661045
deadline_satisfaction,CEDULE,10010,1.3,3000,2999,2999,8.679439999999307,99.96666666666667,18.988996332110702,13.324520819563778,3.7680555555555557,0.0,5424.0,0.007700819672131147
deadline_satisfaction,CEDULE,10011,1.3,3000,2951,2951,8.572586666665984,98.36666666666666,18.60047441545239,17.76211453744493,3.7215277777777778,0.0,5357.0,0.0054426243567753
deadline_satisfaction,CEDULE,10012,1.3,3000,3000,3000,8.801599999999292,100.0,19.147,0.0,3.8201388888888888,0.0,5501.0,0.005447979797979798
deadline_satisfaction,CEDULE,10013,1.3,3000,2996,2996,8.625733333332645,99.86666666666666,18.675901201602137,22.197753798722744,3.745138888888889,0.0,5390.0,0.007157349192863212
deadline_satisfaction,CEDULE,10014,1.3,3000,2989,2989,8.368693333332674,99.63333333333334,18.1886918701907,8.88497135301895,3.6326388888888888,0.0,5230.0,0.006046705587989992
deadline_satisfaction,CEDULE,10015,1.3,3000,3000,3000,8.614399999999312,100.0,18.717,0.0,3.738888888888889,0.0,5384.0,0.0049360228198859005
deadline_satisfaction,CEDULE,10016,1.3,3000,2998,2998,8.66949333333264,99.93333333333334,18.78285523682455,8.88497135301895,3.7631944444444443,0.0,5418.0,0.004511622276029055
deadline_satisfaction,CEDULE,10017,1.3,3000,2999,2999,8.617599999999312,99.96666666666667,18.784594864954986,0.0,3.7402777777777776,0.0,5386.0,0.004890691927512355
deadline_satisfaction,CEDULE,10018,1.3,3000,2960,2960,8.487999999999326,98.66666666666667,18.347972972972972,0.0,3.6840277777777777,0.0,5305.0,0.006152666119770303
deadline_satisfaction,CEDULE,10019,1.3,3000,2999,2999,8.385599999999338,99.96666666666667,18.433144381460487,0.0,3.6395833333333334,0.0,5241.0,0.006417489539748954
deadline_satisfaction,CEDULE,10020,1.3,3000,2991,2991,8.601599999999314,99.7,18.456369107321965,0.0,3.7333333333333334,0.0,5376.0,0.005781733220050977
deadline_satisfaction,CEDULE,10021,1.3,3000,2989,2989,8.594293333332649,99.63333333333334,19.054867848778855,8.88497135301895,3.7305555555555556,0.0,5371.0,0.010459383033419022
deadline_satisfaction,CEDULE,10022,1.3,3000,2989,2989,8.671999999999306,99.63333333333334,18.95617263298762,0.0,3.763888888888889,0.0,5420.0,0.011384564315352699
deadline_satisfaction,CEDULE,10023,1.3,3000,2975,2975,8.412586666666002,99.16666666666667,18.51058823529412,17.76211453744493,3.652083333333333,0.0,5257.0,0.005693991769547325
deadline_satisfaction,CEDULE,10024,1.3,3000,2998,2998,8.673599999999306,99.93333333333334,19.154769846564378,0.0,3.7645833333333334,0.0,5421.0,0.006561842105263158
deadline_satisfaction,CEDULE,10025,1.3,3000,2999,2999,8.496479999999327,99.96666666666667,18.712904301433813,8.965213562307351,3.688888888888889,2.0,5309.0,0.004814021830394626
deadline_satisfaction,CEDULE,10026,1.3,3000,3000,3000,8.747199999999298,100.0,18.672,0.0,3.796527777777778,0.0,5467.0,0.006875407166123778
deadline_satisfaction,CEDULE,10027,1.3,3000,2999,2999,8.623999999999311,99.96666666666667,19.084028009336446,0.0,3.7430555555555554,0.0,5390.0,0.017398578595317727
deadline_satisfaction,CEDULE,10028,1.3,3000,2974,2974,8.360479999999342,99.13333333333334,18.515131136516477,8.965213562307351,3.629861111111111,2.0,5224.0,0.007570016207455429
deadline_satisfaction,CEDULE,10029,1.3,3000,2976,2976,8.604799999999313,99.2,18.71673387096774,0.0,3.734722222222222,0.0,5378.0,0.00544657980456026
deadline_satisfaction,CEMA,10000,1.3,3000,2778,1493,10.90143999999744,49.766666666666666,63.38444924406048,99.9043191286453,21.991666666666667,30409.0,1239.0,0.009715384615384615
deadline_satisfaction,CEMA,10001,1.3,3000,2854,1237,11.643026666662736,41.233333333333334,69.22950245269797,99.93346246543744,23.43611111111111,32804.0,933.0,0.009254118616144976
deadline_satisfaction,CEMA,10002,1.3,3000,2892,988,11.635026666662565,32.93333333333333,71.0615491009682,99.9348496474642,23.603472222222223,33203.0,772.0,0.014960667752442997
deadline_satisfaction,CEMA,10003,1.3,3000,2888,1389,11.598393333329286,46.3,65.07375346260388,99.9286320347007,22.525694444444444,31020.0,1401.0,0.009093713327745181
deadline_satisfaction,CEMA,10004,1.3,3000,2789,1239,11.121013333329566,41.3,68.86124058802439,99.93055984198507,22.788888888888888,31888.0,913.0,0.009512602965403624
deadline_satisfaction,CEMA,10005,1.3,3000,2899,1434,11.79841999999593,47.8,66.92169713694378,99.93304318714429,23.42152777777778,32637.0,1076.0,0.01399180463576159
deadline_satisfaction,CEMA,10006,1.3,3000,2899,1321,11.466473333329645,44.03333333333333,66.21317695757158,99.92948421621708,22.573611111111113,31253.0,1236.0,0.010666359060402685
deadline_satisfaction,CEMA,10007,1.3,3000,2869,1170,11.477159999995807,39.0,67.01115371209481,99.93254485766965,23.194444444444443,32459.0,929.0,0.012280674342105263
deadline_satisfaction,CEMA,10008,1.3,3000,2875,1267,11.528373333329196,42.233333333333334,67.84243478260869,99.93365571740284,23.294444444444444,32694.0,840.0,0.012865707236842105
deadline_satisfaction,CEMA,10009,1.3,3000,2884,1356,11.500386666662282,45.2,65.0,99.92964902681155,22.79861111111111,31571.0,1241.0,0.00854468802698145
deadline_satisfaction,CEMA,10010,1.3,3000,2895,1223,11.838846666662203,40.766666666666666,68.93678756476685,99.93443243991462,23.618055555555557,33054.0,947.0,0.011559508196721312
deadline_satisfaction,CEMA,10011,1.3,3000,2826,1689,11.07172666666403,56.3,60.396673743807504,99.91784023782738,21.87638888888889,29958.0,1529.0,0.009538421955403088
deadline_satisfaction,CEMA,10012,1.3,3000,2887,1436,11.833666666662333,47.86666666666667,69.09941115344648,99.93220543260466,23.37986111111111,32472.0,1188.0,0.010879545454545454
deadline_satisfaction,CEMA,10013,1.3,3000,2879,1580,11.456599999995856,52.666666666666664,60.82702327196943,99.92454968480247,22.7,31461.0,1195.0,0.010528547153780798
deadline_satisfaction,CEMA,10014,1.3,3000,2882,1204,11.220726666663069,40.13333333333333,66.63775156141568,99.92828513829016,22.416666666666668,31072.0,1198.0,0.011374145120934112
deadline_satisfaction,CEMA,10015,1.3,3000,2895,1209,11.76327999999563,40.3,70.24490500863558,99.9336811389159,23.513194444444444,32860.0,984.0,0.014942298288508557
deadline_satisfaction,CEMA,10016,1.3,3000,2892,1259,11.732113333329393,41.96666666666667,67.58955739972338,99.93324085956102,23.254166666666666,32463.0,1013.0,0.010017029862792574
deadline_satisfaction,CEMA,10017,1.3,3000,2898,1141,11.724013333329502,38.03333333333333,68.32263630089717,99.93284484173768,23.113888888888887,32224.0,1051.0,0.0076880560131795716
deadline_satisfaction,CEMA,10018,1.3,3000,2831,1100,11.465533333329558,36.666666666666664,67.86435888378665,99.92757200672841,23.008333333333333,32220.0,907.0,0.010579245283018868
deadline_satisfaction,CEMA,10019,1.3,3000,2900,1464,11.381399999996061,48.8,64.69758620689655,99.9298376911923,22.647222222222222,31451.0,1148.0,0.009268200836820084
deadline_satisfaction,CEMA,10020,1.3,3000,2865,1433,11.25500666666367,47.766666666666666,62.936823734729494,99.92539231209226,22.045833333333334,30250.0,1483.0,0.013477145284621921
deadline_satisfaction,CEMA,10021,1.3,3000,2866,1304,11.31469999999709,43.46666666666667,62.90055826936497,99.92321061135324,22.323611111111113,30901.0,1229.0,0.010813281919451585
deadline_satisfaction,CEMA,10022,1.3,3000,2880,1458,11.719173333329195,48.6,66.60347222222222,99.93344967316395,23.504166666666666,32856.0,982.0,0.018147634854771784
deadline_satisfaction,CEMA,10023,1.3,3000,2861,1151,11.340206666662832,38.36666666666667,65.78049632995456,99.92637325155255,22.69097222222222,31719.0,948.0,0.011997448559670783
deadline_satisfaction,CEMA,10024,1.3,3000,2894,1378,11.672959999996168,45.93333333333333,66.67415342087077,99.93191721132898,23.14375,32194.0,1118.0,0.015228042763157893
deadline_satisfaction,CEMA,10025,1.3,3000,2895,1412,11.427086666662762,47.06666666666667,65.51018998272885,99.92937576019148,22.55902777777778,31252.0,1222.0,0.009359865659109992
deadline_satisfaction,CEMA,10026,1.3,3000,2899,1221,11.845339999995844,40.7,68.97930320800276,99.93280623558134,23.30625,32423.0,1131.0,0.013341205211726383
deadline_satisfaction,CEMA,10027,1.3,3000,2899,1088,11.930413333328858,36.266666666666666,72.1607450845119,99.93527880452761,23.832638888888887,33400.0,907.0,0.012090969899665552
deadline_satisfaction,CEMA,10028,1.3,3000,2859,1204,11.436139999995824,40.13333333333333,66.7873382301504,99.93390177804217,23.310416666666665,32803.0,755.0,0.009925445705024311
deadline_satisfaction,CEMA,10029,1.3,3000,2847,1117,11.542619999996264,37.233333333333334,67.7056550755181,99.93275804101759,22.971527777777776,32131.0,947.0,0.009555781758957655
deadline_satisfaction,EDF,10000,1.3,3000,2888,2832,9.75737999999885,94.4,4.3694598337950135,96.3152435701352,7.792361111111111,6462.0,4000.0,0.01766820512820513
deadline_satisfaction,EDF,10001,1.3,3000,2971,2917,10.192406666665443,97.23333333333333,4.41029956243689,99.50376530455421,8.220138888888888,6828.0,4181.0,0.011852553542009885
deadline_satisfaction,EDF,10002,1.3,3000,2999,2926,10.00627999999886,97.53333333333333,4.577192397465822,99.849291670853,8.504166666666666,7395.0,4002.0,0.011592345276872964
deadline_satisfaction,EDF,10003,1.3,3000,2997,2936,10.24976666666545,97.86666666666666,4.422756089422756,96.44196981785466,8.10138888888889,6696.0,4198.0,0.017925901089689857
deadline_satisfaction,EDF,10004,1.3,3000,2906,2855,9.676873333332244,95.16666666666667,4.174122505161734,95.82671585106576,7.508333333333334,6018.0,4050.0,0.02099184514003295
deadline_satisfaction,EDF,10005,1.3,3000,2997,2934,10.25911999999867,97.8,4.445779112445779,98.82226762002043,8.290972222222223,6932.0,4213.0,0.01691746688741722
deadline_satisfaction,EDF,10006,1.3,3000,2996,2943,10.083319999998803,98.1,4.243324432576769,92.94825511432009,7.9215277777777775,6450.0,4134.0,0.010226174496644296
deadline_satisfaction,EDF,10007,1.3,3000,2978,2909,9.994579999998829,96.96666666666667,4.381464069845534,95.01504910307345,8.054166666666667,6670.0,4080.0,0.013085444078947368
deadline_satisfaction,EDF,10008,1.3,3000,2986,2927,10.011806666665478,97.56666666666666,4.347287340924313,95.10330962477404,8.104166666666666,6769.0,4034.0,0.017798519736842107
deadline_satisfaction,EDF,10009,1.3,3000,2989,2916,10.147453333332063,97.2,4.612579458012713,97.8393185234675,8.383333333333333,7193.0,4082.0,0.017981112984822935
deadline_satisfaction,EDF,10010,1.3,3000,2995,2951,10.225179999998758,98.36666666666666,4.324874791318865,97.46801552200363,8.097916666666666,6679.0,4177.0,0.02181204918032787
deadline_satisfaction,EDF,10011,1.3,3000,2936,2872,10.067233333332148,95.73333333333333,4.592302452316076,99.1590337105583,8.23611111111111,7001.0,4111.0,0.011603430531732418
deadline_satisfaction,EDF,10012,1.3,3000,2999,2956,10.369099999998747,98.53333333333333,4.372124041347115,97.16441633622782,8.150694444444444,6714.0,4226.0,0.017465319865319864
deadline_satisfaction,EDF,10013,1.3,3000,2991,2897,10.117046666665333,96.56666666666666,5.098294884653962,99.85253879049039,8.840972222222222,8017.0,4000.0,0.011534494477485132
deadline_satisfaction,EDF,10014,1.3,3000,2987,2932,9.86626666666547,97.73333333333333,4.17676598593907,93.52146208248722,7.822916666666667,6389.0,4055.0,0.01886605504587156
deadline_satisfaction,EDF,10015,1.3,3000,2999,2932,10.173319999998764,97.73333333333333,4.433144381460487,99.16675148430873,8.219444444444445,6851.0,4148.0,0.01197481662591687
deadline_satisfaction,EDF,10016,1.3,3000,2995,2936,10.17276666666544,97.86666666666666,4.237395659432387,92.87339946837159,7.991666666666666,6455.0,4223.0,0.029425988700564967
deadline_satisfaction,EDF,10017,1.3,3000,2998,2947,10.11497333333215,98.23333333333333,4.2251501000667115,92.76874801678242,7.877083333333333,6309.0,4232.0,0.014523887973640858
deadline_satisfaction,EDF,10018,1.3,3000,2942,2887,9.977733333332123,96.23333333333333,4.194085656016315,96.6204265031025,7.738888888888889,6164.0,4181.0,0.01519327317473339
deadline_satisfaction,EDF,10019,1.3,3000,2997,2950,9.875433333332237,98.33333333333333,4.232899566232899,94.92568147201456,7.7972222222222225,6392.0,4061.0,0.01624192468619247
deadline_satisfaction,EDF,10020,1.3,3000,2987,2936,10.091513333332149,97.86666666666666,4.330097087378641,98.46251916682459,8.01388888888889,6598.0,4146.0,0.021142225998300766
deadline_satisfaction,EDF,10021,1.3,3000,2984,2926,10.070833333332095,97.53333333333333,4.576742627345845,98.8168089072842,8.210416666666667,6930.0,4110.0,0.020330419880034277
deadline_satisfaction,EDF,10022,1.3,3000,2984,2916,10.194553333332166,97.2,4.512734584450402,99.8467171932215,8.301388888888889,6996.0,4174.0,0.015603734439834024
deadline_satisfaction,EDF,10023,1.3,3000,2968,2908,9.869186666665549,96.93333333333334,4.236522911051213,92.83493449781659,7.811805555555556,6375.0,4050.0,0.013934567901234566
deadline_satisfaction,EDF,10024,1.3,3000,2995,2943,10.179973333332129,98.1,4.246744574290484,94.97816896527826,7.916666666666667,6353.0,4219.0,0.027551069078947367
deadline_satisfaction,EDF,10025,1.3,3000,2998,2952,10.007739999998819,98.4,4.312875250166778,95.06243505221376,7.997222222222222,6638.0,4058.0,0.019985978169605373
deadline_satisfaction,EDF,10026,1.3,3000,2994,2948,10.243359999998797,98.26666666666667,4.177020708082832,92.09299058856581,7.81875,6166.0,4300.0,0.016486807817589575
deadline_satisfaction,EDF,10027,1.3,3000,2998,2916,10.279273333332016,97.2,5.0233488992661774,99.85282333894786,8.838888888888889,7803.0,4095.0,0.015045652173913042
deadline_satisfaction,EDF,10028,1.3,3000,2968,2908,9.913226666665508,96.93333333333334,4.195417789757412,94.98824180384563,7.832638888888889,6401.0,4046.0,0.010257536466774715
deadline_satisfaction,EDF,10029,1.3,3000,2975,2930,10.135519999998836,97.66666666666667,4.189915966386555,91.57319587628866,7.870138888888889,6315.0,4165.0,0.03010985342019544
deadline_satisfaction,HPA,10000,1.3,3000,2778,1633,11.271046666663949,54.43333333333333,59.37005039596832,99.90523844957677,22.379166666666666,30691.0,1403.0,0.013737692307692308
deadline_satisfaction,HPA,10001,1.3,3000,2854,1389,11.982133333329251,46.3,65.62018220042046,99.93426050371063,23.72222222222222,32967.0,1056.0,0.012331630971993409
deadline_satisfaction,HPA,10002,1.3,3000,2904,1182,11.934666666662313,39.4,67.59504132231405,99.93619917200704,23.93402777777778,33573.0,801.0,0.013708794788273615
deadline_satisfaction,HPA,10003,1.3,3000,2896,1454,11.998066666662343,48.46666666666667,61.62810773480663,99.92949692136558,22.94375,31396.0,1567.0,0.009167812238055323
deadline_satisfaction,HPA,10004,1.3,3000,2813,2237,11.854746666662054,74.56666666666666,51.93778883753999,99.91191957412512,24.4375,34256.0,25.0,0.011776935749588139
deadline_satisfaction,HPA,10005,1.3,3000,2908,2381,12.547066666661664,79.36666666666666,49.463892709766164,99.89791303507842,25.23125,35229.0,4.0,0.01633129139072848
deadline_satisfaction,HPA,10006,1.3,3000,2903,1481,11.9569733333293,49.36666666666667,62.79641749913882,99.93063369969018,23.06597222222222,31685.0,1428.0,0.008748070469798657
deadline_satisfaction,HPA,10007,1.3,3000,2870,1358,11.785146666662305,45.266666666666666,62.74320557491289,99.9338760396156,23.57638888888889,32839.0,976.0,0.009788240131578948
deadline_satisfaction,HPA,10008,1.3,3000,2874,1455,11.765946666662355,48.5,64.04140570633264,99.93456829615843,23.59027777777778,32958.0,886.0,0.010433059210526317
deadline_satisfaction,HPA,10009,1.3,3000,2897,1850,12.095599999995088,61.666666666666664,58.60614428719365,99.9239403692495,24.040277777777778,33506.0,686.0,0.010870489038785834
deadline_satisfaction,HPA,10010,1.3,3000,2905,2376,12.538066666661917,79.2,49.977969018932875,99.9049971499145,25.236805555555556,35238.0,0.0,0.013459180327868853
deadline_satisfaction,HPA,10011,1.3,3000,2831,1925,11.518773333330532,64.16666666666667,55.193217944189335,99.91913444146655,22.35902777777778,30247.0,1705.0,0.010882761578044596
deadline_satisfaction,HPA,10012,1.3,3000,2898,1496,12.327213333328556,49.86666666666667,64.96894409937889,99.93332246736506,23.772222222222222,32738.0,1376.0,0.014330050505050505
deadline_satisfaction,HPA,10013,1.3,3000,2892,1786,11.682253333329,59.53333333333333,56.74170124481328,99.92933971892911,22.895138888888887,31449.0,1385.0,0.008826508071367884
deadline_satisfaction,HPA,10014,1.3,3000,2882,1357,11.62281333332948,45.233333333333334,64.3147120055517,99.9289985641932,22.81736111111111,31411.0,1381.0,0.014083986655546289
deadline_satisfaction,HPA,10015,1.3,3000,2908,2355,12.479653333328326,78.5,50.578404401650616,99.89064482739207,25.181944444444444,35137.0,0.0,0.030858190709046454
deadline_satisfaction,HPA,10016,1.3,3000,2900,1875,12.274479999995151,62.5,56.39896551724138,99.92588056321054,24.754166666666666,35094.0,88.0,0.018303147699757872
deadline_satisfaction,HPA,10017,1.3,3000,2905,1289,12.078253333329311,42.96666666666667,64.97314974182444,99.93376996099786,23.520833333333332,32629.0,1171.0,0.010103130148270181
deadline_satisfaction,HPA,10018,1.3,3000,2835,1237,11.744233333329383,41.233333333333334,64.94673721340388,99.92857757131675,23.372222222222224,32594.0,978.0,0.014448892534864642
deadline_satisfaction,HPA,10019,1.3,3000,2914,1555,11.76368666666242,51.833333333333336,62.06142759094029,99.93079318697374,23.056944444444444,31792.0,1291.0,0.013678075313807533
deadline_satisfaction,HPA,10020,1.3,3000,2866,1604,11.689993333330166,53.46666666666667,59.04989532449407,99.92628207753488,22.493055555555557,30596.0,1676.0,0.023166864910790144
deadline_satisfaction,HPA,10021,1.3,3000,2865,1690,11.596019999996988,56.333333333333336,57.71239092495637,99.92414144369671,22.741666666666667,31319.0,1320.0,0.017169151670951156
deadline_satisfaction,HPA,10022,1.3,3000,2885,1675,12.098439999995621,55.833333333333336,62.27590987868284,99.9344434246755,23.819444444444443,32993.0,1108.0,0.017019336099585062
deadline_satisfaction,HPA,10023,1.3,3000,2862,1239,11.64090666666263,41.3,64.01187980433264,99.93225748178479,23.04861111111111,32089.0,1062.0,0.017387489711934156
deadline_satisfaction,HPA,10024,1.3,3000,2911,1634,12.14843999999588,54.46666666666667,62.27104087942288,99.93306858239258,23.570833333333333,32471.0,1292.0,0.015375411184210527
deadline_satisfaction,HPA,10025,1.3,3000,2906,1651,11.863173333329064,55.03333333333333,61.37474191328286,99.93074579088308,23.027083333333334,31634.0,1358.0,0.011532829554995802
deadline_satisfaction,HPA,10026,1.3,3000,2907,1383,12.263893333328879,46.1,65.7079463364293,99.93387798283766,23.7125,32764.0,1275.0,0.011956351791530944
deadline_satisfaction,HPA,10027,1.3,3000,2910,1232,12.221359999995236,41.06666666666667,69.1127147766323,99.93649987299975,24.122916666666665,33679.0,944.0,0.013565719063545149
deadline_satisfaction,HPA,10028,1.3,3000,2864,1366,11.717613333328853,45.53333333333333,63.322625698324025,99.93505462627546,23.648611111111112,33110.0,800.0,0.017861264181523503
deadline_satisfaction,HPA,10029,1.3,3000,2846,1217,11.869093333329415,40.56666666666667,65.90688685874912,99.93343786054493,23.351388888888888,32504.0,1077.0,0.013383550488599348
deadline_satisfaction,AMRP,10000,1.6,3000,2771,2114,12.932673333328216,70.46666666666667,50.05593648502346,93.8707115140894,26.053472222222222,36516.0,9.0,0.057377350427350426
deadline_satisfaction,AMRP,10001,1.6,3000,2887,2336,13.353706666660447,77.86666666666666,48.74402493938344,89.43932896064582,26.065277777777776,36474.0,7.0,0.031922570016474465
deadline_satisfaction,AMRP,10002,1.6,3000,2911,2360,13.183386666661331,78.66666666666667,48.254551700446584,94.41065880696954,25.936805555555555,36231.0,0.0,0.03372475570032574
deadline_satisfaction,AMRP,10003,1.6,3000,2900,1894,13.401919999995187,63.13333333333333,52.88448275862069,88.77978687390531,26.114583333333332,36804.0,116.0,0.028090947191953063
deadline_satisfaction,AMRP,10004,1.6,3000,2787,2024,12.987706666661907,67.46666666666667,56.938643702906354,91.18898178120924,26.915972222222223,37925.0,9.0,0.031922817133443165
deadline_satisfaction,AMRP,10005,1.6,3000,2919,2408,13.508199999993996,80.26666666666667,46.19355943816375,83.22268731617618,26.205555555555556,36618.0,4.0,0.051388576158940394
deadline_satisfaction,AMRP,10006,1.6,3000,2902,2233,13.251373333328274,74.43333333333334,48.79014472777395,87.00565373411277,25.955555555555556,36532.0,1.0,0.057518875838926176
deadline_satisfaction,AMRP,10007,1.6,3000,2880,1873,13.047119999994504,62.43333333333333,53.35520833333333,91.24653058356463,25.771527777777777,36185.0,177.0,0.033388322368421056
deadline_satisfaction,AMRP,10008,1.6,3000,2897,2355,13.154346666660887,78.5,47.04452882292026,86.89420125641836,25.819444444444443,36094.0,2.0,0.021367598684210527
deadline_satisfaction,AMRP,10009,1.6,3000,2897,1765,13.410186666661996,58.833333333333336,57.06282361063169,89.67701867852512,26.802777777777777,37814.0,106.0,0.034038195615514334
deadline_satisfaction,AMRP,10010,1.6,3000,2902,2296,13.47601333332854,76.53333333333333,49.37973811164714,87.02095125109001,26.527083333333334,37328.0,1.0,0.03422188524590164
deadline_satisfaction,AMRP,10011,1.6,3000,2843,2288,13.162559999994215,76.26666666666667,45.10306014773127,93.36729205215372,25.61875,35865.0,8.0,0.04718825042881647
deadline_satisfaction,AMRP,10012,1.6,3000,2907,2032,13.675306666661722,67.73333333333333,53.27622979016168,91.03274014570721,26.488194444444446,37111.0,195.0,0.04446001683501684
deadline_satisfaction,AMRP,10013,1.6,3000,2899,1744,13.181413333328889,58.13333333333333,55.1007243877199,88.5218428249527,25.620833333333334,35829.0,410.0,0.025424384027187764
deadline_satisfaction,AMRP,10014,1.6,3000,2897,2244,12.935933333328215,74.8,46.702795995857784,84.27458368507224,25.469444444444445,35835.0,6.0,0.025834695579649708
deadline_satisfaction,AMRP,10015,1.6,3000,2914,2372,13.428999999994335,79.06666666666666,47.99245024021963,86.46369135678975,26.167361111111113,36564.0,0.0,0.029034148329258352
deadline_satisfaction,AMRP,10016,1.6,3000,2892,2217,13.657279999994559,73.9,52.44052558782849,85.5674659622028,27.270833333333332,38224.0,0.0,0.04212066182405166
deadline_satisfaction,AMRP,10017,1.6,3000,2909,2326,13.465039999994692,77.53333333333333,48.27225850807838,91.6943294142899,26.419444444444444,37046.0,4.0,0.02344662273476112
deadline_satisfaction,AMRP,10018,1.6,3000,2849,2310,13.127339999994927,77.0,47.374517374517374,90.91559629451221,25.816666666666666,36074.0,5.0,0.03805742411812962
deadline_satisfaction,AMRP,10019,1.6,3000,2908,1651,13.00600666666178,55.03333333333333,55.99518569463549,85.46165921079303,25.381944444444443,35486.0,460.0,0.044604686192468615
deadline_satisfaction,AMRP,10020,1.6,3000,2899,2337,13.252286666661073,77.9,45.9320455329424,96.81566957276632,25.948611111111113,36406.0,0.0,0.03102531860662702
deadline_satisfaction,AMRP,10021,1.6,3000,2892,2356,13.231353333327595,78.53333333333333,44.87690179806362,87.75109781523277,25.745833333333334,35971.0,1.0,0.03614370179948586
deadline_satisfaction,AMRP,10022,1.6,3000,2901,2144,13.36229333332689,71.46666666666667,49.98931402964495,89.65531636838857,26.096527777777776,36637.0,18.0,0.04596721991701245
deadline_satisfaction,AMRP,10023,1.6,3000,2873,2341,13.042959999994954,78.03333333333333,45.94953010790115,84.30342823162644,25.70138888888889,35863.0,8.0,0.04136288065843621
deadline_satisfaction,AMRP,10024,1.6,3000,2915,2378,13.488106666661084,79.26666666666667,46.314236706689535,94.74307911867074,26.178472222222222,36594.0,0.0,0.03169753289473684
deadline_satisfaction,AMRP,10025,1.6,3000,2897,2008,13.210546666662719,66.93333333333334,52.17121159820504,91.70939240585733,26.210416666666667,37018.0,29.0,0.04263131821998321
deadline_satisfaction,AMRP,10026,1.6,3000,2907,2354,13.590373333328062,78.46666666666667,47.415548675610594,89.11158064550669,26.485416666666666,37077.0,0.0,0.030052035830618894
deadline_satisfaction,AMRP,10027,1.6,3000,2915,2119,13.418613333327762,70.63333333333334,53.147855917667236,85.34816736897646,26.102777777777778,36728.0,87.0,0.022356521739130435
deadline_satisfaction,AMRP,10028,1.6,3000,2867,1748,13.1242533333287,58.266666666666666,56.86815486571329,85.22275653582564,26.631944444444443,37588.0,47.0,0.028965478119935172
deadline_satisfaction,AMRP,10029,1.6,3000,2877,2321,13.27059999999477,77.36666666666666,47.63920750782064,89.43180869129479,25.922916666666666,36347.0,5.0,0.039834201954397394
deadline_satisfaction,BADP,10000,1.6,3000,2901,2901,9.457599999999216,96.7,3.7007928300586004,85.85601935874166,4.11875,0.0,5898.0,0.011389145299145299
deadline_satisfaction,BADP,10001,1.6,3000,2972,2972,9.894933333332505,99.06666666666666,3.0555181695827724,70.8867427568042,4.3,1.0,6180.0,0.006407248764415157
deadline_satisfaction,BADP,10002,1.6,3000,2999,2999,9.823146666665846,99.96666666666667,2.7739246415471825,70.86115992970122,4.268055555555556,0.0,6136.0,0.007698615635179154
deadline_satisfaction,BADP,10003,1.6,3000,2999,2999,10.068213333332485,99.96666666666667,3.2597532510836946,81.3260291629743,4.377083333333333,1.0,6287.0,0.013796814752724222
deadline_satisfaction,BADP,10004,1.6,3000,2917,2917,9.442133333332555,97.23333333333333,2.910867329448063,79.69271290605795,4.104166666666667,0.0,5897.0,0.005769851729818781
deadline_satisfaction,BADP,10005,1.6,3000,2999,2999,10.043386666665823,99.96666666666667,2.8849616538846283,66.47639956092205,4.363888888888889,1.0,6273.0,0.009134354304635762
deadline_satisfaction,BADP,10006,1.6,3000,2998,2998,9.736533333332522,99.93333333333334,3.1657771847898597,79.69271290605795,4.231944444444444,0.0,6081.0,0.010560654362416108
deadline_satisfaction,BADP,10007,1.6,3000,2985,2985,9.86661333333251,99.5,2.9276381909547737,81.3260291629743,4.289583333333334,0.0,6161.0,0.008963240131578948
deadline_satisfaction,BADP,10008,1.6,3000,2989,2989,9.86549333333251,99.63333333333334,3.240883238541318,82.7106281631438,4.290277777777778,2.0,6159.0,0.015454194078947369
deadline_satisfaction,BADP,10009,1.6,3000,2993,2993,9.892959999999174,99.76666666666667,3.4834614099565653,82.74273828095981,4.304166666666666,1.0,6174.0,0.008209359190556492
deadline_satisfaction,BADP,10010,1.6,3000,2999,2999,10.049706666665822,99.96666666666667,3.034011337112371,81.33354807537445,4.3694444444444445,3.0,6275.0,0.01154622950819672
deadline_satisfaction,BADP,10011,1.6,3000,2948,2948,9.721493333332527,98.26666666666667,3.655359565807327,79.7460595446585,4.227777777777778,0.0,6069.0,0.01106663807890223
deadline_satisfaction,BADP,10012,1.6,3000,3000,3000,10.187039999999138,100.0,2.911,79.68379446640316,4.427083333333333,0.0,6363.0,0.012063131313131312
deadline_satisfaction,BADP,10013,1.6,3000,2996,2996,9.9534933333325,99.86666666666666,3.2092790387182912,81.34856775024139,4.3284722222222225,1.0,6214.0,0.006349022939677145
deadline_satisfaction,BADP,10014,1.6,3000,2988,2988,9.560026666665877,99.6,3.316599732262383,77.33611993087094,4.158333333333333,0.0,5967.0,0.00660208507089241
deadline_satisfaction,BADP,10015,1.6,3000,3000,3000,10.030719999999157,100.0,2.7853333333333334,79.71052631578948,4.360416666666667,3.0,6264.0,0.006299837000814996
deadline_satisfaction,BADP,10016,1.6,3000,2998,2998,9.934719999999169,99.93333333333334,3.1861240827218147,81.3185041908446,4.31875,1.0,6204.0,0.009169652945924133
deadline_satisfaction,BADP,10017,1.6,3000,2999,2999,9.864533333332506,99.96666666666667,3.0676892297432476,79.69271290605795,4.2875,0.0,6161.0,0.006189785831960461
deadline_satisfaction,BADP,10018,1.6,3000,2959,2959,9.843039999999176,98.63333333333334,2.786076377154444,79.68379446640316,4.277777777777778,0.0,6148.0,0.007960049220672684
deadline_satisfaction,BADP,10019,1.6,3000,2998,2998,9.742933333332521,99.93333333333334,2.9709806537691796,79.69271290605795,4.2347222222222225,0.0,6085.0,0.0073140585774058575
deadline_satisfaction,BADP,10020,1.6,3000,2989,2989,9.774506666665854,99.63333333333334,3.4961525593844094,73.25656305363182,4.249305555555556,1.0,6103.0,0.009187425658453695
deadline_satisfaction,BADP,10021,1.6,3000,2988,2988,9.799893333332516,99.6,3.3992637215528783,79.7460595446585,4.261805555555555,0.0,6118.0,0.009015081405312767
deadline_satisfaction,BADP,10022,1.6,3000,2989,2989,10.104533333332482,99.63333333333334,2.718969555035129,79.69271290605795,4.391666666666667,1.0,6311.0,0.010222821576763486
deadline_satisfaction,BADP,10023,1.6,3000,2974,2974,9.718079999999192,99.13333333333334,3.057834566240753,82.7234865387476,4.227083333333334,0.0,6066.0,0.007545102880658436
deadline_satisfaction,BADP,10024,1.6,3000,2998,2998,9.888106666665841,99.93333333333334,3.2414943295530354,81.33354807537445,4.299305555555556,0.0,6174.0,0.009443009868421053
deadline_satisfaction,BADP,10025,1.6,3000,2999,2999,9.727039999999192,99.96666666666667,3.549516505501834,83.92709196354596,4.233333333333333,0.0,6069.0,0.011897145256087321
deadline_satisfaction,BADP,10026,1.6,3000,2999,2999,10.018133333332491,99.96666666666667,3.0343447815938647,79.69271290605795,4.354166666666667,0.0,6257.0,0.007388355048859935
deadline_satisfaction,BADP,10027,1.6,3000,2999,2999,10.144319999999144,99.96666666666667,3.0230076692230745,73.23500967117988,4.409027777777778,3.0,6335.0,0.013676086956521739
deadline_satisfaction,BADP,10028,1.6,3000,2971,2971,9.721786666665858,99.03333333333333,2.883204308313699,77.25384212012423,4.225,0.0,6072.0,0.007416693679092383
deadline_satisfaction,BADP,10029,1.6,3000,2975,2975,9.947039999999166,99.16666666666667,2.80436974789916,70.87395696091347,4.322222222222222,0.0,6213.0,0.007548208469055374
deadline_satisfaction,BADP_PLUS,10000,1.6,3000,2901,2901,9.450746666665887,96.7,3.7911065149948295,86.94732741589917,4.110416666666667,0.0,5900.0,0.06299222222222223
deadline_satisfaction,BADP_PLUS,10001,1.6,3000,2972,2972,9.893546666665838,99.06666666666666,3.0551816958277254,70.86115992970122,4.298611111111111,0.0,6180.0,0.05227322899505766
deadline_satisfaction,BADP_PLUS,10002,1.6,3000,2999,2999,9.823146666665846,99.96666666666667,2.7739246415471825,70.86115992970122,4.268055555555556,0.0,6136.0,0.07957557003257329
deadline_satisfaction,BADP_PLUS,10003,1.6,3000,2999,2999,10.066133333332486,99.96666666666667,3.262420806935645,81.30343603807064,4.375,0.0,6287.0,0.08678113998323554
deadline_satisfaction,BADP_PLUS,10004,1.6,3000,2917,2917,9.443039999999222,97.23333333333333,2.9149811450119985,79.68379446640316,4.104166666666667,0.0,5898.0,0.06007685337726524
deadline_satisfaction,BADP_PLUS,10005,1.6,3000,2999,2999,10.040399999999156,99.96666666666667,2.8859619873291096,66.44693473961766,4.361805555555556,0.0,6272.0,0.07778543046357615
deadline_satisfaction,BADP_PLUS,10006,1.6,3000,2998,2998,9.739039999999187,99.93333333333334,3.1631087391594397,79.68379446640316,4.232638888888889,0.0,6083.0,0.05922642617449664
deadline_satisfaction,BADP_PLUS,10007,1.6,3000,2985,2985,9.863626666665843,99.5,2.9447236180904524,82.67839832972933,4.2875,0.0,6160.0,0.04506990131578947
deadline_satisfaction,BADP_PLUS,10008,1.6,3000,2989,2989,9.865919999999177,99.63333333333334,3.241886918701907,83.8602329450915,4.288888888888889,0.0,6161.0,0.08742524671052632
deadline_satisfaction,BADP_PLUS,10009,1.6,3000,2993,2993,9.89082666666584,99.76666666666667,3.53792181757434,82.67839832972933,4.299305555555556,0.0,6177.0,0.05135590219224283
deadline_satisfaction,BADP_PLUS,10010,1.6,3000,2999,2999,10.046933333332488,99.96666666666667,3.039679893297766,81.30343603807064,4.366666666666666,0.0,6275.0,0.07782196721311475
deadline_satisfaction,BADP_PLUS,10011,1.6,3000,2948,2948,9.72282666666586,98.26666666666667,3.6862279511533242,82.67839832972933,4.226388888888889,0.0,6072.0,0.061109519725557455
deadline_satisfaction,BADP_PLUS,10012,1.6,3000,3000,3000,10.187039999999138,100.0,2.911,79.68379446640316,4.427083333333333,0.0,6363.0,0.04875530303030303
deadline_satisfaction,BADP_PLUS,10013,1.6,3000,2996,2996,9.9514133333325,99.86666666666666,3.218958611481976,84.88695990153526,4.326388888888889,0.0,6214.0,0.04313891248937978
deadline_satisfaction,BADP_PLUS,10014,1.6,3000,2988,2988,9.558373333332543,99.6,3.3370147255689426,80.3799882120445,4.154861111111111,0.0,5969.0,0.05730450375312761
deadline_satisfaction,BADP_PLUS,10015,1.6,3000,3000,3000,10.027039999999158,100.0,2.784,79.68379446640316,4.357638888888889,0.0,6263.0,0.057917603911980434
deadline_satisfaction,BADP_PLUS,10016,1.6,3000,2998,2998,9.936533333332502,99.93333333333334,3.1877918612408274,81.30343603807064,4.31875,0.0,6206.0,0.06617570621468927
deadline_satisfaction,BADP_PLUS,10017,1.6,3000,2999,2999,9.863839999999174,99.96666666666667,3.0683561187062356,79.68379446640316,4.2868055555555555,0.0,6161.0,0.04548805601317957
deadline_satisfaction,BADP_PLUS,10018,1.6,3000,2959,2959,9.843039999999176,98.63333333333334,2.786076377154444,79.68379446640316,4.277777777777778,0.0,6148.0,0.0696406070549631
deadline_satisfaction,BADP_PLUS,10019,1.6,3000,2998,2998,9.679839999999194,99.93333333333334,2.991327551701134,79.68379446640316,4.206944444444445,0.0,6046.0,0.05441246861924687
deadline_satisfaction,BADP_PLUS,10020,1.6,3000,2989,2989,9.771039999999186,99.63333333333334,3.508531281365005,73.20261437908496,4.245833333333334,0.0,6103.0,0.07525522514868309
deadline_satisfaction,BADP_PLUS,10021,1.6,3000,2988,2988,9.838026666665844,99.6,3.2419678714859437,82.67839832972933,4.276388888888889,0.0,6144.0,0.08383701799485861
deadline_satisfaction,BADP_PLUS,10022,1.6,3000,2989,2989,10.103839999999149,99.63333333333334,2.71796587487454,79.68379446640316,4.3909722222222225,0.0,6311.0,0.07114406639004149
deadline_satisfaction,BADP_PLUS,10023,1.6,3000,2974,2974,9.711413333332526,99.13333333333334,3.23537323470074,84.88695990153526,4.222222222222222,0.0,6064.0,0.07209366255144033
deadline_satisfaction,BADP_PLUS,10024,1.6,3000,2998,2998,9.880533333332508,99.93333333333334,3.2494996664442963,81.30343603807064,4.294444444444444,0.0,6171.0,0.06413141447368421
deadline_satisfaction,BADP_PLUS,10025,1.6,3000,2999,2999,9.755519999999187,99.96666666666667,3.2524174724908304,83.8602329450915,4.240972222222222,0.0,6092.0,0.07492594458438287
deadline_satisfaction,BADP_PLUS,10026,1.6,3000,2999,2999,10.017439999999157,99.96666666666667,3.0323441147049017,79.68379446640316,4.353472222222222,0.0,6257.0,0.05274592833876222
deadline_satisfaction,BADP_PLUS,10027,1.6,3000,2999,2999,10.143839999999145,99.96666666666667,3.0330110036678892,73.20261437908496,4.407638888888889,0.0,6336.0,0.05579138795986622
deadline_satisfaction,BADP_PLUS,10028,1.6,3000,2971,2971,9.721786666665858,99.03333333333333,2.883204308313699,77.25384212012423,4.225,0.0,6072.0,0.06001871961102107
deadline_satisfaction,BADP_PLUS,10029,1.6,3000,2975,2975,9.944746666665834,99.16666666666667,2.8050420168067225,70.86115992970122,4.320833333333334,0.0,6212.0,0.0672271986970684
deadline_satisfaction,CDASCALER,10000,1.6,3000,2782,1564,12.17483333333014,52.13333333333333,56.311286843997124,99.92315039467762,23.009722222222223,31249.0,1772.0,0.010532307692307693
deadline_satisfaction,CDASCALER,10001,1.6,3000,2863,1444,12.870453333328749,48.13333333333333,60.27628361858191,99.93554855342309,24.288888888888888,33417.0,1463.0,0.05499555189456343
deadline_satisfaction,CDASCALER,10002,1.6,3000,2909,1276,12.846079999995029,42.53333333333333,61.4785149535923,99.93720696584059,24.483333333333334,33935.0,1248.0,0.054911726384364826
deadline_satisfaction,CDASCALER,10003,1.6,3000,2904,1551,12.898826666661817,51.7,57.606404958677686,99.93093498680092,23.525,31811.0,1986.0,0.017241994970662197
deadline_satisfaction,CDASCALER,10004,1.6,3000,2808,2258,12.826853333327762,75.26666666666667,47.97044159544159,80.68435428259647,25.485416666666666,35597.0,9.0,0.025256177924217464
deadline_satisfaction,CDASCALER,10005,1.6,3000,2921,1593,13.070639999995251,53.1,58.39404313591236,99.93536154442816,24.3375,33306.0,1610.0,0.03430662251655629
deadline_satisfaction,CDASCALER,10006,1.6,3000,2907,1501,12.791199999995486,50.03333333333333,58.89955280357757,99.93170642870152,23.581944444444446,32059.0,1839.0,0.02046988255033557
deadline_satisfaction,CDASCALER,10007,1.6,3000,2877,1450,12.661706666661873,48.333333333333336,58.91727493917275,99.93507243031108,24.10902777777778,33223.0,1388.0,0.032587582236842105
deadline_satisfaction,CDASCALER,10008,1.6,3000,2878,1456,12.656239999995162,48.53333333333333,60.06775538568451,99.93580415989044,24.176388888888887,33435.0,1299.0,0.024744901315789474
deadline_satisfaction,CDASCALER,10009,1.6,3000,2910,1865,13.217079999994526,62.166666666666664,53.03814432989691,99.91390895816423,25.59027777777778,35949.0,253.0,0.01573760539629005
deadline_satisfaction,CDASCALER,10010,1.6,3000,2914,2396,13.507519999994313,79.86666666666666,46.09917638984214,58.623025087647406,26.240972222222222,36643.0,0.0,0.05326524590163934
deadline_satisfaction,CDASCALER,10011,1.6,3000,2839,1499,12.735573333328038,49.96666666666667,56.42585417400493,99.88470389106539,24.318055555555556,33878.0,964.0,0.017012349914236707
deadline_satisfaction,CDASCALER,10012,1.6,3000,2911,1424,13.21879999999457,47.46666666666667,60.239093095156306,99.93459492456614,24.318055555555556,33121.0,1791.0,0.04145900673400674
deadline_satisfaction,CDASCALER,10013,1.6,3000,2894,1614,12.631239999994916,53.8,54.79647546648238,99.93132182592373,23.51388888888889,31989.0,1779.0,0.01821588785046729
deadline_satisfaction,CDASCALER,10014,1.6,3000,2889,1432,12.489066666662309,47.733333333333334,59.20387677397023,99.93046112003957,23.405555555555555,31865.0,1778.0,0.010288740617180984
deadline_satisfaction,CDASCALER,10015,1.6,3000,2913,2382,13.446853333327654,79.4,46.53003776175764,47.52990591847543,26.20625,36580.0,0.0,0.05300578647106764
deadline_satisfaction,CDASCALER,10016,1.6,3000,2911,2361,13.45083999999384,78.7,46.41051185159739,96.77764329574914,26.070833333333333,36463.0,0.0,0.02090540758676352
deadline_satisfaction,CDASCALER,10017,1.6,3000,2916,1311,12.980399999995404,43.7,60.828875171467764,99.93436597532161,24.00138888888889,32841.0,1668.0,0.00920815485996705
deadline_satisfaction,CDASCALER,10018,1.6,3000,2850,1332,12.62707333332884,44.4,60.089122807017546,99.93474525271714,23.897916666666667,32954.0,1404.0,0.020879081214109925
deadline_satisfaction,CDASCALER,10019,1.6,3000,2917,1513,12.645313333328504,50.43333333333333,57.4977716832362,99.93200003022221,23.593055555555555,32132.0,1717.0,0.017154560669456066
deadline_satisfaction,CDASCALER,10020,1.6,3000,2876,1500,12.642033333329557,50.0,57.19471488178025,99.9263389400925,23.444444444444443,31868.0,1765.0,0.01227519116397621
deadline_satisfaction,CDASCALER,10021,1.6,3000,2872,1324,12.665399999995955,44.13333333333333,57.56267409470752,99.91991705092433,23.771527777777777,32707.0,1450.0,0.010767095115681235
deadline_satisfaction,CDASCALER,10022,1.6,3000,2893,1694,12.967573333328454,56.46666666666667,56.84099550639475,99.93586820202941,24.38888888888889,33462.0,1486.0,0.05813045643153527
deadline_satisfaction,CDASCALER,10023,1.6,3000,2866,1218,12.53195999999543,40.6,60.41486392184229,99.93317592551344,23.58888888888889,32415.0,1520.0,0.010535390946502058
deadline_satisfaction,CDASCALER,10024,1.6,3000,2916,1639,13.013386666662115,54.63333333333333,57.64437585733882,99.93480150680962,24.163888888888888,33050.0,1639.0,0.01830904605263158
deadline_satisfaction,CDASCALER,10025,1.6,3000,2912,2242,13.13653333332824,74.73333333333333,47.18543956043956,99.89706606448546,25.485416666666666,35722.0,120.0,0.011025104953820319
deadline_satisfaction,CDASCALER,10026,1.6,3000,2914,1420,13.112293333328335,47.333333333333336,60.189087165408374,99.93471259031425,24.211111111111112,33070.0,1711.0,0.022165716612377852
deadline_satisfaction,CDASCALER,10027,1.6,3000,2915,1331,13.095519999994693,44.36666666666667,61.822641509433964,99.93734335839599,24.606944444444444,33962.0,1387.0,0.0547195652173913
deadline_satisfaction,CDASCALER,10028,1.6,3000,2863,1274,12.611013333328167,42.46666666666667,60.441494935382465,99.93614666401794,24.198611111111113,33540.0,1230.0,0.017782090761750406
deadline_satisfaction,CDASCALER,10029,1.6,3000,2860,1236,12.795773333328864,41.2,61.149300699300696,99.93430944630163,23.880555555555556,32800.0,1559.0,0.017425895765472314
deadline_satisfaction,CEDULE,10000,1.6,3000,2901,2901,8.99567999999927,96.7,17.483626335746294,26.63143989431968,3.9055555555555554,0.0,5621.0,0.006758803418803419
deadline_satisfaction,CEDULE,10001,1.6,3000,2972,2972,9.313599999999235,99.06666666666666,18.142328398384926,0.0,4.042361111111111,0.0,5821.0,0.005890774299835255
deadline_satisfaction,CEDULE,10002,1.6,3000,2999,2999,9.126399999999256,99.96666666666667,17.917972657552518,0.0,3.9611111111111112,0.0,5704.0,0.01086457654723127
deadline_satisfaction,CEDULE,10003,1.6,3000,2999,2999,9.413493333332559,99.96666666666667,18.277425808602867,8.88497135301895,4.086111111111111,0.0,5883.0,0.006427745180217938
deadline_satisfaction,CEDULE,10004,1.6,3000,2917,2917,8.895093333332614,97.23333333333333,17.26979773740144,8.88497135301895,3.861111111111111,0.0,5559.0,0.004960214168039539
deadline_satisfaction,CEDULE,10005,1.6,3000,2999,2999,9.353599999999231,99.96666666666667,18.065688562854284,0.0,4.059722222222222,0.0,5846.0,0.004663907284768213
deadline_satisfaction,CEDULE,10006,1.6,3000,2998,2998,9.257386666665909,99.93333333333334,17.988992661774518,17.76211453744493,4.01875,0.0,5785.0,0.005938255033557047
deadline_satisfaction,CEDULE,10007,1.6,3000,2985,2985,9.145599999999254,99.5,17.699497487437185,0.0,3.9694444444444446,0.0,5716.0,0.0059115953947368426
deadline_satisfaction,CEDULE,10008,1.6,3000,2989,2989,9.13669333333259,99.63333333333334,17.94847775175644,8.88497135301895,3.9659722222222222,0.0,5710.0,0.0066666940789473685
deadline_satisfaction,CEDULE,10009,1.6,3000,2993,2993,9.264479999999242,99.76666666666667,18.111593718676914,26.63143989431968,4.022222222222222,0.0,5789.0,0.008542158516020236
deadline_satisfaction,CEDULE,10010,1.6,3000,2999,2999,9.339893333332567,99.96666666666667,18.147382460820275,8.88497135301895,4.054166666666666,0.0,5837.0,0.006549918032786885
deadline_satisfaction,CEDULE,10011,1.6,3000,2948,2948,9.232479999999244,98.26666666666667,17.85379918588874,26.63143989431968,4.008333333333334,0.0,5769.0,0.005757547169811321
deadline_satisfaction,CEDULE,10012,1.6,3000,3000,3000,9.527999999999212,100.0,18.727666666666668,0.0,4.135416666666667,0.0,5955.0,0.009130218855218855
deadline_satisfaction,CEDULE,10013,1.6,3000,2996,2996,9.283893333332573,99.86666666666666,17.96361815754339,8.88497135301895,4.029861111111111,0.0,5802.0,0.012172047578589635
deadline_satisfaction,CEDULE,10014,1.6,3000,2988,2988,9.0406933333326,99.6,17.826305220883533,8.88497135301895,3.9243055555555557,0.0,5650.0,0.00662627189324437
deadline_satisfaction,CEDULE,10015,1.6,3000,3000,3000,9.290293333332572,100.0,18.187,8.88497135301895,4.032638888888889,0.0,5806.0,0.0047189894050529745
deadline_satisfaction,CEDULE,10016,1.6,3000,2998,2998,9.35679999999923,99.93333333333334,18.11074049366244,0.0,4.061111111111111,0.0,5848.0,0.006824293785310734
deadline_satisfaction,CEDULE,10017,1.6,3000,2999,2999,9.318399999999235,99.96666666666667,18.107369123041014,0.0,4.044444444444444,0.0,5824.0,0.006192092257001647
deadline_satisfaction,CEDULE,10018,1.6,3000,2959,2959,9.18399999999925,98.63333333333334,17.842176410949644,0.0,3.986111111111111,0.0,5740.0,0.005442165709598031
deadline_satisfaction,CEDULE,10019,1.6,3000,2998,2998,9.047999999999265,99.93333333333334,17.766844563042028,0.0,3.9270833333333335,0.0,5655.0,0.007080418410041841
deadline_satisfaction,CEDULE,10020,1.6,3000,2989,2989,9.26399999999924,99.63333333333334,18.020408163265305,0.0,4.020833333333333,0.0,5790.0,0.006291673746813934
deadline_satisfaction,CEDULE,10021,1.6,3000,2988,2988,9.24298666666591,99.6,18.08132530120482,17.76211453744493,4.0125,0.0,5776.0,0.006999657240788346
deadline_satisfaction,CEDULE,10022,1.6,3000,2989,2989,9.318186666665902,99.63333333333334,18.055202408832386,17.76211453744493,4.045138888888889,0.0,5823.0,0.007281078838174274
deadline_satisfaction,CEDULE,10023,1.6,3000,2974,2974,9.078186666665928,99.13333333333334,17.898453261600537,17.76211453744493,3.9409722222222223,0.0,5673.0,0.005237530864197531
deadline_satisfaction,CEDULE,10024,1.6,3000,2998,2998,9.327573333332568,99.93333333333334,18.300200133422283,35.492957746478865,4.05,0.0,5828.0,0.006379605263157895
deadline_satisfaction,CEDULE,10025,1.6,3000,2999,2999,9.17599999999925,99.96666666666667,17.875625208402802,0.0,3.982638888888889,0.0,5735.0,0.006933333333333333
deadline_satisfaction,CEDULE,10026,1.6,3000,2999,2999,9.420799999999224,99.96666666666667,18.27942647549183,0.0,4.088888888888889,0.0,5888.0,0.006458550488599348
deadline_satisfaction,CEDULE,10027,1.6,3000,2999,2999,9.329599999999234,99.96666666666667,18.6485495165055,0.0,4.049305555555556,0.0,5831.0,0.0058603678929765885
deadline_satisfaction,CEDULE,10028,1.6,3000,2971,2971,9.08639999999926,99.03333333333333,18.069000336587006,0.0,3.94375,0.0,5679.0,0.01398444084278768
deadline_satisfaction,CEDULE,10029,1.6,3000,2975,2975,9.308799999999236,99.16666666666667,18.20201680672269,0.0,4.040277777777778,0.0,5818.0,0.01002198697068404
deadline_satisfaction,CEMA,10000,1.6,3000,2780,1383,11.717346666663651,46.1,60.132374100719424,99.91724155161161,22.64375,31056.0,1543.0,0.009735128205128205
deadline_satisfaction,CEMA,10001,1.6,3000,2868,1199,12.429453333328937,39.96666666666667,65.68654114365411,99.93452164423427,23.918055555555554,33128.0,1306.0,0.008808319604612851
deadline_satisfaction,CEMA,10002,1.6,3000,2903,1102,12.432506666661997,36.733333333333334,65.63589390285911,99.93604138832826,24.115972222222222,33586.0,1131.0,0.010923697068403909
deadline_satisfaction,CEMA,10003,1.6,3000,2896,1443,12.380053333328792,48.1,60.55732044198895,99.93008079552519,23.080555555555556,31476.0,1748.0,0.007366387259010897
deadline_satisfaction,CEMA,10004,1.6,3000,2801,1270,11.898439999995677,42.333333333333336,63.725455194573364,99.92718020966154,23.343055555555555,32380.0,1217.0,0.009339456342668863
deadline_satisfaction,CEMA,10005,1.6,3000,2906,1365,12.57035999999547,45.5,62.5732966276669,99.93434586597803,23.9375,33043.0,1414.0,0.00879751655629139
deadline_satisfaction,CEMA,10006,1.6,3000,2897,1400,12.24651999999582,46.666666666666664,61.46185709354505,99.93060374739765,23.083333333333332,31614.0,1612.0,0.012089345637583893
deadline_satisfaction,CEMA,10007,1.6,3000,2876,1207,12.255159999995403,40.233333333333334,63.24513212795549,99.93388284039318,23.711805555555557,32865.0,1269.0,0.00979827302631579
deadline_satisfaction,CEMA,10008,1.6,3000,2879,1164,12.294433333328708,38.8,64.03924973949287,99.93482464207865,23.788888888888888,33066.0,1187.0,0.014818667763157895
deadline_satisfaction,CEMA,10009,1.6,3000,2896,1456,12.308966666661822,48.53333333333333,60.5203729281768,99.93150111500962,23.37986111111111,32096.0,1559.0,0.009136509274873524
deadline_satisfaction,CEMA,10010,1.6,3000,2905,1250,12.638266666661524,41.666666666666664,64.18209982788296,99.93573448344806,24.132638888888888,33442.0,1296.0,0.01074139344262295
deadline_satisfaction,CEMA,10011,1.6,3000,2837,1573,11.946053333330294,52.43333333333333,57.49030666196687,99.91547426909166,22.572916666666668,30660.0,1831.0,0.00937590051457976
deadline_satisfaction,CEMA,10012,1.6,3000,2897,1339,12.70049333332832,44.63333333333333,64.43389713496721,99.93357051121183,23.93263888888889,32870.0,1582.0,0.010617255892255893
deadline_satisfaction,CEMA,10013,1.6,3000,2902,1421,12.346479999995148,47.36666666666667,58.043762922122674,99.9275580865873,23.411805555555556,32235.0,1459.0,0.008532285471537808
deadline_satisfaction,CEMA,10014,1.6,3000,2887,1310,11.984119999995906,43.666666666666664,62.229303775545546,99.92969299273496,22.965972222222224,31522.0,1539.0,0.007935446205170976
deadline_satisfaction,CEMA,10015,1.6,3000,2903,1299,12.53907999999509,43.3,64.91422666207372,99.93521357923379,24.053472222222222,33331.0,1295.0,0.007620863895680521
deadline_satisfaction,CEMA,10016,1.6,3000,2897,1186,12.54427333332891,39.53333333333333,63.95512599240594,99.93454593057506,23.791666666666668,32876.0,1375.0,0.008140677966101694
deadline_satisfaction,CEMA,10017,1.6,3000,2903,1230,12.481259999995684,41.0,63.014812263176026,99.93371484124704,23.59236111111111,32536.0,1429.0,0.009119192751235586
deadline_satisfaction,CEMA,10018,1.6,3000,2848,1191,12.242113333329021,39.7,63.18925561797753,99.9338006516958,23.51736111111111,32589.0,1270.0,0.009118375717801476
deadline_satisfaction,CEMA,10019,1.6,3000,2901,1383,12.14518666666219,46.1,60.099620820406756,99.93094452543545,23.139583333333334,31795.0,1514.0,0.012913807531380753
deadline_satisfaction,CEMA,10020,1.6,3000,2880,1429,12.086673333329758,47.63333333333333,60.360416666666666,99.92304901777568,22.769444444444446,31053.0,1726.0,0.011645114698385728
deadline_satisfaction,CEMA,10021,1.6,3000,2881,1322,12.192326666663353,44.06666666666667,59.13189864630337,99.93057537585722,22.98125,31508.0,1581.0,0.009347129391602399
deadline_satisfaction,CEMA,10022,1.6,3000,2895,1351,12.521186666662022,45.03333333333333,62.86424870466321,99.93467373158163,24.004166666666666,33209.0,1346.0,0.0076298755186722
deadline_satisfaction,CEMA,10023,1.6,3000,2866,1152,12.124993333329007,38.4,62.480111653872996,99.92744492107043,23.190277777777776,32054.0,1332.0,0.009112181069958848
deadline_satisfaction,CEMA,10024,1.6,3000,2905,1365,12.508179999995692,45.5,61.99001721170396,99.933776296329,23.73611111111111,32729.0,1439.0,0.009754358552631579
deadline_satisfaction,CEMA,10025,1.6,3000,2903,1415,12.211613333328799,47.166666666666664,61.30382363072683,99.93108623409242,23.11875,31735.0,1541.0,0.008142233417296389
deadline_satisfaction,CEMA,10026,1.6,3000,2904,1353,12.606699999995316,45.1,62.59159779614325,99.93392507103054,23.795833333333334,32774.0,1484.0,0.01220757328990228
deadline_satisfaction,CEMA,10027,1.6,3000,2905,1211,12.692813333328353,40.36666666666667,67.30361445783133,99.93610586548155,24.272222222222222,33656.0,1286.0,0.007624749163879598
deadline_satisfaction,CEMA,10028,1.6,3000,2862,1083,12.285419999995165,36.1,63.94409503843466,99.93511409105656,23.832638888888887,33167.0,1148.0,0.009776904376012967
deadline_satisfaction,CEMA,10029,1.6,3000,2857,1113,12.348486666662417,37.1,63.225761288064405,99.93366989718834,23.477777777777778,32455.0,1351.0,0.014187947882736156
deadline_satisfaction,EDF,10000,1.6,3000,2883,2824,10.477739999998663,94.13333333333334,4.579604578563996,98.14371359182078,8.183333333333334,6681.0,4342.0,0.01593076923076923
deadline_satisfaction,EDF,10001,1.6,3000,2968,2909,10.87028666666521,96.96666666666667,4.491913746630728,99.50974272458876,8.3875,6712.0,4566.0,0.016580230642504117
deadline_satisfaction,EDF,10002,1.6,3000,2998,2927,10.704519999998636,97.56666666666666,4.634756504336224,99.85155863433944,8.675694444444444,7289.0,4389.0,0.011031677524429968
deadline_satisfaction,EDF,10003,1.6,3000,2996,2942,10.97005333333191,98.06666666666666,4.604138851802404,96.8293743726999,8.421527777777778,6800.0,4601.0,0.02406127409891031
deadline_satisfaction,EDF,10004,1.6,3000,2904,2862,10.35983999999872,95.4,4.258608815426998,94.2451513883075,7.805555555555555,6118.0,4352.0,0.03209341021416804
deadline_satisfaction,EDF,10005,1.6,3000,2998,2940,10.954046666665242,98.0,4.556704469646431,98.52989143864389,8.491666666666667,6921.0,4541.0,0.022918460264900662
deadline_satisfaction,EDF,10006,1.6,3000,2993,2945,10.790699999998685,98.16666666666667,4.372870030070164,94.4904740436474,8.190972222222221,6509.0,4483.0,0.01979010067114094
deadline_satisfaction,EDF,10007,1.6,3000,2978,2915,10.690106666665287,97.16666666666667,4.397582269979853,95.7411828910567,8.207638888888889,6529.0,4488.0,0.011287911184210526
deadline_satisfaction,EDF,10008,1.6,3000,2985,2930,10.706893333331909,97.66666666666667,4.420100502512563,95.82979860392105,8.293055555555556,6678.0,4431.0,0.011066200657894737
deadline_satisfaction,EDF,10009,1.6,3000,2989,2902,10.852833333331851,96.73333333333333,4.926062228169957,99.85372751060476,8.852777777777778,7559.0,4433.0,0.016273777403035414
deadline_satisfaction,EDF,10010,1.6,3000,2995,2946,10.94117333333184,98.2,4.474791318864774,97.20034359719835,8.331944444444444,6694.0,4542.0,0.011594262295081967
deadline_satisfaction,EDF,10011,1.6,3000,2936,2874,10.76719999999854,95.8,4.917574931880109,99.5234815689361,8.723611111111111,7412.0,4409.0,0.01835917667238422
deadline_satisfaction,EDF,10012,1.6,3000,2998,2950,11.108199999998488,98.33333333333333,4.513008672448299,97.21680296909383,8.417361111111111,6697.0,4627.0,0.014253282828282829
deadline_satisfaction,EDF,10013,1.6,3000,2993,2826,10.869819999998436,94.2,6.626461744069496,99.86017245397343,9.80625,9216.0,4290.0,0.010966185216652507
deadline_satisfaction,EDF,10014,1.6,3000,2987,2936,10.577879999998611,97.86666666666666,4.30030130565785,93.11028250864993,8.079166666666667,6452.0,4369.0,0.023186905754795664
deadline_satisfaction,EDF,10015,1.6,3000,2998,2933,10.902526666665258,97.76666666666667,4.472981987991995,98.50986023677926,8.413194444444445,6751.0,4553.0,0.013420700896495516
deadline_satisfaction,EDF,10016,1.6,3000,2995,2937,10.877973333331873,97.9,4.3245409015025045,94.38232089348949,8.135416666666666,6331.0,4600.0,0.012792171105730428
deadline_satisfaction,EDF,10017,1.6,3000,2999,2950,10.873586666665279,98.33333333333333,4.337445815271757,92.75046335299072,8.164583333333333,6407.0,4564.0,0.018539126853377264
deadline_satisfaction,EDF,10018,1.6,3000,2942,2905,10.626393333331928,96.83333333333333,4.234194425560843,95.64545660627408,7.861111111111111,6024.0,4518.0,0.012784167350287121
deadline_satisfaction,EDF,10019,1.6,3000,2997,2949,10.591746666665353,98.3,4.438438438438438,97.50709066034902,8.216666666666667,6687.0,4356.0,0.01334979079497908
deadline_satisfaction,EDF,10020,1.6,3000,2985,2936,10.79443333333185,97.86666666666666,4.622780569514238,99.51734790479827,8.428472222222222,6925.0,4468.0,0.029557179269328805
deadline_satisfaction,EDF,10021,1.6,3000,2984,2908,10.794326666665063,96.93333333333334,5.072050938337801,99.8543147125953,8.89236111111111,7698.0,4383.0,0.024682176520994
deadline_satisfaction,EDF,10022,1.6,3000,2985,2923,10.892959999998576,97.43333333333334,4.651591289782244,99.85136741973841,8.567361111111111,7023.0,4511.0,0.012698755186721991
deadline_satisfaction,EDF,10023,1.6,3000,2966,2915,10.644246666665333,97.16666666666667,4.371207012811868,93.72671333887071,8.10763888888889,6431.0,4440.0,0.02374411522633745
deadline_satisfaction,EDF,10024,1.6,3000,2997,2960,10.903806666665263,98.66666666666667,4.401735068401735,96.48032778626724,8.248611111111112,6502.0,4572.0,0.018047861842105262
deadline_satisfaction,EDF,10025,1.6,3000,2997,2947,10.758033333331927,98.23333333333333,4.488822155488823,96.84252611237902,8.338888888888889,6767.0,4455.0,0.012705205709487825
deadline_satisfaction,EDF,10026,1.6,3000,2995,2954,10.983566666665265,98.46666666666667,4.266110183639399,92.63996989342957,8.074305555555556,6135.0,4681.0,0.01726042345276873
deadline_satisfaction,EDF,10027,1.6,3000,2998,2916,10.983839999998537,97.2,5.226817878585724,99.85515643105447,9.145138888888889,7916.0,4482.0,0.01658294314381271
deadline_satisfaction,EDF,10028,1.6,3000,2967,2914,10.620966666665382,97.13333333333334,4.318840579710145,94.46645088799073,8.124305555555555,6494.0,4391.0,0.011623987034035657
deadline_satisfaction,EDF,10029,1.6,3000,2973,2936,10.80994666666534,97.86666666666666,4.2038345105953585,92.51825832927591,7.922916666666667,6003.0,4624.0,0.014034527687296417
deadline_satisfaction,HPA,10000,1.6,3000,2780,1557,12.094433333330162,51.9,56.78705035971223,99.9178769486793,22.96527777777778,31233.0,1725.0,0.012064102564102563
deadline_satisfaction,HPA,10001,1.6,3000,2867,1432,12.832106666662108,47.733333333333334,62.50261597488664,99.93546351537402,24.233333333333334,33348.0,1449.0,0.016941021416803956
deadline_satisfaction,HPA,10002,1.6,3000,2907,1263,12.793359999995072,42.1,63.161334709322325,99.9370858149484,24.429166666666667,33871.0,1230.0,0.011318485342019544
deadline_satisfaction,HPA,10003,1.6,3000,2906,1545,12.820453333328533,51.5,58.05402615278734,99.93088619259716,23.485416666666666,31796.0,1942.0,0.012295054484492874
deadline_satisfaction,HPA,10004,1.6,3000,2819,2263,12.717866666661225,75.43333333333334,48.6676126285917,99.9131740848323,25.347916666666666,35744.0,23.0,0.013050906095551894
deadline_satisfaction,HPA,10005,1.6,3000,2919,1568,13.014066666661918,52.266666666666666,58.81192189105858,99.93522104020614,24.269444444444446,33239.0,1591.0,0.013922682119205299
deadline_satisfaction,HPA,10006,1.6,3000,2908,1488,12.750999999995496,49.6,59.26409903713893,99.93175303698986,23.559722222222224,32057.0,1809.0,0.01380964765100671
deadline_satisfaction,HPA,10007,1.6,3000,2877,1445,12.620853333328562,48.166666666666664,59.72679874869656,99.93498988731581,24.06875,33183.0,1372.0,0.010305509868421053
deadline_satisfaction,HPA,10008,1.6,3000,2876,1437,12.61455999999518,47.9,60.81467315716272,99.93582064008216,24.12638888888889,33409.0,1271.0,0.01164827302631579
deadline_satisfaction,HPA,10009,1.6,3000,2907,1842,12.969679999994444,61.4,55.148950808393536,99.92687920444575,24.749305555555555,34405.0,906.0,0.015722596964586846
deadline_satisfaction,HPA,10010,1.6,3000,2914,2393,13.488973333327671,79.76666666666667,46.50583390528483,99.91048579883527,26.204166666666666,36670.0,0.0,0.013535901639344263
deadline_satisfaction,HPA,10011,1.6,3000,2834,1900,12.305759999996837,63.333333333333336,52.084685956245586,99.92192777841511,22.98611111111111,30974.0,1962.0,0.010413207547169812
deadline_satisfaction,HPA,10012,1.6,3000,2908,1408,13.189813333327923,46.93333333333333,61.4308803301238,99.93455878075737,24.283333333333335,33090.0,1777.0,0.012750925925925926
deadline_satisfaction,HPA,10013,1.6,3000,2906,1926,12.596586666661544,64.2,52.74363386097729,99.92502772559584,23.851388888888888,32699.0,1372.0,0.008696091758708582
deadline_satisfaction,HPA,10014,1.6,3000,2888,1432,12.46777333332899,47.733333333333334,59.04224376731302,99.93040842522,23.398611111111112,31867.0,1770.0,0.012817764804003335
deadline_satisfaction,HPA,10015,1.6,3000,2914,2372,13.438706666660993,79.06666666666666,47.96362388469458,99.89682570490518,26.177083333333332,36544.0,0.0,0.02208606356968215
deadline_satisfaction,HPA,10016,1.6,3000,2908,1503,13.229066666661106,50.1,57.32290233837689,99.92906778793828,25.569444444444443,36166.0,284.0,0.015219774011299434
deadline_satisfaction,HPA,10017,1.6,3000,2915,1301,12.935599999995425,43.36666666666667,61.05763293310463,99.93436597532161,23.988194444444446,32851.0,1640.0,0.014778006589785833
deadline_satisfaction,HPA,10018,1.6,3000,2844,1320,12.598353333328847,44.0,61.06962025316456,99.92974799602574,23.881944444444443,32941.0,1388.0,0.009080311730926988
deadline_satisfaction,HPA,10019,1.6,3000,2913,1457,12.573286666661893,48.56666666666667,57.87813250944044,99.93192390605499,23.552083333333332,32110.0,1680.0,0.009729121338912135
deadline_satisfaction,HPA,10020,1.6,3000,2881,1640,12.497779999996428,54.666666666666664,56.02846233946546,99.92799020666811,23.054166666666667,31049.0,2024.0,0.011659133389974511
deadline_satisfaction,HPA,10021,1.6,3000,2880,1449,12.422233333329942,48.3,56.44340277777778,99.92582040362782,23.315277777777776,31824.0,1678.0,0.010145072836332477
deadline_satisfaction,HPA,10022,1.6,3000,2892,1668,12.922293333328481,55.6,58.2963347164592,99.9357473299446,24.335416666666667,33409.0,1472.0,0.011562572614107884
deadline_satisfaction,HPA,10023,1.6,3000,2864,1211,12.50071999999545,40.36666666666667,60.499301675977655,99.93312527864467,23.564583333333335,32395.0,1506.0,0.014151769547325103
deadline_satisfaction,HPA,10024,1.6,3000,2919,1614,12.96911999999545,53.8,58.21754025351148,99.93483927019983,24.145833333333332,33062.0,1607.0,0.010394325657894736
deadline_satisfaction,HPA,10025,1.6,3000,2913,1612,12.682786666661775,53.733333333333334,57.54617233093031,99.93219317411285,23.566666666666666,32113.0,1720.0,0.009999412258606214
deadline_satisfaction,HPA,10026,1.6,3000,2911,1402,13.07143999999502,46.733333333333334,60.96805221573342,99.93462912926,24.16875,33015.0,1695.0,0.009253827361563518
deadline_satisfaction,HPA,10027,1.6,3000,2915,1307,13.052106666661375,43.56666666666667,64.26655231560892,99.93735033691597,24.580555555555556,33961.0,1359.0,0.01981145484949833
deadline_satisfaction,HPA,10028,1.6,3000,2869,1254,12.571959999994847,41.8,61.25932380620425,99.93613488312684,24.15486111111111,33510.0,1207.0,0.009925850891410048
deadline_satisfaction,HPA,10029,1.6,3000,2859,1221,12.736093333328888,40.7,61.869884575026234,99.93429793695522,23.845833333333335,32787.0,1523.0,0.01640342019543974
prediction_stress,BADP,10000,1.2,6500,6459,6459,25.198079999997482,99.36923076923077,3.5969964390772566,82.97160943337855,10.945833333333333,2.0,15741.0,0.04104954128440367
prediction_stress,BADP,10001,1.2,6500,6494,6494,25.432799999997464,99.9076923076923,3.7702494610409607,81.58602669549883,11.046527777777778,1.0,15889.0,0.04610466360856269
prediction_stress,BADP,10002,1.2,6500,6477,6477,25.257973333330813,99.64615384615385,3.36544696618805,82.97262246124191,10.972222222222221,5.0,15778.0,0.024960428994082837
prediction_stress,BADP,10003,1.2,6500,6496,6496,25.18735999999749,99.93846153846154,3.5366379310344827,84.16249045833197,10.942361111111111,3.0,15733.0,0.02793808
prediction_stress,BADP,10004,1.2,6500,6464,6464,25.073279999997496,99.44615384615385,3.6075185643564356,84.1598619132975,10.891666666666667,3.0,15663.0,0.018004347826086956
prediction_stress,BADP,10005,1.2,6500,6497,6497,25.206719999997485,99.95384615384616,3.6084346621517622,82.96552873399038,10.947222222222223,0.0,15749.0,0.03723371212121212
prediction_stress,BADP,10006,1.2,6500,6498,6498,25.328586666664137,99.96923076923076,3.4718374884579872,81.588396545733,11.002083333333333,0.0,15823.0,0.04016434714620797
prediction_stress,BADP,10007,1.2,6500,6497,6497,25.448586666664127,99.95384615384616,3.478528551639218,82.9705962849697,11.054166666666667,3.0,15898.0,0.02951962121212121
prediction_stress,BADP,10008,1.2,6500,6496,6496,25.22634666666414,99.93846153846154,3.945658866995074,90.26386082900571,10.965972222222222,13.0,15750.0,0.03141539027982327
prediction_stress,BADP,10009,1.2,6500,6499,6499,25.498666666664118,99.98461538461538,4.182643483612863,84.16161437358943,11.077083333333333,3.0,15928.0,0.02115793893129771
prediction_stress,BADP,10010,1.2,6500,6472,6472,25.144106666664158,99.56923076923077,3.5720024721878865,81.5848415415905,10.920833333333333,0.0,15709.0,0.025036230825420013
prediction_stress,BADP,10011,1.2,6500,6451,6451,25.31578666666414,99.24615384615385,3.9578359944194696,82.9705962849697,10.997222222222222,4.0,15815.0,0.036314135702746365
prediction_stress,BADP,10012,1.2,6500,6499,6499,25.44906666666412,99.98461538461538,3.607478073549777,84.16161437358943,11.055555555555555,2.0,15897.0,0.026100149031296573
prediction_stress,BADP,10013,1.2,6500,6500,6500,25.00725333333084,100.0,4.148615384615384,84.16336644616034,10.864583333333334,3.0,15620.0,0.03932078431372549
prediction_stress,BADP,10014,1.2,6500,6496,6496,25.290399999997476,99.93846153846154,3.711514778325123,81.58602669549883,10.984722222222222,0.0,15800.0,0.02181189948263119
prediction_stress,BADP,10015,1.2,6500,6499,6499,25.646559999997443,99.98461538461538,3.802431143252808,87.61329566171578,11.141666666666667,1.0,16020.0,0.06079841143764892
prediction_stress,BADP,10016,1.2,6500,6499,6499,25.240799999997485,99.98461538461538,3.74349899984613,82.9685696264296,10.963194444444444,1.0,15769.0,0.02775828835774865
prediction_stress,BADP,10017,1.2,6500,6457,6457,24.832799999997526,99.33846153846154,3.9648443549636054,84.1572324956011,10.786111111111111,0.0,15514.0,0.017371969696969698
prediction_stress,BADP,10018,1.2,6500,6482,6482,24.966079999997515,99.72307692307692,3.5519901265041653,84.1598619132975,10.845138888888888,1.0,15596.0,0.022076215805471124
prediction_stress,BADP,10019,1.2,6500,6500,6500,24.938879999997518,100.0,3.913692307692308,85.19242302045207,10.833333333333334,0.0,15579.0,0.027383180428134556
prediction_stress,BADP,10020,1.2,6500,6499,6499,25.1398399999975,99.98461538461538,4.174488382828128,85.19701480195155,10.922916666666667,2.0,15702.0,0.03572842911877395
prediction_stress,BADP,10021,1.2,6500,6496,6496,24.924266666664177,99.93846153846154,4.007235221674877,82.97363536858134,10.827777777777778,3.0,15569.0,0.028981240188383047
prediction_stress,BADP,10022,1.2,6500,6497,6497,25.34362666666414,99.95384615384616,3.654609819916885,81.58128516434705,11.00625,0.0,15835.0,0.03459410358565737
prediction_stress,BADP,10023,1.2,6500,6492,6492,25.259786666664148,99.87692307692308,3.4063462723351816,86.09733611528944,10.972222222222221,2.0,15780.0,0.032726739926739926
prediction_stress,BADP,10024,1.2,6500,6500,6500,25.20101333333082,100.0,3.6964615384615382,81.5836562351154,10.94513888888889,0.0,15745.0,0.021861989606533037
prediction_stress,BADP,10025,1.2,6500,6496,6496,25.211786666664157,99.93846153846154,3.5969827586206895,86.09733611528944,10.95138888888889,0.0,15750.0,0.022992290076335877
prediction_stress,BADP,10026,1.2,6500,6497,6497,25.089759999997508,99.95384615384616,3.98861012775127,86.10003395915199,10.9,4.0,15672.0,0.03565541059094398
prediction_stress,BADP,10027,1.2,6500,6498,6498,25.53791999999745,99.96923076923076,3.4706063404124348,82.96552873399038,11.090972222222222,0.0,15956.0,0.028590845616757177
prediction_stress,BADP,10028,1.2,6500,6493,6493,25.203413333330833,99.8923076923077,4.081010318804867,82.98173429101459,10.952083333333333,5.0,15740.0,0.02178860759493671
prediction_stress,BADP,10029,1.2,6500,6496,6496,25.133493333330836,99.93846153846154,4.20320197044335,86.90646956172168,10.922916666666667,6.0,15695.0,0.03561996939556236
prediction_stress,BADP_PLUS,10000,1.2,6500,6459,6459,25.13290666666416,99.36923076923077,3.7272023533054655,86.09531204503543,10.915972222222223,0.0,15702.0,0.15166093272171255
prediction_stress,BADP_PLUS,10001,1.2,6500,6494,6494,25.424533333330796,99.9076923076923,3.744995380351093,81.58009939999485,11.040972222222223,0.0,15886.0,0.11806261467889909
prediction_stress,BADP_PLUS,10002,1.2,6500,6477,6477,25.25791999999748,99.64615384615385,3.3705419175544233,84.1546022048081,10.969444444444445,0.0,15781.0,0.09262226331360947
prediction_stress,BADP_PLUS,10003,1.2,6500,6496,6496,25.182506666664157,99.93846153846154,3.5423337438423643,86.09531204503543,10.9375,0.0,15733.0,0.12059967999999999
prediction_stress,BADP_PLUS,10004,1.2,6500,6464,6464,25.075866666664165,99.44615384615385,3.6112314356435644,84.68912568101499,10.890972222222222,0.0,15667.0,0.1143512743628186
prediction_stress,BADP_PLUS,10005,1.2,6500,6497,6497,25.20762666666415,99.95384615384616,3.6062798214560567,82.96451486185674,10.947222222222223,0.0,15750.0,0.07214492424242425
prediction_stress,BADP_PLUS,10006,1.2,6500,6498,6498,25.329226666664134,99.96923076923076,3.4838411819021236,82.96451486185674,11.0,0.0,15826.0,0.11349781078967944
prediction_stress,BADP_PLUS,10007,1.2,6500,6497,6497,25.445599999997462,99.95384615384616,3.4806833923349236,86.89689222920153,11.052083333333334,0.0,15897.0,0.11134886363636363
prediction_stress,BADP_PLUS,10008,1.2,6500,6496,6496,25.22255999999748,99.93846153846154,3.9410406403940885,90.25824701357374,10.957638888888889,0.0,15755.0,0.09546671575846834
prediction_stress,BADP_PLUS,10009,1.2,6500,6499,6499,25.48650666666412,99.98461538461538,4.215571626404063,86.09531204503543,11.069444444444445,0.0,15923.0,0.11921702290076334
prediction_stress,BADP_PLUS,10010,1.2,6500,6472,6472,25.145226666664158,99.56923076923077,3.5724660074165637,82.96451486185674,10.92013888888889,0.0,15711.0,0.09258940832724617
prediction_stress,BADP_PLUS,10011,1.2,6500,6451,6451,25.334026666664137,99.24615384615385,3.922802666253294,82.96451486185674,11.002083333333333,0.0,15829.0,0.12298012924071083
prediction_stress,BADP_PLUS,10012,1.2,6500,6499,6499,25.446719999997455,99.98461538461538,3.621018618248961,84.1546022048081,11.051388888888889,0.0,15899.0,0.16145774962742176
prediction_stress,BADP_PLUS,10013,1.2,6500,6500,6500,25.01061333333084,100.0,4.1541538461538465,85.18859435923426,10.8625,0.0,15626.0,0.0974563137254902
prediction_stress,BADP_PLUS,10014,1.2,6500,6496,6496,25.284426666664142,99.93846153846154,3.7150554187192117,82.96451486185674,10.980555555555556,0.0,15798.0,0.12932328159645234
prediction_stress,BADP_PLUS,10015,1.2,6500,6499,6499,25.647893333330774,99.98461538461538,3.8287428835205417,87.61061946902655,11.140277777777778,0.0,16023.0,0.15604773629864974
prediction_stress,BADP_PLUS,10016,1.2,6500,6499,6499,25.270026666664148,99.98461538461538,3.7184182181874132,82.96451486185674,10.974305555555556,0.0,15789.0,0.12997147262914419
prediction_stress,BADP_PLUS,10017,1.2,6500,6457,6457,24.830719999997527,99.33846153846154,3.963915130865727,84.1546022048081,10.784027777777778,0.0,15514.0,0.10658545454545455
prediction_stress,BADP_PLUS,10018,1.2,6500,6482,6482,24.967413333330846,99.72307692307692,3.544893551373033,85.18859435923426,10.84375,0.0,15599.0,0.1025209726443769
prediction_stress,BADP_PLUS,10019,1.2,6500,6500,6500,24.940213333330853,100.0,3.9313846153846153,85.18859435923426,10.831944444444444,0.0,15582.0,0.10592614678899083
prediction_stress,BADP_PLUS,10020,1.2,6500,6499,6499,25.155306666664156,99.98461538461538,4.146330204646869,86.09531204503543,10.925694444444444,0.0,15716.0,0.12503509578544061
prediction_stress,BADP_PLUS,10021,1.2,6500,6496,6496,24.89951999999752,99.93846153846154,4.090979064039409,84.1546022048081,10.813888888888888,0.0,15557.0,0.10115078492935635
prediction_stress,BADP_PLUS,10022,1.2,6500,6497,6497,25.275733333330816,99.95384615384616,3.8406957057103277,81.58009939999485,10.97638888888889,0.0,15793.0,0.12968892430278886
prediction_stress,BADP_PLUS,10023,1.2,6500,6492,6492,25.25130666666415,99.87692307692308,3.432840418977203,86.09531204503543,10.967361111111112,0.0,15776.0,0.09969582417582418
prediction_stress,BADP_PLUS,10024,1.2,6500,6500,6500,25.19893333333082,100.0,3.7053846153846153,81.58009939999485,10.943055555555556,0.0,15745.0,0.10197720861172978
prediction_stress,BADP_PLUS,10025,1.2,6500,6496,6496,25.209706666664154,99.93846153846154,3.594673645320197,86.09531204503543,10.949305555555556,0.0,15750.0,0.09156519083969465
prediction_stress,BADP_PLUS,10026,1.2,6500,6497,6497,25.067306666664173,99.95384615384616,4.068954902262583,86.09531204503543,10.8875,0.0,15661.0,0.11450667689946278
prediction_stress,BADP_PLUS,10027,1.2,6500,6498,6498,25.537226666664115,99.96923076923076,3.4709141274238227,82.96451486185674,11.090277777777779,0.0,15956.0,0.16954468580294804
prediction_stress,BADP_PLUS,10028,1.2,6500,6493,6493,25.28935999999748,99.8923076923077,3.9179115971045744,85.65634716777072,10.984027777777778,0.0,15800.0,0.13506895011169026
prediction_stress,BADP_PLUS,10029,1.2,6500,6496,6496,25.144586666664164,99.93846153846154,4.207666256157635,88.2501863944352,10.922222222222222,0.0,15708.0,0.16379487375669471
prediction_stress,BADP,10000,1.8,6500,6500,6500,27.54695999999723,100.0,4.1283076923076925,75.51911419461088,11.963194444444444,1.0,17211.0,0.059110295616717635
prediction_stress,BADP,10001,1.8,6500,6499,6499,27.69031999999721,99.98461538461538,4.747345745499308,75.3751751161841,12.027083333333334,5.0,17298.0,0.0887488452655889
prediction_stress,BADP,10002,1.8,6500,6500,6500,27.441439999997236,100.0,3.8958461538461537,71.0732562215212,11.915277777777778,0.0,17147.0,0.07543035343035343
prediction_stress,BADP,10003,1.8,6500,6500,6500,27.303759999997254,100.0,4.255538461538461,80.65253360337778,11.85763888888889,0.0,17059.0,0.10747991120976692
prediction_stress,BADP,10004,1.8,6500,6500,6500,27.385919999997245,100.0,3.6786153846153846,81.58247077604408,11.893055555555556,0.0,17111.0,0.035936417910447764
prediction_stress,BADP,10005,1.8,6500,6497,6497,27.716693333330543,99.95384615384616,4.347083269201169,82.9695830159939,12.038194444444445,3.0,17316.0,0.07536825396825396
prediction_stress,BADP,10006,1.8,6500,6500,6500,27.485599999997238,100.0,4.404,82.9685696264296,11.9375,1.0,17172.0,0.041177719112988384
prediction_stress,BADP,10007,1.8,6500,6498,6498,27.70618666666388,99.96923076923076,3.9188981224992308,84.15898553771594,12.034027777777778,5.0,17309.0,0.07272184265010352
prediction_stress,BADP,10008,1.8,6500,6500,6500,27.23202666666392,100.0,4.943846153846154,73.65305569232302,11.827777777777778,0.0,17012.0,0.056154158004158
prediction_stress,BADP,10009,1.8,6500,6499,6499,27.302773333330585,99.98461538461538,4.619479919987691,86.09868516811412,11.860416666666667,3.0,17056.0,0.06112712594187299
prediction_stress,BADP,10010,1.8,6500,6500,6500,27.604346666663893,100.0,3.928153846153846,81.9170333448809,11.988888888888889,2.0,17246.0,0.044688877952755904
prediction_stress,BADP,10011,1.8,6500,6499,6499,27.56559999999722,99.98461538461538,4.034312971226343,81.58602669549883,11.972222222222221,0.0,17222.0,0.03529948717948718
prediction_stress,BADP,10012,1.8,6500,6499,6499,27.961413333330515,99.98461538461538,3.944606862594245,80.66002511325858,12.145833333333334,5.0,17467.0,0.04779100418410042
prediction_stress,BADP,10013,1.8,6500,6500,6500,27.2120533333306,100.0,4.24923076923077,85.19548452457255,11.822222222222223,6.0,16998.0,0.07065972073039742
prediction_stress,BADP,10014,1.8,6500,6500,6500,27.51829333333057,100.0,3.8972307692307693,84.15810906515583,11.952083333333333,2.0,17192.0,0.10173371017471737
prediction_stress,BADP,10015,1.8,6500,6499,6499,27.48591999999724,99.98461538461538,4.503615940913987,86.90407654138224,11.942361111111111,9.0,17167.0,0.11415182724252491
prediction_stress,BADP,10016,1.8,6500,6500,6500,27.588213333330557,100.0,3.994307692307692,82.96654248544937,11.98125,0.0,17237.0,0.07591222104144528
prediction_stress,BADP,10017,1.8,6500,6499,6499,27.281893333330594,99.98461538461538,3.9529158332051084,76.88874875700323,11.85138888888889,6.0,17041.0,0.08602663975782038
prediction_stress,BADP,10018,1.8,6500,6498,6498,27.738826666663872,99.96923076923076,3.4529085872576175,79.9523375622065,12.045833333333333,2.0,17332.0,0.062187511737089196
prediction_stress,BADP,10019,1.8,6500,6497,6497,27.433546666663908,99.95384615384616,4.439279667538864,86.10138248847926,11.918055555555556,5.0,17136.0,0.09850271115745568
prediction_stress,BADP,10020,1.8,6500,6499,6499,27.23642666666393,99.98461538461538,3.998461301738729,79.9523375622065,11.827777777777778,1.0,17018.0,0.05600559511698881
prediction_stress,BADP,10021,1.8,6500,6499,6499,27.280319999997257,99.98461538461538,4.083089706108632,73.43194809207476,11.846527777777778,0.0,17045.0,0.05760285714285714
prediction_stress,BADP,10022,1.8,6500,6500,6500,27.218479999997264,100.0,4.220923076923077,69.3537277017066,11.81875,2.0,17007.0,0.061017606444188716
prediction_stress,BADP,10023,1.8,6500,6500,6500,27.543626666663894,100.0,3.586153846153846,79.9523375622065,11.96111111111111,0.0,17210.0,0.04448484573502722
prediction_stress,BADP,10024,1.8,6500,6499,6499,27.899173333330516,99.98461538461538,3.8545930143098937,77.50648548089117,12.115277777777777,0.0,17432.0,0.06256456766917294
prediction_stress,BADP,10025,1.8,6500,6500,6500,27.509333333330567,100.0,3.9223076923076925,79.95093228655544,11.945833333333333,0.0,17189.0,0.05632322713257965
prediction_stress,BADP,10026,1.8,6500,6500,6500,27.51005333333058,100.0,4.822307692307692,84.01321229675587,11.953472222222222,9.0,17181.0,0.0826013986013986
prediction_stress,BADP,10027,1.8,6500,6500,6500,27.724346666663873,100.0,3.8676923076923075,76.87977678029843,12.040277777777778,2.0,17321.0,0.078002722513089
prediction_stress,BADP,10028,1.8,6500,6500,6500,27.30965333333059,100.0,4.423846153846154,85.19548452457255,11.863888888888889,6.0,17059.0,0.04854506172839506
prediction_stress,BADP,10029,1.8,6500,6500,6500,27.371359999997242,100.0,4.467076923076923,86.90048537033482,11.890277777777778,4.0,17098.0,0.06885877378435518
prediction_stress,BADP_PLUS,10000,1.8,6500,6500,6500,27.54349333333056,100.0,4.112,75.51053314171544,11.959722222222222,0.0,17211.0,0.1995662589194699
prediction_stress,BADP_PLUS,10001,1.8,6500,6499,6499,27.687973333330547,99.98461538461538,4.735651638713648,75.36498709680757,12.022916666666667,0.0,17300.0,0.2798927251732102
prediction_stress,BADP_PLUS,10002,1.8,6500,6500,6500,27.442346666663905,100.0,3.897692307692308,71.07122826696579,11.915277777777778,0.0,17148.0,0.192683367983368
prediction_stress,BADP_PLUS,10003,1.8,6500,6500,6500,27.30146666666392,100.0,4.21723076923077,81.91422794288758,11.85625,0.0,17058.0,0.21270810210876803
prediction_stress,BADP_PLUS,10004,1.8,6500,6500,6500,27.390239999997245,100.0,3.682,79.94952681388013,11.89375,0.0,17115.0,0.15724656716417912
prediction_stress,BADP_PLUS,10005,1.8,6500,6497,6497,27.711626666663875,99.95384615384616,4.350161613052178,82.96451486185674,12.034027777777778,0.0,17315.0,0.22507063492063492
prediction_stress,BADP_PLUS,10006,1.8,6500,6500,6500,27.48101333333057,100.0,4.397076923076923,85.18859435923426,11.934722222222222,0.0,17170.0,0.16694054910242873
prediction_stress,BADP_PLUS,10007,1.8,6500,6498,6498,27.70410666666388,99.96923076923076,3.9232071406586644,86.09531204503543,12.031944444444445,0.0,17309.0,0.16798871635610765
prediction_stress,BADP_PLUS,10008,1.8,6500,6500,6500,27.22877333333059,100.0,4.928615384615385,75.36498709680757,11.823611111111111,0.0,17013.0,0.12225072765072764
prediction_stress,BADP_PLUS,10009,1.8,6500,6499,6499,27.29541333333059,99.98461538461538,4.635020772426527,85.18859435923426,11.854166666666666,0.0,17054.0,0.1754740581270183
prediction_stress,BADP_PLUS,10010,1.8,6500,6500,6500,27.606159999997224,100.0,3.9318461538461538,83.0224939943219,11.988888888888889,0.0,17248.0,0.12251899606299212
prediction_stress,BADP_PLUS,10011,1.8,6500,6499,6499,27.56922666666389,99.98461538461538,4.037544237575012,82.96451486185674,11.972222222222221,0.0,17226.0,0.18273805128205128
prediction_stress,BADP_PLUS,10012,1.8,6500,6499,6499,27.95863999999718,99.98461538461538,3.923372826588706,85.65634716777072,12.143055555555556,0.0,17467.0,0.16598200836820085
prediction_stress,BADP_PLUS,10013,1.8,6500,6500,6500,27.20559999999727,100.0,4.265538461538462,86.89689222920153,11.815972222222221,0.0,16997.0,0.1786388829215897
prediction_stress,BADP_PLUS,10014,1.8,6500,6500,6500,27.515519999997235,100.0,3.902,84.1546022048081,11.949305555555556,0.0,17192.0,0.20749033915724563
prediction_stress,BADP_PLUS,10015,1.8,6500,6499,6499,27.486293333330572,99.98461538461538,4.4831512540390825,87.61061946902655,11.938194444444445,0.0,17172.0,0.2455420819490587
prediction_stress,BADP_PLUS,10016,1.8,6500,6500,6500,27.588426666663892,100.0,3.993692307692308,82.96451486185674,11.980555555555556,0.0,17238.0,0.16997215727948992
prediction_stress,BADP_PLUS,10017,1.8,6500,6499,6499,27.28615999999726,99.98461538461538,3.9576857978150484,78.21256634983335,11.849305555555556,0.0,17048.0,0.22573562058526742
prediction_stress,BADP_PLUS,10018,1.8,6500,6498,6498,27.738133333330538,99.96923076923076,3.4526008002462296,81.58009939999485,12.04513888888889,0.0,17332.0,0.14166403755868545
prediction_stress,BADP_PLUS,10019,1.8,6500,6497,6497,27.428693333330575,99.95384615384616,4.444051100507926,87.61061946902655,11.913194444444445,0.0,17136.0,0.2031349322210636
prediction_stress,BADP_PLUS,10020,1.8,6500,6499,6499,27.24463999999726,99.98461538461538,3.9770733959070625,79.94952681388013,11.830555555555556,0.0,17024.0,0.23286042726347916
prediction_stress,BADP_PLUS,10021,1.8,6500,6499,6499,27.284639999997257,99.98461538461538,4.076781043237421,73.42681654884692,11.847222222222221,0.0,17049.0,0.2363151322751323
prediction_stress,BADP_PLUS,10022,1.8,6500,6500,6500,27.2218933333306,100.0,4.227538461538462,69.34978141478395,11.819444444444445,0.0,17010.0,0.25871495972382047
prediction_stress,BADP_PLUS,10023,1.8,6500,6500,6500,27.542933333330563,100.0,3.5892307692307694,81.58009939999485,11.960416666666667,0.0,17210.0,0.14659065335753177
prediction_stress,BADP_PLUS,10024,1.8,6500,6499,6499,27.89458666666385,99.98461538461538,3.8550546237882752,77.50358920213486,12.1125,0.0,17430.0,0.20798289473684212
prediction_stress,BADP_PLUS,10025,1.8,6500,6500,6500,27.51343999999723,100.0,3.925076923076923,79.94952681388013,11.947222222222223,0.0,17192.0,0.18608879753340185
prediction_stress,BADP_PLUS,10026,1.8,6500,6500,6500,27.493039999997237,100.0,4.830923076923077,85.65634716777072,11.940972222222221,0.0,17176.0,0.21957097902097902
prediction_stress,BADP_PLUS,10027,1.8,6500,6500,6500,27.730959999997204,100.0,3.8453846153846154,78.21256634983335,12.042361111111111,0.0,17326.0,0.1967649214659686
prediction_stress,BADP_PLUS,10028,1.8,6500,6500,6500,27.31210666666392,100.0,4.4107692307692306,86.09531204503543,11.861805555555556,0.0,17064.0,0.16743415637860085
prediction_stress,BADP_PLUS,10029,1.8,6500,6500,6500,27.367893333330578,100.0,4.417692307692308,87.61061946902655,11.886805555555556,0.0,17098.0,0.13748446088794927
prediction_stress,BADP,10000,2.4,6500,6499,6499,29.08274666666372,99.98461538461538,4.477765810124635,73.64868229578767,12.629861111111111,3.0,18170.0,0.0670085380116959
prediction_stress,BADP,10001,2.4,6500,6498,6498,29.55738666666367,99.96923076923076,4.378116343490305,72.09877053841939,12.83611111111111,3.0,18466.0,0.075649
prediction_stress,BADP,10002,2.4,6500,6499,6499,29.505573333330346,99.98461538461538,4.338975226957993,68.81668157817163,12.811111111111112,1.0,18436.0,0.09396432889963724
prediction_stress,BADP,10003,2.4,6500,6498,6498,29.259173333330374,99.96923076923076,4.059402893197907,66.63530557692415,12.704166666666667,2.0,18282.0,0.10372975609756098
prediction_stress,BADP,10004,2.4,6500,6498,6498,29.630106666663664,99.96923076923076,3.706832871652816,57.75144609991235,12.863194444444444,0.0,18516.0,0.0562507027027027
prediction_stress,BADP,10005,2.4,6500,6498,6498,29.625439999997,99.96923076923076,4.0484764542936285,79.94952681388013,12.863888888888889,0.0,18512.0,0.08667451868629672
prediction_stress,BADP,10006,2.4,6500,6500,6500,29.75309333333032,100.0,3.6826153846153846,75.51053314171544,12.91875,0.0,18592.0,0.04251711229946524
prediction_stress,BADP,10007,2.4,6500,6498,6498,29.623759999997,99.96923076923076,3.8956602031394274,80.65253360337778,12.864583333333334,1.0,18509.0,0.09011722891566266
prediction_stress,BADP,10008,2.4,6500,6500,6500,29.307866666663696,100.0,4.189384615384616,77.50793334062837,12.727083333333333,1.0,18312.0,0.09625980066445183
prediction_stress,BADP,10009,2.4,6500,6499,6499,29.494933333330348,99.98461538461538,4.094629943068164,79.95093228655544,12.807638888888889,0.0,18430.0,0.08452749140893472
prediction_stress,BADP,10010,2.4,6500,6499,6499,29.48511999999702,99.98461538461538,4.212032620403139,67.89387230395657,12.802777777777777,1.0,18423.0,0.0771583795782464
prediction_stress,BADP,10011,2.4,6500,6499,6499,29.456533333330356,99.98461538461538,3.9624557624249883,75.42677555296302,12.790277777777778,0.0,18406.0,0.10889046015712682
prediction_stress,BADP,10012,2.4,6500,6500,6500,29.70578666666366,100.0,4.008615384615385,66.63629035084645,12.897916666666667,0.0,18562.0,0.082008262454435
prediction_stress,BADP,10013,2.4,6500,6498,6498,29.70125333333032,99.96923076923076,4.035857186826716,76.87865479339044,12.897916666666667,1.0,18557.0,0.054731957547169814
prediction_stress,BADP,10014,2.4,6500,6499,6499,29.53319999999701,99.98461538461538,4.510386213263579,57.754408104602646,12.821527777777778,0.0,18455.0,0.08158095238095239
prediction_stress,BADP,10015,2.4,6500,6499,6499,29.55599999999701,99.98461538461538,4.478689029081397,77.15104633533637,12.835416666666667,3.0,18466.0,0.12738953068592057
prediction_stress,BADP,10016,2.4,6500,6500,6500,29.752319999996985,100.0,3.877846153846154,70.13990348430514,12.91875,1.0,18590.0,0.09248938156359393
prediction_stress,BADP,10017,2.4,6500,6498,6498,29.45221333333035,99.96923076923076,4.4067405355494,82.96654248544937,12.790277777777778,0.0,18402.0,0.09074668275030157
prediction_stress,BADP,10018,2.4,6500,6500,6500,29.635039999996994,100.0,3.702769230769231,79.94952681388013,12.868055555555555,0.0,18518.0,0.053622104144527095
prediction_stress,BADP,10019,2.4,6500,6500,6500,29.54613333333034,100.0,3.9812307692307694,73.428527283496,12.829166666666667,1.0,18462.0,0.051775942350332595
prediction_stress,BADP,10020,2.4,6500,6498,6498,29.66829333333033,99.96923076923076,4.233610341643582,61.1974220465242,12.880555555555556,1.0,18539.0,0.061538056206088994
prediction_stress,BADP,10021,2.4,6500,6497,6497,29.29471999999704,99.95384615384616,4.607203324611359,65.28142540810546,12.720138888888888,2.0,18304.0,0.05356218097447796
prediction_stress,BADP,10022,2.4,6500,6499,6499,29.46613333333035,99.98461538461538,4.1303277427296505,70.13659810932278,12.79375,0.0,18412.0,0.07625005767012688
prediction_stress,BADP,10023,2.4,6500,6497,6497,29.753093333330316,99.95384615384616,3.624442050177005,69.34978141478395,12.918055555555556,0.0,18592.0,0.04870841530054645
prediction_stress,BADP,10024,2.4,6500,6498,6498,29.54725333333034,99.96923076923076,4.107725453985842,62.19168477879829,12.827777777777778,0.0,18464.0,0.04771472868217054
prediction_stress,BADP,10025,2.4,6500,6500,6500,29.35837333333036,100.0,4.343384615384616,71.66094310762473,12.747916666666667,1.0,18344.0,0.06529463007159905
prediction_stress,BADP,10026,2.4,6500,6500,6500,29.3142666666637,100.0,4.609538461538461,77.50793334062837,12.729861111111111,0.0,18316.0,0.12741085568326946
prediction_stress,BADP,10027,2.4,6500,6499,6499,29.493893333330348,99.98461538461538,4.177873519002923,57.75736969399558,12.80486111111111,1.0,18430.0,0.08346442307692309
prediction_stress,BADP,10028,2.4,6500,6500,6500,29.506133333330343,100.0,4.396461538461539,65.27695516699714,12.811111111111112,0.0,18437.0,0.06687247596153846
prediction_stress,BADP,10029,2.4,6500,6500,6500,29.17506666666371,100.0,4.602769230769231,71.66262966511732,12.66875,2.0,18229.0,0.10630280146163217
prediction_stress,BADP_PLUS,10000,2.4,6500,6499,6499,29.08317333333039,99.98461538461538,4.454993075857824,75.36498709680757,12.628472222222221,0.0,18172.0,0.22168923976608187
prediction_stress,BADP_PLUS,10001,2.4,6500,6498,6498,29.556426666663672,99.96923076923076,4.3975069252077565,72.09011264080101,12.833333333333334,0.0,18468.0,0.17582075
prediction_stress,BADP_PLUS,10002,2.4,6500,6499,6499,29.504879999997016,99.98461538461538,4.339590706262502,68.81506881196569,12.810416666666667,0.0,18436.0,0.26866481257557434
prediction_stress,BADP_PLUS,10003,2.4,6500,6498,6498,29.25298666666371,99.96923076923076,4.064019698368729,66.631612156904,12.700694444444444,0.0,18279.0,0.28873219512195125
prediction_stress,BADP_PLUS,10004,2.4,6500,6498,6498,29.630106666663664,99.96923076923076,3.706832871652816,57.75144609991235,12.863194444444444,0.0,18516.0,0.18368443243243243
prediction_stress,BADP_PLUS,10005,2.4,6500,6498,6498,29.625439999997,99.96923076923076,4.0484764542936285,79.94952681388013,12.863888888888889,0.0,18512.0,0.147358550396376
prediction_stress,BADP_PLUS,10006,2.4,6500,6500,6500,29.75309333333032,100.0,3.6826153846153846,75.51053314171544,12.91875,0.0,18592.0,0.13419358288770053
prediction_stress,BADP_PLUS,10007,2.4,6500,6498,6498,29.62557333333033,99.96923076923076,3.8930440135426285,80.65039210586029,12.864583333333334,0.0,18511.0,0.19737746987951807
prediction_stress,BADP_PLUS,10008,2.4,6500,6500,6500,29.313573333330364,100.0,4.188769230769231,80.65039210586029,12.729166666666666,0.0,18316.0,0.18143189368770765
prediction_stress,BADP_PLUS,10009,2.4,6500,6499,6499,29.494239999997014,99.98461538461538,4.094937682720419,79.94952681388013,12.806944444444444,0.0,18430.0,0.22949450171821306
prediction_stress,BADP_PLUS,10010,2.4,6500,6499,6499,29.486239999997018,99.98461538461538,4.214802277273427,67.88813886210221,12.802083333333334,0.0,18425.0,0.20397081021087682
prediction_stress,BADP_PLUS,10011,2.4,6500,6499,6499,29.456533333330356,99.98461538461538,3.9624557624249883,75.42677555296302,12.790277777777778,0.0,18406.0,0.224596632996633
prediction_stress,BADP_PLUS,10012,2.4,6500,6500,6500,29.69799999999699,100.0,4.016,66.63161215690398,12.89375,0.0,18558.0,0.23077545565006075
prediction_stress,BADP_PLUS,10013,2.4,6500,6498,6498,29.706266666663655,99.96923076923076,4.0389350569405975,76.87641049285351,12.899305555555555,0.0,18561.0,0.17598077830188677
prediction_stress,BADP_PLUS,10014,2.4,6500,6499,6499,29.532506666663675,99.98461538461538,4.510078473611324,57.75144609991235,12.820833333333333,0.0,18455.0,0.2342875
prediction_stress,BADP_PLUS,10015,2.4,6500,6499,6499,29.554826666663676,99.98461538461538,4.477150330820126,77.14598806769756,12.833333333333334,0.0,18467.0,0.2060311672683514
prediction_stress,BADP_PLUS,10016,2.4,6500,6500,6500,29.75573333333032,100.0,3.877076923076923,70.13659810932278,12.919444444444444,0.0,18593.0,0.24876919486581098
prediction_stress,BADP_PLUS,10017,2.4,6500,6498,6498,29.450826666663684,99.96923076923076,4.411357340720222,82.96451486185674,12.78888888888889,0.0,18402.0,0.2357074788902292
prediction_stress,BADP_PLUS,10018,2.4,6500,6500,6500,29.635039999996994,100.0,3.702769230769231,79.94952681388013,12.868055555555555,0.0,18518.0,0.16336386822529225
prediction_stress,BADP_PLUS,10019,2.4,6500,6500,6500,29.545439999997008,100.0,3.9833846153846153,73.42681654884692,12.828472222222222,0.0,18462.0,0.14254700665188472
prediction_stress,BADP_PLUS,10020,2.4,6500,6498,6498,29.665999999996995,99.96923076923076,4.234841489689135,61.19492360292839,12.879166666666666,0.0,18538.0,0.21969379391100705
prediction_stress,BADP_PLUS,10021,2.4,6500,6497,6497,29.293546666663705,99.95384615384616,4.592119439741419,65.27248377459566,12.718055555555555,0.0,18305.0,0.13895348027842228
prediction_stress,BADP_PLUS,10022,2.4,6500,6499,6499,29.46613333333035,99.98461538461538,4.1303277427296505,70.13659810932278,12.79375,0.0,18412.0,0.16326459054209919
prediction_stress,BADP_PLUS,10023,2.4,6500,6497,6497,29.753093333330316,99.95384615384616,3.624442050177005,69.34978141478395,12.918055555555556,0.0,18592.0,0.12022218579234972
prediction_stress,BADP_PLUS,10024,2.4,6500,6498,6498,29.54725333333034,99.96923076923076,4.107725453985842,62.19168477879829,12.827777777777778,0.0,18464.0,0.18775692137320044
prediction_stress,BADP_PLUS,10025,2.4,6500,6500,6500,29.360186666663694,100.0,4.344153846153846,71.65756939029399,12.747916666666667,0.0,18346.0,0.18039534606205251
prediction_stress,BADP_PLUS,10026,2.4,6500,6500,6500,29.3153866666637,100.0,4.616615384615384,77.50358920213486,12.729166666666666,0.0,18318.0,0.2992164750957854
prediction_stress,BADP_PLUS,10027,2.4,6500,6499,6499,29.49410666666368,99.98461538461538,4.182643483612863,57.75144609991235,12.804166666666667,0.0,18431.0,0.20197848557692308
prediction_stress,BADP_PLUS,10028,2.4,6500,6500,6500,29.507946666663678,100.0,4.400615384615385,65.27248377459566,12.811111111111112,0.0,18439.0,0.25805108173076924
prediction_stress,BADP_PLUS,10029,2.4,6500,6500,6500,29.177786666663714,100.0,4.602,71.65756939029399,12.66875,0.0,18232.0,0.21425505481120585
prediction_stress,BADP,10000,3.0,6500,6500,6500,31.146693333330163,100.0,4.952,75.51053314171544,13.52361111111111,0.0,19463.0,0.10337744063324539
prediction_stress,BADP,10001,3.0,6500,6499,6499,31.186613333330158,99.98461538461538,4.801507924296046,67.89578299629837,13.541666666666666,3.0,19486.0,0.12790905349794238
prediction_stress,BADP,10002,3.0,6500,6498,6498,31.091253333330172,99.96923076923076,4.399507540781779,57.11710087442531,13.497222222222222,0.0,19429.0,0.1706349930843707
prediction_stress,BADP,10003,3.0,6500,6499,6499,31.124639999996834,99.98461538461538,4.231881827973535,57.122622680624765,13.5125,0.0,19449.0,0.17509271255060727
prediction_stress,BADP,10004,3.0,6500,6499,6499,30.688959999996882,99.98461538461538,4.75303892906601,53.31089608750527,13.322222222222223,0.0,19178.0,0.10407251533742332
prediction_stress,BADP,10005,3.0,6500,6498,6498,30.67114666666355,99.96923076923076,4.571868267159126,53.31744251261919,13.315277777777778,1.0,19166.0,0.1280723566878981
prediction_stress,BADP,10006,3.0,6500,6500,6500,31.08485333333017,100.0,4.496,62.19168477879829,13.495138888888889,0.0,19425.0,0.08870884955752213
prediction_stress,BADP,10007,3.0,6500,6499,6499,31.303493333330145,99.98461538461538,4.2324973072780425,66.63395141785551,13.590972222222222,0.0,19561.0,0.11545577689243028
prediction_stress,BADP,10008,3.0,6500,6498,6498,31.021466666663514,99.96923076923076,4.507386888273315,69.35767297257284,13.470138888888888,2.0,19383.0,0.09564459974587039
prediction_stress,BADP,10009,3.0,6500,6498,6498,31.051946666663508,99.96923076923076,4.510772545398584,57.11986195528999,13.480555555555556,0.0,19404.0,0.08955807692307692
prediction_stress,BADP,10010,3.0,6500,6500,6500,30.796213333330197,100.0,4.846153846153846,65.28366009706363,13.372222222222222,2.0,19242.0,0.11769111405835543
prediction_stress,BADP,10011,3.0,6500,6500,6500,31.002559999996848,100.0,4.658307692307693,53.31089608750527,13.458333333333334,0.0,19374.0,0.09680493046776233
prediction_stress,BADP,10012,3.0,6500,6500,6500,30.924639999996856,100.0,4.192153846153846,62.196985629162285,13.426388888888889,1.0,19324.0,0.15911164294954722
prediction_stress,BADP,10013,3.0,6500,6499,6499,31.045199999996843,99.98461538461538,4.328204339129097,61.19492360292839,13.477777777777778,0.0,19400.0,0.11736004962779158
prediction_stress,BADP,10014,3.0,6500,6499,6499,30.98543999999685,99.98461538461538,4.5653177411909525,65.27471961473583,13.452777777777778,0.0,19362.0,0.10674711286089239
prediction_stress,BADP,10015,3.0,6500,6497,6497,31.231066666663487,99.95384615384616,4.60381714637525,69.35767297257284,13.561111111111112,4.0,19514.0,0.13700696452036792
prediction_stress,BADP,10016,3.0,6500,6499,6499,30.947386666663522,99.98461538461538,4.238344360670872,66.631612156904,13.436111111111112,0.0,19338.0,0.09107506329113924
prediction_stress,BADP,10017,3.0,6500,6500,6500,30.80999999999687,100.0,4.791538461538462,61.19492360292839,13.375694444444445,0.0,19253.0,0.10283530166880617
prediction_stress,BADP,10018,3.0,6500,6499,6499,30.509199999996902,99.98461538461538,4.8175103862132636,66.63161215690398,13.245833333333334,0.0,19065.0,0.06410635696821516
prediction_stress,BADP,10019,3.0,6500,6499,6499,31.095706666663506,99.98461538461538,4.65979381443299,57.75144609991235,13.499305555555555,0.0,19432.0,0.10132775616083009
prediction_stress,BADP,10020,3.0,6500,6500,6500,31.118719999996834,100.0,4.996923076923077,65.28142540810546,13.511805555555556,0.0,19444.0,0.11511216730038022
prediction_stress,BADP,10021,3.0,6500,6500,6500,30.62098666666356,100.0,4.697846153846154,66.631612156904,13.294444444444444,0.0,19134.0,0.06290957575757576
prediction_stress,BADP,10022,3.0,6500,6500,6500,30.8325333333302,100.0,5.052769230769231,65.27695516699714,13.386805555555556,1.0,19266.0,0.09583727506426735
prediction_stress,BADP,10023,3.0,6500,6499,6499,30.62119999999689,99.98461538461538,4.3925219264502235,57.754408104602646,13.29375,1.0,19135.0,0.08625665488810365
prediction_stress,BADP,10024,3.0,6500,6499,6499,31.161306666663496,99.98461538461538,4.584397599630712,57.75144609991235,13.527777777777779,0.0,19473.0,0.08225876418663304
prediction_stress,BADP,10025,3.0,6500,6499,6499,30.827946666663532,99.98461538461538,4.451454069856901,65.27248377459566,13.384027777777778,0.0,19264.0,0.09534961240310078
prediction_stress,BADP,10026,3.0,6500,6498,6498,30.734933333330208,99.96923076923076,4.962449984610649,71.07528389177064,13.345138888888888,0.0,19205.0,0.12206685006877578
prediction_stress,BADP,10027,3.0,6500,6500,6500,31.07810666666351,100.0,4.525384615384615,57.75144609991235,13.491666666666667,0.0,19421.0,0.17224773333333335
prediction_stress,BADP,10028,3.0,6500,6500,6500,31.13861333333016,100.0,4.638307692307692,70.14155589742455,13.520833333333334,2.0,19456.0,0.1125546933667084
prediction_stress,BADP,10029,3.0,6500,6499,6499,30.97514666666352,99.98461538461538,4.973534389906139,71.07122826696579,13.448611111111111,0.0,19356.0,0.16959029126213593
prediction_stress,BADP_PLUS,10000,3.0,6500,6500,6500,31.146693333330163,100.0,4.952,75.51053314171544,13.52361111111111,0.0,19463.0,0.22789300791556727
prediction_stress,BADP_PLUS,10001,3.0,6500,6499,6499,31.185439999996827,99.98461538461538,4.7985843975996305,67.88813886210221,13.539583333333333,0.0,19487.0,0.25758422496570643
prediction_stress,BADP_PLUS,10002,3.0,6500,6498,6498,31.091253333330172,99.96923076923076,4.399507540781779,57.11710087442531,13.497222222222222,0.0,19429.0,0.3320688796680498
prediction_stress,BADP_PLUS,10003,3.0,6500,6499,6499,31.12005333333017,99.98461538461538,4.230035390060009,57.11710087442531,13.509722222222223,0.0,19447.0,0.33500701754385964
prediction_stress,BADP_PLUS,10004,3.0,6500,6499,6499,30.688959999996882,99.98461538461538,4.75303892906601,53.31089608750527,13.322222222222223,0.0,19178.0,0.2204003680981595
prediction_stress,BADP_PLUS,10005,3.0,6500,6498,6498,30.666559999996885,99.96923076923076,4.57202216066482,53.31089608750527,13.3125,0.0,19164.0,0.21772127388535034
prediction_stress,BADP_PLUS,10006,3.0,6500,6500,6500,31.08485333333017,100.0,4.496,62.19168477879829,13.495138888888889,0.0,19425.0,0.21332111251580277
prediction_stress,BADP_PLUS,10007,3.0,6500,6499,6499,31.302799999996815,99.98461538461538,4.233574396060932,66.63161215690398,13.590277777777779,0.0,19561.0,0.24156427622841964
prediction_stress,BADP_PLUS,10008,3.0,6500,6498,6498,31.02258666666351,99.96923076923076,4.5080024622960915,71.65756939029399,13.469444444444445,0.0,19385.0,0.19490749682337993
prediction_stress,BADP_PLUS,10009,3.0,6500,6498,6498,31.051253333330177,99.96923076923076,4.511080332409972,57.11710087442531,13.479861111111111,0.0,19404.0,0.36588371794871793
prediction_stress,BADP_PLUS,10010,3.0,6500,6500,6500,30.792746666663536,100.0,4.851692307692308,65.27248377459566,13.36875,0.0,19242.0,0.260607824933687
prediction_stress,BADP_PLUS,10011,3.0,6500,6500,6500,31.002559999996848,100.0,4.658307692307693,53.31089608750527,13.458333333333334,0.0,19374.0,0.23816599241466496
prediction_stress,BADP_PLUS,10012,3.0,6500,6500,6500,30.92325333333019,100.0,4.197230769230769,62.19168477879829,13.425,0.0,19324.0,0.26568589909443724
prediction_stress,BADP_PLUS,10013,3.0,6500,6499,6499,31.045199999996843,99.98461538461538,4.328204339129097,61.19492360292839,13.477777777777778,0.0,19400.0,0.2515849875930521
prediction_stress,BADP_PLUS,10014,3.0,6500,6499,6499,30.984746666663515,99.98461538461538,4.565471611017079,65.27248377459566,13.452083333333333,0.0,19362.0,0.2484734908136483
prediction_stress,BADP_PLUS,10015,3.0,6500,6497,6497,31.231493333330153,99.95384615384616,4.6213637063259965,69.34978141478395,13.559722222222222,0.0,19516.0,0.3308529566360053
prediction_stress,BADP_PLUS,10016,3.0,6500,6499,6499,30.947386666663522,99.98461538461538,4.238344360670872,66.631612156904,13.436111111111112,0.0,19338.0,0.2666851898734177
prediction_stress,BADP_PLUS,10017,3.0,6500,6500,6500,30.80999999999687,100.0,4.791538461538462,61.19492360292839,13.375694444444445,0.0,19253.0,0.20381283697047495
prediction_stress,BADP_PLUS,10018,3.0,6500,6499,6499,30.509199999996902,99.98461538461538,4.8175103862132636,66.63161215690398,13.245833333333334,0.0,19065.0,0.19031295843520782
prediction_stress,BADP_PLUS,10019,3.0,6500,6499,6499,31.095706666663506,99.98461538461538,4.65979381443299,57.75144609991235,13.499305555555555,0.0,19432.0,0.27621569390402073
prediction_stress,BADP_PLUS,10020,3.0,6500,6500,6500,31.11733333333017,100.0,4.998923076923077,70.13659810932278,13.510416666666666,0.0,19444.0,0.2232300380228137
prediction_stress,BADP_PLUS,10021,3.0,6500,6500,6500,30.62098666666356,100.0,4.697846153846154,66.631612156904,13.294444444444444,0.0,19134.0,0.24982545454545454
prediction_stress,BADP_PLUS,10022,3.0,6500,6500,6500,30.831146666663535,100.0,5.053846153846154,65.27248377459566,13.385416666666666,0.0,19266.0,0.26826208226221077
prediction_stress,BADP_PLUS,10023,3.0,6500,6499,6499,30.623706666663555,99.98461538461538,4.392368056624096,57.75144609991235,13.294444444444444,0.0,19137.0,0.22162685512367492
prediction_stress,BADP_PLUS,10024,3.0,6500,6499,6499,31.161306666663496,99.98461538461538,4.584397599630712,57.75144609991235,13.527777777777779,0.0,19473.0,0.19814312736443884
prediction_stress,BADP_PLUS,10025,3.0,6500,6499,6499,30.827946666663532,99.98461538461538,4.451454069856901,65.27248377459566,13.384027777777778,0.0,19264.0,0.30057002583979325
prediction_stress,BADP_PLUS,10026,3.0,6500,6498,6498,30.731039999996874,99.96923076923076,4.960757156048015,73.42681654884692,13.343055555555555,0.0,19203.0,0.3436442916093535
prediction_stress,BADP_PLUS,10027,3.0,6500,6500,6500,31.07810666666351,100.0,4.525384615384615,57.75144609991235,13.491666666666667,0.0,19421.0,0.32568093333333337
prediction_stress,BADP_PLUS,10028,3.0,6500,6500,6500,31.139733333330163,100.0,4.641538461538461,70.13659810932278,13.520138888888889,0.0,19458.0,0.3002247809762203
prediction_stress,BADP_PLUS,10029,3.0,6500,6499,6499,30.97514666666352,99.98461538461538,4.973534389906139,71.07122826696579,13.448611111111111,0.0,19356.0,0.3167067961165048
runtime_scalability,AMRP,10000,500.0,500,410,176,2.087453333333339,35.2,120.56829268292682,81.80034580686775,10.413194444444445,14873.0,0.0,0.006424936386768448
runtime_scalability,AMRP,10001,500.0,500,421,116,2.369813333333184,23.2,157.65320665083135,73.89962385488077,11.911805555555556,17058.0,0.0,0.005262953995157385
runtime_scalability,AMRP,10002,500.0,500,446,132,2.412626666666507,26.4,149.07174887892376,69.77670384333851,12.006944444444445,17168.0,0.0,0.006692647058823529
runtime_scalability,AMRP,10003,500.0,500,442,222,2.438886666666542,44.4,143.88009049773757,69.33795002294438,11.529861111111112,16453.0,0.0,0.005280246913580247
runtime_scalability,AMRP,10004,500.0,500,406,107,2.3531266666664887,21.4,175.98029556650246,77.35705990573757,11.843055555555555,16969.0,1.0,0.004381141439205955
runtime_scalability,AMRP,10005,500.0,500,452,186,2.559786666666523,37.2,153.7566371681416,74.57175634900678,12.292361111111111,17565.0,0.0,0.0052875912408759124
runtime_scalability,AMRP,10006,500.0,500,439,166,2.357113333333236,33.2,144.373576309795,76.25664506453411,11.457638888888889,16374.0,1.0,0.006603571428571428
runtime_scalability,AMRP,10007,500.0,500,423,138,2.388706666666522,27.6,164.05200945626478,82.83557486664921,11.89236111111111,17029.0,0.0,0.004252153110047847
runtime_scalability,AMRP,10008,500.0,500,430,137,2.3863666666664893,27.4,171.44883720930233,82.2369141180849,11.9125,17044.0,0.0,0.004570853080568721
runtime_scalability,AMRP,10009,500.0,500,436,164,2.452319999999778,32.8,164.24311926605503,73.93688991978351,11.899305555555555,17030.0,0.0,0.0035793611793611796
runtime_scalability,AMRP,10010,500.0,500,440,163,2.5931533333331256,32.6,175.90454545454546,72.06518609516864,12.50763888888889,17894.0,0.0,0.004739659367396593
runtime_scalability,AMRP,10011,500.0,500,422,189,2.2174533333333373,37.8,113.12559241706161,77.77544020123484,10.774305555555555,15390.0,0.0,0.0044953658536585365
runtime_scalability,AMRP,10012,500.0,500,464,197,2.707119999999802,39.4,166.81034482758622,75.39349422875131,12.716666666666667,18171.0,0.0,0.00491007371007371
runtime_scalability,AMRP,10013,500.0,500,436,193,2.419993333333203,38.6,149.9151376146789,73.73966883467294,11.5125,16449.0,0.0,0.0037056790123456787
runtime_scalability,AMRP,10014,500.0,500,434,180,2.33826666666659,36.0,142.93087557603687,73.22749309198007,11.393055555555556,16262.0,0.0,0.006783571428571429
runtime_scalability,AMRP,10015,500.0,500,441,152,2.464279999999789,30.4,169.26757369614512,70.12704117752313,12.152777777777779,17379.0,0.0,0.007510144927536232
runtime_scalability,AMRP,10016,500.0,500,438,163,2.4431333333332055,32.6,155.31278538812785,79.71334896176596,11.904861111111112,17019.0,0.0,0.0037983720930232557
runtime_scalability,AMRP,10017,500.0,500,435,163,2.422073333333216,32.6,148.7471264367816,74.56387122199911,11.847222222222221,16928.0,0.0,0.00584420803782506
runtime_scalability,AMRP,10018,500.0,500,423,147,2.296839999999878,29.4,139.4468085106383,73.76931524380228,11.575,16544.0,0.0,0.005223866348448687
runtime_scalability,AMRP,10019,500.0,500,454,171,2.431693333333139,34.2,156.62334801762114,71.47906364370183,11.848611111111111,16933.0,0.0,0.005198044009779951
runtime_scalability,AMRP,10020,500.0,500,427,202,2.3121799999999597,40.4,129.31147540983608,79.40231403279272,11.039583333333333,15751.0,0.0,0.007199257425742575
runtime_scalability,AMRP,10021,500.0,500,431,141,2.197293333333274,28.2,123.02088167053364,72.72528120655517,10.980555555555556,15724.0,3.0,0.007381145584725537
runtime_scalability,AMRP,10022,500.0,500,432,106,2.435679999999801,21.2,166.5787037037037,78.00036773309265,12.239583333333334,17539.0,0.0,0.007058711217183771
runtime_scalability,AMRP,10023,500.0,500,436,175,2.40810666666652,35.0,150.03669724770643,77.8186935418633,11.631944444444445,16617.0,4.0,0.007130352941176471
runtime_scalability,AMRP,10024,500.0,500,444,192,2.461159999999903,38.4,140.69819819819818,71.66779550178666,11.799305555555556,16843.0,0.0,0.005646004842615012
runtime_scalability,AMRP,10025,500.0,500,450,168,2.42813999999987,33.6,150.1822222222222,72.16491922910264,11.780555555555555,16847.0,0.0,0.00583183962264151
runtime_scalability,AMRP,10026,500.0,500,448,182,2.5155866666665134,36.4,155.78794642857142,74.31442427513512,12.102777777777778,17289.0,0.0,0.003978450363196126
runtime_scalability,AMRP,10027,500.0,500,450,176,2.577986666666462,35.2,167.5,74.67622408814529,12.44375,17790.0,0.0,0.005431358024691358
runtime_scalability,AMRP,10028,500.0,500,433,111,2.323793333333132,22.2,180.54503464203233,61.92074838271628,11.843055555555555,16962.0,0.0,0.004508029197080292
runtime_scalability,AMRP,10029,500.0,500,427,142,2.3222333333332195,28.4,148.480093676815,75.65808411275181,11.565972222222221,16544.0,0.0,0.0032651869158878506
runtime_scalability,BADP,10000,500.0,500,486,486,1.4670400000000257,97.2,2.065843621399177,79.68379446640316,0.6423611111111112,0.0,913.0,0.0024000000000000002
runtime_scalability,BADP,10001,500.0,500,497,497,1.5988000000000293,99.4,2.1750503018108653,66.44693473961766,0.6979166666666666,0.0,996.0,0.0029941888619854718
runtime_scalability,BADP,10002,500.0,500,500,500,1.5101066666666936,100.0,2.016,57.61266212354363,0.6583333333333333,0.0,941.0,0.004425735294117647
runtime_scalability,BADP,10003,500.0,500,499,499,1.5668000000000286,99.8,2.100200400801603,66.44693473961766,0.6840277777777778,0.0,976.0,0.002775308641975309
runtime_scalability,BADP,10004,500.0,500,485,485,1.5412000000000279,97.0,2.1237113402061856,66.44693473961766,0.6729166666666667,0.0,960.0,0.006847146401985111
runtime_scalability,BADP,10005,500.0,500,500,500,1.5780000000000287,100.0,2.15,66.44693473961766,0.6888888888888889,0.0,983.0,0.006689537712895377
runtime_scalability,BADP,10006,500.0,500,500,500,1.5389066666666944,100.0,2.038,57.61266212354363,0.6708333333333333,0.0,959.0,0.003603095238095238
runtime_scalability,BADP,10007,500.0,500,498,498,1.6023466666666961,99.6,2.1305220883534135,70.86115992970122,0.7,0.0,998.0,0.005454306220095694
runtime_scalability,BADP,10008,500.0,500,500,500,1.557760000000028,100.0,2.072,53.19261213720316,0.6784722222222223,0.0,971.0,0.003537203791469194
runtime_scalability,BADP,10009,500.0,500,497,497,1.5511466666666949,99.4,2.1106639839034207,62.047451669595766,0.6777777777777778,2.0,966.0,0.002313022113022113
runtime_scalability,BADP,10010,500.0,500,499,499,1.609653333333363,99.8,2.158316633266533,62.03076923076922,0.7020833333333333,0.0,1003.0,0.002508515815085158
runtime_scalability,BADP,10011,500.0,500,491,491,1.545653333333361,98.2,2.0936863543788187,62.03076923076922,0.6743055555555556,0.0,963.0,0.006283658536585366
runtime_scalability,BADP,10012,500.0,500,500,500,1.6093066666666962,100.0,2.164,57.61266212354363,0.7013888888888888,0.0,1003.0,0.0033675675675675677
runtime_scalability,BADP,10013,500.0,500,499,499,1.5428000000000277,99.8,2.0741482965931866,66.44693473961766,0.6736111111111112,0.0,961.0,0.002905925925925926
runtime_scalability,BADP,10014,500.0,500,499,499,1.541893333333361,99.8,2.096192384769539,75.27344607950802,0.6743055555555556,0.0,960.0,0.004768571428571429
runtime_scalability,BADP,10015,500.0,500,500,500,1.5312533333333607,100.0,2.064,62.03076923076922,0.6680555555555555,0.0,954.0,0.004641062801932367
runtime_scalability,BADP,10016,500.0,500,500,500,1.577653333333362,100.0,2.116,62.03076923076922,0.6881944444444444,0.0,983.0,0.0028297674418604653
runtime_scalability,BADP,10017,500.0,500,499,499,1.573893333333362,99.8,2.1102204408817635,75.27344607950802,0.6881944444444444,0.0,980.0,0.004487943262411347
runtime_scalability,BADP,10018,500.0,500,494,494,1.50885333333336,98.8,2.048582995951417,62.03076923076922,0.6583333333333333,0.0,940.0,0.005691408114558472
runtime_scalability,BADP,10019,500.0,500,500,500,1.470453333333359,100.0,2.006,62.03076923076922,0.6416666666666667,0.0,916.0,0.0029572127139364302
runtime_scalability,BADP,10020,500.0,500,499,499,1.6071466666666963,99.8,2.132264529058116,70.86115992970122,0.7020833333333333,0.0,1001.0,0.0025980198019801984
runtime_scalability,BADP,10021,500.0,500,497,497,1.5226933333333605,99.4,2.0422535211267605,75.27344607950802,0.6659722222222222,0.0,948.0,0.005463723150357995
runtime_scalability,BADP,10022,500.0,500,498,498,1.554000000000028,99.6,2.108433734939759,66.44693473961766,0.6784722222222223,0.0,968.0,0.002519570405727924
runtime_scalability,BADP,10023,500.0,500,498,498,1.5837066666666955,99.6,2.066265060240964,57.61266212354363,0.6902777777777778,0.0,987.0,0.006203294117647059
runtime_scalability,BADP,10024,500.0,500,500,500,1.5536533333333613,100.0,2.086,62.03076923076922,0.6777777777777778,0.0,968.0,0.00397046004842615
runtime_scalability,BADP,10025,500.0,500,500,500,1.5261066666666938,100.0,2.03,57.61266212354363,0.6652777777777777,0.0,951.0,0.005246933962264151
runtime_scalability,BADP,10026,500.0,500,500,500,1.555600000000028,100.0,2.078,66.44693473961766,0.6791666666666667,0.0,969.0,0.004898305084745763
runtime_scalability,BADP,10027,500.0,500,500,500,1.595946666666696,100.0,2.15,62.047451669595766,0.6965277777777777,1.0,994.0,0.004152839506172839
runtime_scalability,BADP,10028,500.0,500,498,498,1.4669066666666921,99.6,1.9718875502008033,57.61266212354363,0.6395833333333333,0.0,914.0,0.005309732360097324
runtime_scalability,BADP,10029,500.0,500,495,495,1.5543466666666947,99.0,2.0828282828282827,62.047451669595766,0.6784722222222223,1.0,968.0,0.006525934579439252
runtime_scalability,BADP_PLUS,10000,500.0,500,486,486,1.4670400000000257,97.2,2.065843621399177,79.68379446640316,0.6423611111111112,0.0,913.0,0.03170152671755725
runtime_scalability,BADP_PLUS,10001,500.0,500,497,497,1.5988000000000293,99.4,2.1750503018108653,66.44693473961766,0.6979166666666666,0.0,996.0,0.02702348668280872
runtime_scalability,BADP_PLUS,10002,500.0,500,500,500,1.5101066666666936,100.0,2.016,57.61266212354363,0.6583333333333333,0.0,941.0,0.03710024509803922
runtime_scalability,BADP_PLUS,10003,500.0,500,499,499,1.5668000000000286,99.8,2.100200400801603,66.44693473961766,0.6840277777777778,0.0,976.0,0.03153111111111111
runtime_scalability,BADP_PLUS,10004,500.0,500,485,485,1.5412000000000279,97.0,2.1237113402061856,66.44693473961766,0.6729166666666667,0.0,960.0,0.045897518610421836
runtime_scalability,BADP_PLUS,10005,500.0,500,500,500,1.5780000000000287,100.0,2.15,66.44693473961766,0.6888888888888889,0.0,983.0,0.025810218978102192
runtime_scalability,BADP_PLUS,10006,500.0,500,500,500,1.5389066666666944,100.0,2.038,57.61266212354363,0.6708333333333333,0.0,959.0,0.02167904761904762
runtime_scalability,BADP_PLUS,10007,500.0,500,498,498,1.6023466666666961,99.6,2.1305220883534135,70.86115992970122,0.7,0.0,998.0,0.02899377990430622
runtime_scalability,BADP_PLUS,10008,500.0,500,500,500,1.557760000000028,100.0,2.072,53.19261213720316,0.6784722222222223,0.0,971.0,0.027951658767772513
runtime_scalability,BADP_PLUS,10009,500.0,500,497,497,1.5508000000000282,99.4,2.106639839034205,66.44693473961766,0.6770833333333334,0.0,966.0,0.026237346437346435
runtime_scalability,BADP_PLUS,10010,500.0,500,499,499,1.609653333333363,99.8,2.158316633266533,62.03076923076922,0.7020833333333333,0.0,1003.0,0.022067639902676402
runtime_scalability,BADP_PLUS,10011,500.0,500,491,491,1.545653333333361,98.2,2.0936863543788187,62.03076923076922,0.6743055555555556,0.0,963.0,0.039703414634146346
runtime_scalability,BADP_PLUS,10012,500.0,500,500,500,1.6093066666666962,100.0,2.164,57.61266212354363,0.7013888888888888,0.0,1003.0,0.03283759213759214
runtime_scalability,BADP_PLUS,10013,500.0,500,499,499,1.5428000000000277,99.8,2.0741482965931866,66.44693473961766,0.6736111111111112,0.0,961.0,0.030012839506172843
runtime_scalability,BADP_PLUS,10014,500.0,500,499,499,1.541893333333361,99.8,2.096192384769539,75.27344607950802,0.6743055555555556,0.0,960.0,0.02096857142857143
runtime_scalability,BADP_PLUS,10015,500.0,500,500,500,1.5312533333333607,100.0,2.064,62.03076923076922,0.6680555555555555,0.0,954.0,0.03850169082125604
runtime_scalability,BADP_PLUS,10016,500.0,500,500,500,1.577653333333362,100.0,2.116,62.03076923076922,0.6881944444444444,0.0,983.0,0.03704093023255814
runtime_scalability,BADP_PLUS,10017,500.0,500,499,499,1.573893333333362,99.8,2.1102204408817635,75.27344607950802,0.6881944444444444,0.0,980.0,0.023353664302600476
runtime_scalability,BADP_PLUS,10018,500.0,500,494,494,1.50885333333336,98.8,2.048582995951417,62.03076923076922,0.6583333333333333,0.0,940.0,0.03389260143198091
runtime_scalability,BADP_PLUS,10019,500.0,500,500,500,1.470453333333359,100.0,2.006,62.03076923076922,0.6416666666666667,0.0,916.0,0.04074767726161369
runtime_scalability,BADP_PLUS,10020,500.0,500,499,499,1.6071466666666963,99.8,2.132264529058116,70.86115992970122,0.7020833333333333,0.0,1001.0,0.029122029702970297
runtime_scalability,BADP_PLUS,10021,500.0,500,497,497,1.5226933333333605,99.4,2.0422535211267605,75.27344607950802,0.6659722222222222,0.0,948.0,0.040118138424821
runtime_scalability,BADP_PLUS,10022,500.0,500,498,498,1.554000000000028,99.6,2.108433734939759,66.44693473961766,0.6784722222222223,0.0,968.0,0.039262529832935565
runtime_scalability,BADP_PLUS,10023,500.0,500,498,498,1.5837066666666955,99.6,2.066265060240964,57.61266212354363,0.6902777777777778,0.0,987.0,0.042904000000000005
runtime_scalability,BADP_PLUS,10024,500.0,500,500,500,1.5536533333333613,100.0,2.086,62.03076923076922,0.6777777777777778,0.0,968.0,0.02711646489104116
runtime_scalability,BADP_PLUS,10025,500.0,500,500,500,1.5261066666666938,100.0,2.03,57.61266212354363,0.6652777777777777,0.0,951.0,0.04307948113207547
runtime_scalability,BADP_PLUS,10026,500.0,500,500,500,1.555600000000028,100.0,2.078,66.44693473961766,0.6791666666666667,0.0,969.0,0.0274319612590799
runtime_scalability,BADP_PLUS,10027,500.0,500,500,500,1.5968533333333625,100.0,2.148,62.03076923076922,0.6965277777777777,0.0,995.0,0.030633086419753087
runtime_scalability,BADP_PLUS,10028,500.0,500,498,498,1.4669066666666921,99.6,1.9718875502008033,57.61266212354363,0.6395833333333333,0.0,914.0,0.02759367396593674
runtime_scalability,BADP_PLUS,10029,500.0,500,495,495,1.5552533333333614,99.0,2.080808080808081,62.03076923076922,0.6784722222222223,0.0,969.0,0.036164719626168226
runtime_scalability,CDASCALER,10000,500.0,500,409,172,2.0857200000000042,34.4,120.41075794621027,84.57900971333807,10.41388888888889,14884.0,0.0,0.007317557251908397
runtime_scalability,CDASCALER,10001,500.0,500,423,116,2.3783066666665165,23.2,155.91489361702128,51.26224596348905,11.942361111111111,17102.0,0.0,0.007123486682808717
runtime_scalability,CDASCALER,10002,500.0,500,448,142,2.4209466666665103,28.4,147.67857142857142,77.16654368679197,12.011805555555556,17172.0,0.0,0.00656985294117647
runtime_scalability,CDASCALER,10003,500.0,500,442,222,2.4430466666665427,44.4,141.57013574660633,79.02402175555218,11.540277777777778,16461.0,0.0,0.0069940740740740736
runtime_scalability,CDASCALER,10004,500.0,500,407,106,2.3496599999998256,21.2,178.64373464373463,85.61089373742733,11.83611111111111,16958.0,1.0,0.0061575682382134
runtime_scalability,CDASCALER,10005,500.0,500,453,185,2.5691466666665255,37.0,153.54083885209712,79.66267682263329,12.325,17610.0,0.0,0.004179805352798054
runtime_scalability,CDASCALER,10006,500.0,500,442,165,2.3687266666665705,33.0,142.5339366515837,78.61979453109531,11.484027777777778,16410.0,1.0,0.007513095238095238
runtime_scalability,CDASCALER,10007,500.0,500,421,134,2.372413333333185,26.8,160.90023752969122,85.69972318643173,11.871527777777779,16994.0,0.0,0.005486842105263158
runtime_scalability,CDASCALER,10008,500.0,500,429,138,2.3851533333331534,27.6,170.42191142191143,82.23146830176283,11.911111111111111,17041.0,0.0,0.003563270142180095
runtime_scalability,CDASCALER,10009,500.0,500,437,163,2.4535333333331106,32.6,164.97940503432494,79.07865845782923,11.902777777777779,17033.0,0.0,0.005015479115479116
runtime_scalability,CDASCALER,10010,500.0,500,441,162,2.5940199999997957,32.4,177.66213151927437,78.11502860114406,12.509722222222223,17897.0,0.0,0.003555717761557178
runtime_scalability,CDASCALER,10011,500.0,500,422,191,2.220746666666669,38.2,112.67298578199052,77.79473588009503,10.7875,15407.0,0.0,0.003583658536585366
runtime_scalability,CDASCALER,10012,500.0,500,462,198,2.7124933333331347,39.6,165.0151515151515,80.3430281946523,12.739583333333334,18199.0,0.0,0.0042326781326781325
runtime_scalability,CDASCALER,10013,500.0,500,436,196,2.422073333333202,39.2,149.2178899082569,78.91388774381115,11.515277777777778,16447.0,0.0,0.008902716049382716
runtime_scalability,CDASCALER,10014,500.0,500,433,180,2.3330666666665896,36.0,143.14780600461893,78.43333925084323,11.38263888888889,16249.0,0.0,0.007337619047619048
runtime_scalability,CDASCALER,10015,500.0,500,442,157,2.4660133333331236,31.4,170.71945701357467,77.42134855573201,12.159722222222221,17387.0,0.0,0.00461231884057971
runtime_scalability,CDASCALER,10016,500.0,500,440,167,2.448853333333208,33.4,154.35,82.51293103448276,11.917361111111111,17032.0,0.0,0.00738906976744186
runtime_scalability,CDASCALER,10017,500.0,500,439,165,2.434899999999883,33.0,148.0637813211845,77.24604770864423,11.88125,16977.0,0.0,0.005439479905437352
runtime_scalability,CDASCALER,10018,500.0,500,423,141,2.297879999999875,28.2,139.46335697399527,76.4405033812531,11.590277777777779,16574.0,0.0,0.006121479713603819
runtime_scalability,CDASCALER,10019,500.0,500,456,171,2.4309999999998055,34.2,155.87938596491227,78.96090401350824,11.847222222222221,16932.0,0.0,0.006670904645476773
runtime_scalability,CDASCALER,10020,500.0,500,427,203,2.3026466666666248,40.6,130.01170960187355,81.85315232706371,11.013194444444444,15714.0,0.0,0.005146287128712871
runtime_scalability,CDASCALER,10021,500.0,500,432,137,2.197293333333275,27.4,126.14583333333333,77.62810183693199,10.980555555555556,15725.0,3.0,0.005494033412887829
runtime_scalability,CDASCALER,10022,500.0,500,434,109,2.442959999999803,21.8,165.426267281106,80.7554174220841,12.254166666666666,17559.0,0.0,0.00725346062052506
runtime_scalability,CDASCALER,10023,500.0,500,435,175,2.4079333333331885,35.0,149.64367816091954,80.55480437911632,11.633333333333333,16620.0,4.0,0.007346588235294118
runtime_scalability,CDASCALER,10024,500.0,500,446,191,2.456133333333235,38.2,144.0067264573991,79.09216074348161,11.801388888888889,16849.0,0.0,0.0054845036319612584
runtime_scalability,CDASCALER,10025,500.0,500,448,171,2.4286599999998684,34.2,150.38392857142858,78.94859964909999,11.770833333333334,16824.0,0.0,0.007279716981132075
runtime_scalability,CDASCALER,10026,500.0,500,448,183,2.518359999999847,36.6,155.82589285714286,79.4101944832846,12.108333333333333,17296.0,0.0,0.004621791767554479
runtime_scalability,CDASCALER,10027,500.0,500,451,175,2.5804133333331274,35.0,165.91352549889135,79.7178513293543,12.452777777777778,17795.0,0.0,0.008009876543209877
runtime_scalability,CDASCALER,10028,500.0,500,433,110,2.324139999999798,22.0,180.79676674364896,73.02995929805832,11.840972222222222,16961.0,0.0,0.004244282238442822
runtime_scalability,CDASCALER,10029,500.0,500,425,143,2.3177266666665504,28.6,146.94823529411764,80.13589680753893,11.55486111111111,16529.0,0.0,0.005945794392523364
runtime_scalability,CEDULE,10000,500.0,500,486,486,1.3344000000000218,97.2,3.4814814814814814,0.0,0.5791666666666667,0.0,834.0,0.0050832061068702295
runtime_scalability,CEDULE,10001,500.0,500,497,497,1.4624000000000255,99.4,3.8772635814889336,0.0,0.6347222222222222,0.0,914.0,0.0020961259079903148
runtime_scalability,CEDULE,10002,500.0,500,500,500,1.377600000000023,100.0,3.214,0.0,0.5979166666666667,0.0,861.0,0.00329828431372549
runtime_scalability,CEDULE,10003,500.0,500,499,499,1.4208000000000243,99.8,4.274549098196393,0.0,0.6166666666666667,0.0,888.0,0.0029671604938271605
runtime_scalability,CEDULE,10004,500.0,500,485,485,1.411200000000024,97.0,3.2268041237113403,0.0,0.6125,0.0,882.0,0.0049406947890818865
runtime_scalability,CEDULE,10005,500.0,500,500,500,1.4336000000000246,100.0,3.686,0.0,0.6222222222222222,0.0,896.0,0.0035063260340632606
runtime_scalability,CEDULE,10006,500.0,500,500,500,1.4016000000000237,100.0,3.324,0.0,0.6083333333333333,0.0,876.0,0.0024823809523809525
runtime_scalability,CEDULE,10007,500.0,500,498,498,1.448000000000025,99.6,3.5220883534136544,0.0,0.6284722222222222,0.0,905.0,0.003874641148325359
runtime_scalability,CEDULE,10008,500.0,500,500,500,1.4240000000000244,100.0,3.386,0.0,0.6180555555555556,0.0,890.0,0.0022196682464454974
runtime_scalability,CEDULE,10009,500.0,500,497,497,1.4208000000000243,99.4,5.438631790744467,0.0,0.6166666666666667,0.0,888.0,0.0022194103194103196
runtime_scalability,CEDULE,10010,500.0,500,499,499,1.449600000000025,99.8,4.028056112224449,0.0,0.6291666666666667,0.0,906.0,0.002248661800486618
runtime_scalability,CEDULE,10011,500.0,500,491,491,1.3888000000000233,98.2,5.211812627291242,0.0,0.6027777777777777,0.0,868.0,0.004101951219512195
runtime_scalability,CEDULE,10012,500.0,500,500,500,1.4352000000000247,100.0,4.154,0.0,0.6229166666666667,0.0,897.0,0.0028324324324324325
runtime_scalability,CEDULE,10013,500.0,500,499,499,1.412800000000024,99.8,6.062124248496994,0.0,0.6131944444444445,0.0,883.0,0.0036498765432098766
runtime_scalability,CEDULE,10014,500.0,500,499,499,1.3968000000000236,99.8,3.4789579158316633,0.0,0.60625,0.0,873.0,0.0024952380952380955
runtime_scalability,CEDULE,10015,500.0,500,500,500,1.3936000000000235,100.0,3.402,0.0,0.6048611111111111,0.0,871.0,0.0048729468599033815
runtime_scalability,CEDULE,10016,500.0,500,500,500,1.446400000000025,100.0,3.422,0.0,0.6277777777777778,0.0,904.0,0.0016797674418604653
runtime_scalability,CEDULE,10017,500.0,500,499,499,1.4672000000000256,99.8,3.302605210420842,0.0,0.6368055555555555,0.0,917.0,0.003532151300236407
runtime_scalability,CEDULE,10018,500.0,500,494,494,1.3872000000000233,98.8,2.931174089068826,0.0,0.6020833333333333,0.0,867.0,0.003052505966587112
runtime_scalability,CEDULE,10019,500.0,500,500,500,1.339200000000022,100.0,4.268,0.0,0.58125,0.0,837.0,0.003989975550122249
runtime_scalability,CEDULE,10020,500.0,500,499,499,1.4704000000000257,99.8,5.298597194388778,0.0,0.6381944444444444,0.0,919.0,0.002685891089108911
runtime_scalability,CEDULE,10021,500.0,500,497,497,1.3904000000000234,99.4,3.9919517102615694,0.0,0.6034722222222222,0.0,869.0,0.005094272076372315
runtime_scalability,CEDULE,10022,500.0,500,498,498,1.4192000000000242,99.6,3.610441767068273,0.0,0.6159722222222223,0.0,887.0,0.004258472553699284
runtime_scalability,CEDULE,10023,500.0,500,498,498,1.4336000000000246,99.6,3.321285140562249,0.0,0.6222222222222222,0.0,896.0,0.00601035294117647
runtime_scalability,CEDULE,10024,500.0,500,500,500,1.4192000000000242,100.0,3.872,0.0,0.6159722222222223,0.0,887.0,0.004787409200968523
runtime_scalability,CEDULE,10025,500.0,500,500,500,1.3856000000000233,100.0,3.656,0.0,0.6013888888888889,0.0,866.0,0.002670990566037736
runtime_scalability,CEDULE,10026,500.0,500,500,500,1.4208000000000243,100.0,3.482,0.0,0.6166666666666667,0.0,888.0,0.004287167070217917
runtime_scalability,CEDULE,10027,500.0,500,500,500,1.446400000000025,100.0,4.05,0.0,0.6277777777777778,0.0,904.0,0.002931604938271605
runtime_scalability,CEDULE,10028,500.0,500,498,498,1.3488000000000222,99.6,3.0261044176706826,0.0,0.5854166666666667,0.0,843.0,0.004259610705596107
runtime_scalability,CEDULE,10029,500.0,500,495,495,1.444800000000025,99.0,3.094949494949495,0.0,0.6270833333333333,0.0,903.0,0.003975700934579439
runtime_scalability,CEMA,10000,500.0,500,397,56,1.9785133333333438,11.2,149.20403022670024,88.03016620701437,9.78125,14073.0,0.0,0.005928753180661578
runtime_scalability,CEMA,10001,500.0,500,418,67,2.328473333333197,13.4,170.74641148325358,81.97329541667592,11.597222222222221,16672.0,0.0,0.002955690072639225
runtime_scalability,CEMA,10002,500.0,500,445,38,2.3777866666665246,7.6,169.50112359550562,71.63580517770953,11.754166666666666,16911.0,0.0,0.005015441176470588
runtime_scalability,CEMA,10003,500.0,500,440,92,2.3974599999998847,18.4,155.10681818181817,75.2797607352588,11.122916666666667,15999.0,0.0,0.006396049382716049
runtime_scalability,CEMA,10004,500.0,500,399,78,2.286479999999829,15.6,189.31829573934837,85.37521344477399,11.426388888888889,16426.0,1.0,0.005373945409429281
runtime_scalability,CEMA,10005,500.0,500,453,80,2.5256399999998633,16.0,174.598233995585,76.05295436281352,11.940277777777778,17167.0,0.0,0.004418004866180049
runtime_scalability,CEMA,10006,500.0,500,441,62,2.32478666666658,12.4,160.4920634920635,73.0233592880979,11.075694444444444,15934.0,1.0,0.006411190476190476
runtime_scalability,CEMA,10007,500.0,500,422,73,2.3322866666665307,14.6,178.43601895734596,80.20996559760293,11.53125,16577.0,0.0,0.004960526315789474
runtime_scalability,CEMA,10008,500.0,500,425,99,2.331593333333157,19.8,182.92705882352942,80.20645104002486,11.490972222222222,16516.0,0.0,0.0031566350710900476
runtime_scalability,CEMA,10009,500.0,500,433,89,2.4062133333331195,17.8,178.96997690531177,77.08199006709071,11.529166666666667,16562.0,0.0,0.002583046683046683
runtime_scalability,CEMA,10010,500.0,500,441,55,2.564639999999801,11.0,186.87301587301587,74.59778783308195,12.288194444444445,17677.0,0.0,0.003648418491484185
runtime_scalability,CEMA,10011,500.0,500,420,36,2.146386666666691,7.2,144.88571428571427,81.09065485900723,10.31875,14858.0,0.0,0.0038107317073170733
runtime_scalability,CEMA,10012,500.0,500,464,68,2.680946666666474,13.6,174.17025862068965,76.92734015241045,12.494444444444444,17970.0,0.0,0.003677149877149877
runtime_scalability,CEMA,10013,500.0,500,435,56,2.3679066666665416,11.2,169.12183908045978,75.094356222232,11.069444444444445,15928.0,0.0,0.0028543209876543208
runtime_scalability,CEMA,10014,500.0,500,431,62,2.2711866666666,12.4,163.02088167053364,74.46764374295378,10.914583333333333,15701.0,0.0,0.005966190476190476
runtime_scalability,CEMA,10015,500.0,500,442,73,2.430913333333137,14.6,184.42533936651583,73.74926936981794,11.825,16995.0,0.0,0.005744927536231884
runtime_scalability,CEMA,10016,500.0,500,436,55,2.389313333333213,11.0,172.52522935779817,76.98422768140355,11.421527777777778,16437.0,0.0,0.005016744186046512
runtime_scalability,CEMA,10017,500.0,500,437,78,2.385499999999906,15.6,172.46453089244852,73.44807199632136,11.488194444444444,16527.0,0.0,0.004654137115839244
runtime_scalability,CEMA,10018,500.0,500,418,62,2.2420666666665574,12.4,162.0622009569378,72.4496751033762,11.227083333333333,16156.0,0.0,0.003977565632458234
runtime_scalability,CEMA,10019,500.0,500,456,79,2.394599999999813,15.8,167.54605263157896,75.261939092061,11.526388888888889,16568.0,0.0,0.004609046454767726
runtime_scalability,CEMA,10020,500.0,500,417,79,2.2147666666666286,15.8,154.6019184652278,79.59587175907916,10.463194444444444,15052.0,0.0,0.004754455445544555
runtime_scalability,CEMA,10021,500.0,500,430,75,2.1533533333332913,15.0,149.30697674418604,75.49505065797135,10.438888888888888,14999.0,3.0,0.0049071599045346056
runtime_scalability,CEMA,10022,500.0,500,435,67,2.41730666666648,13.4,180.0758620689655,77.14571205143801,11.974305555555556,17215.0,0.0,0.007346778042959428
runtime_scalability,CEMA,10023,500.0,500,435,62,2.352726666666527,12.4,166.8,76.73176017869386,11.115277777777777,15983.0,4.0,0.006105882352941177
runtime_scalability,CEMA,10024,500.0,500,445,93,2.419299999999914,18.6,159.27865168539327,75.41501118131093,11.422916666666667,16432.0,0.0,0.0055433414043583535
runtime_scalability,CEMA,10025,500.0,500,449,95,2.3867133333332156,19.0,166.2739420935412,75.21266116498478,11.352083333333333,16321.0,0.0,0.006460849056603773
runtime_scalability,CEMA,10026,500.0,500,449,98,2.462719999999853,19.6,170.58129175946547,75.6795532646048,11.677083333333334,16796.0,0.0,0.005860532687651332
runtime_scalability,CEMA,10027,500.0,500,451,58,2.5421933333331346,11.6,185.84922394678492,74.45921182888557,12.147916666666667,17475.0,0.0,0.00430074074074074
runtime_scalability,CEMA,10028,500.0,500,433,73,2.2909466666664717,14.6,188.0646651270208,70.99825025797479,11.542361111111111,16592.0,0.0,0.005481265206812652
runtime_scalability,CEMA,10029,500.0,500,421,68,2.256106666666564,13.6,168.0166270783848,76.18344802607751,11.116666666666667,15991.0,0.0,0.006444859813084112
runtime_scalability,EDF,10000,500.0,500,480,462,1.5548600000000539,92.4,5.060416666666667,60.72169102831812,1.6590277777777778,1658.0,476.0,0.012291857506361324
runtime_scalability,EDF,10001,500.0,500,496,480,1.6828733333333803,96.0,4.743951612903226,76.32884319537727,1.5951388888888889,1476.0,591.0,0.007665617433414044
runtime_scalability,EDF,10002,500.0,500,500,483,1.59308000000006,96.6,4.688,59.19363122752952,1.5923611111111111,1530.0,502.0,0.009208088235294117
runtime_scalability,EDF,10003,500.0,500,498,480,1.6457800000000489,96.0,4.821285140562249,49.78213265041013,1.6395833333333334,1556.0,552.0,0.011486913580246913
runtime_scalability,EDF,10004,500.0,500,480,464,1.6194666666667215,92.8,4.985416666666667,52.55070086489711,1.6270833333333334,1560.0,542.0,0.006607940446650124
runtime_scalability,EDF,10005,500.0,500,500,491,1.6753600000000564,98.2,4.85,53.19285083848191,1.6388888888888888,1559.0,557.0,0.012418248175182483
runtime_scalability,EDF,10006,500.0,500,498,488,1.6210800000000438,97.6,4.443775100401607,58.275189436566876,1.5263888888888888,1409.0,552.0,0.007218571428571428
runtime_scalability,EDF,10007,500.0,500,496,479,1.665140000000048,95.8,4.828629032258065,58.60593204569982,1.6305555555555555,1536.0,568.0,0.01335334928229665
runtime_scalability,EDF,10008,500.0,500,499,488,1.6334866666667245,97.6,4.6312625250501,52.64074418604651,1.5694444444444444,1465.0,548.0,0.006972037914691943
runtime_scalability,EDF,10009,500.0,500,495,478,1.6318133333333804,95.6,4.808080808080808,59.0885684860968,1.6055555555555556,1536.0,530.0,0.008852825552825553
runtime_scalability,EDF,10010,500.0,500,496,491,1.693980000000059,98.2,4.689516129032258,50.060163141770936,1.5638888888888889,1442.0,574.0,0.010100486618004867
runtime_scalability,EDF,10011,500.0,500,490,476,1.6229466666667187,95.2,4.697959183673469,54.927054199108014,1.5638888888888889,1449.0,564.0,0.004344390243902439
runtime_scalability,EDF,10012,500.0,500,500,488,1.6928933333333966,97.6,4.766,53.381437257343784,1.6131944444444444,1516.0,562.0,0.008305896805896806
runtime_scalability,EDF,10013,500.0,500,498,484,1.6360866666667226,96.8,4.586345381526105,59.023761282004045,1.551388888888889,1460.0,535.0,0.012144444444444444
runtime_scalability,EDF,10014,500.0,500,499,486,1.618193333333385,97.2,4.8537074148296595,59.10210685002021,1.6298611111111112,1578.0,521.0,0.007515
runtime_scalability,EDF,10015,500.0,500,500,484,1.6217266666667236,96.8,4.852,53.0806945110038,1.648611111111111,1593.0,527.0,0.010285024154589373
runtime_scalability,EDF,10016,500.0,500,499,487,1.662206666666722,97.4,4.765531062124248,54.59983057714264,1.6125,1532.0,551.0,0.008100697674418605
runtime_scalability,EDF,10017,500.0,500,499,486,1.6628200000000533,97.2,4.623246492985972,49.80448896308663,1.5729166666666667,1463.0,562.0,0.011758156028368794
runtime_scalability,EDF,10018,500.0,500,493,479,1.5961200000000537,95.8,4.9208924949290065,53.01661129568107,1.6506944444444445,1600.0,513.0,0.009345107398568019
runtime_scalability,EDF,10019,500.0,500,500,483,1.5530533333333845,96.6,4.688,52.63193152214365,1.5729166666666667,1519.0,498.0,0.00937677261613692
runtime_scalability,EDF,10020,500.0,500,497,487,1.6784066666667212,97.4,4.509054325955734,57.77305341482859,1.5291666666666666,1364.0,605.0,0.012553960396039603
runtime_scalability,EDF,10021,500.0,500,496,479,1.5951200000000476,95.8,4.824596774193548,58.895048041389494,1.6083333333333334,1552.0,514.0,0.011012410501193318
runtime_scalability,EDF,10022,500.0,500,496,485,1.6487800000000539,97.0,4.707661290322581,59.2160745059216,1.5770833333333334,1487.0,536.0,0.009263961813842482
runtime_scalability,EDF,10023,500.0,500,498,482,1.6296133333333898,96.4,4.724899598393574,52.82155830676848,1.5888888888888888,1507.0,540.0,0.011025411764705883
runtime_scalability,EDF,10024,500.0,500,500,488,1.6479000000000583,97.6,4.704,59.09007319136415,1.5777777777777777,1480.0,540.0,0.010575302663438257
runtime_scalability,EDF,10025,500.0,500,500,487,1.6014400000000597,97.4,4.788,59.310067310506284,1.6034722222222222,1554.0,503.0,0.005914622641509434
runtime_scalability,EDF,10026,500.0,500,500,485,1.6458200000000551,97.0,4.7,52.3035413153457,1.5902777777777777,1477.0,566.0,0.0071365617433414045
runtime_scalability,EDF,10027,500.0,500,500,490,1.6657933333333896,98.0,4.668,70.83907580056749,1.5604166666666666,1449.0,554.0,0.006618024691358025
runtime_scalability,EDF,10028,500.0,500,497,483,1.5538533333333853,96.6,4.72635814889336,52.419439252336446,1.5833333333333333,1537.0,505.0,0.010893673965936738
runtime_scalability,EDF,10029,500.0,500,492,472,1.6280800000000473,94.4,4.841463414634147,54.12163168080988,1.6381944444444445,1567.0,545.0,0.0056140186915887855
runtime_scalability,HPA,10000,500.0,500,411,177,2.085026666666672,35.4,120.39416058394161,84.57608644140088,10.408333333333333,14874.0,0.0,0.006987022900763358
runtime_scalability,HPA,10001,500.0,500,421,116,2.369813333333184,23.2,157.65320665083135,75.04697800505205,11.911805555555556,17058.0,0.0,0.003354237288135593
runtime_scalability,HPA,10002,500.0,500,446,132,2.412626666666507,26.4,149.07174887892376,72.0636649623229,12.006944444444445,17168.0,0.0,0.006710539215686274
runtime_scalability,HPA,10003,500.0,500,442,222,2.438886666666542,44.4,143.88009049773757,79.00226855352705,11.529861111111112,16453.0,0.0,0.007107160493827161
runtime_scalability,HPA,10004,500.0,500,406,107,2.3531266666664887,21.4,175.98029556650246,85.62360580427149,11.843055555555555,16969.0,1.0,0.004684615384615384
runtime_scalability,HPA,10005,500.0,500,452,186,2.559786666666523,37.2,153.7566371681416,79.61661073825502,12.292361111111111,17565.0,0.0,0.0066591240875912405
runtime_scalability,HPA,10006,500.0,500,439,166,2.3564199999999027,33.2,144.4100227790433,78.55279708705726,11.45625,16374.0,1.0,0.006405714285714285
runtime_scalability,HPA,10007,500.0,500,423,138,2.388706666666522,27.6,164.05200945626478,85.75854373605218,11.89236111111111,17029.0,0.0,0.003308133971291866
runtime_scalability,HPA,10008,500.0,500,430,137,2.3863666666664893,27.4,171.44883720930233,82.2369141180849,11.9125,17044.0,0.0,0.005739573459715639
runtime_scalability,HPA,10009,500.0,500,436,164,2.452319999999778,32.8,164.24311926605503,79.07235142118861,11.899305555555555,17030.0,0.0,0.004887223587223587
runtime_scalability,HPA,10010,500.0,500,440,163,2.5931533333331256,32.6,175.90454545454546,78.11047539789868,12.50763888888889,17894.0,0.0,0.003912165450121655
runtime_scalability,HPA,10011,500.0,500,422,189,2.2174533333333373,37.8,113.12559241706161,77.77544020123484,10.774305555555555,15390.0,0.0,0.007163170731707317
runtime_scalability,HPA,10012,500.0,500,464,197,2.707119999999802,39.4,166.81034482758622,80.318347509113,12.716666666666667,18171.0,0.0,0.0031203931203931203
runtime_scalability,HPA,10013,500.0,500,436,193,2.419993333333203,38.6,149.9151376146789,78.90290229448411,11.5125,16449.0,0.0,0.00814320987654321
runtime_scalability,HPA,10014,500.0,500,434,180,2.33826666666659,36.0,142.93087557603687,78.46201577874301,11.393055555555556,16262.0,0.0,0.006824523809523809
runtime_scalability,HPA,10015,500.0,500,441,152,2.464279999999789,30.4,169.26757369614512,77.41165357035511,12.152777777777779,17379.0,0.0,0.004943719806763285
runtime_scalability,HPA,10016,500.0,500,438,163,2.4431333333332055,32.6,155.31278538812785,82.48802175508266,11.904861111111112,17019.0,0.0,0.003296279069767442
runtime_scalability,HPA,10017,500.0,500,435,163,2.422073333333216,32.6,148.7471264367816,77.17298387971623,11.847222222222221,16928.0,0.0,0.007657446808510639
runtime_scalability,HPA,10018,500.0,500,423,147,2.296839999999878,29.4,139.4468085106383,76.4341710343592,11.575,16544.0,0.0,0.005064200477326969
runtime_scalability,HPA,10019,500.0,500,454,171,2.431693333333139,34.2,156.62334801762114,78.9645469893078,11.848611111111111,16933.0,0.0,0.005466748166259168
runtime_scalability,HPA,10020,500.0,500,427,202,2.311833333333293,40.4,129.3208430913349,81.89607086280373,11.03888888888889,15752.0,0.0,0.004508910891089109
runtime_scalability,HPA,10021,500.0,500,431,141,2.1965999999999406,28.2,123.07888631090488,77.6239812128747,10.979166666666666,15724.0,3.0,0.00463508353221957
runtime_scalability,HPA,10022,500.0,500,432,106,2.435679999999801,21.2,166.5787037037037,80.7204635876146,12.239583333333334,17539.0,0.0,0.008622434367541766
runtime_scalability,HPA,10023,500.0,500,436,175,2.40810666666652,35.0,150.03669724770643,80.55565247732031,11.631944444444445,16617.0,4.0,0.007189176470588235
runtime_scalability,HPA,10024,500.0,500,444,192,2.461159999999903,38.4,140.69819819819818,79.11821580507927,11.799305555555556,16843.0,0.0,0.0038881355932203388
runtime_scalability,HPA,10025,500.0,500,450,168,2.42813999999987,33.6,150.1822222222222,77.20759948874593,11.780555555555555,16847.0,0.0,0.004764150943396227
runtime_scalability,HPA,10026,500.0,500,448,182,2.5155866666665134,36.4,155.78794642857142,79.39622641509433,12.102777777777778,17289.0,0.0,0.005802663438256659
runtime_scalability,HPA,10027,500.0,500,450,176,2.577986666666462,35.2,167.5,79.70599290039674,12.44375,17790.0,0.0,0.004601728395061728
runtime_scalability,HPA,10028,500.0,500,433,111,2.323793333333132,22.2,180.54503464203233,73.02755966812732,11.843055555555555,16962.0,0.0,0.004587104622871046
runtime_scalability,HPA,10029,500.0,500,427,142,2.3222333333332195,28.4,148.480093676815,78.3733505418456,11.565972222222221,16544.0,0.0,0.004031775700934579
runtime_scalability,AMRP,10000,1000.0,1000,838,260,3.893620000000067,26.0,107.50477326968974,73.13137076673677,14.54375,20805.0,3.0,0.011397189349112427
runtime_scalability,AMRP,10001,1000.0,1000,909,407,4.502333333332878,40.7,109.57095709570957,68.49892730711012,16.433333333333334,23547.0,0.0,0.04895697841726619
runtime_scalability,AMRP,10002,1000.0,1000,936,268,4.537693333332955,26.8,120.5,68.74943597633035,16.427777777777777,23529.0,0.0,0.011884682080924856
runtime_scalability,AMRP,10003,1000.0,1000,938,350,4.529026666666387,35.0,110.0682302771855,76.22525691716177,15.810416666666667,22567.0,0.0,0.007983676470588235
runtime_scalability,AMRP,10004,1000.0,1000,883,584,4.373319999999627,58.4,99.52661381653454,90.05334383676885,16.06111111111111,22903.0,3.0,0.011098265895953757
runtime_scalability,AMRP,10005,1000.0,1000,941,383,4.637519999999549,38.3,109.97768331562168,77.64874294604473,16.602777777777778,23736.0,4.0,0.009452269399707175
runtime_scalability,AMRP,10006,1000.0,1000,932,244,4.539639999999669,24.4,111.1824034334764,77.15910855174944,16.068055555555556,23028.0,1.0,0.012338383838383838
runtime_scalability,AMRP,10007,1000.0,1000,913,304,4.4506799999996085,30.4,112.32858707557503,77.72138085347346,16.138194444444444,23096.0,0.0,0.00905974212034384
runtime_scalability,AMRP,10008,1000.0,1000,930,483,4.468013333332977,48.3,109.12258064516129,78.64586580470659,16.205555555555556,23115.0,0.0,0.009821745152354571
runtime_scalability,AMRP,10009,1000.0,1000,930,425,4.441319999999662,42.5,112.71612903225807,79.15900746041768,15.925,22765.0,0.0,0.01347471264367816
runtime_scalability,AMRP,10010,1000.0,1000,930,483,4.6477599999995745,48.3,99.31827956989247,74.94586731530501,16.742361111111112,23970.0,0.0,0.011912962962962962
runtime_scalability,AMRP,10011,1000.0,1000,865,357,4.017080000000079,35.7,100.52601156069365,77.64220356353374,14.690972222222221,20943.0,2.0,0.013032932330827068
runtime_scalability,AMRP,10012,1000.0,1000,935,266,4.7160533333329635,26.6,124.97219251336898,84.51465481051788,16.616666666666667,23773.0,0.0,0.015011942446043165
runtime_scalability,AMRP,10013,1000.0,1000,928,371,4.377313333333123,37.1,108.96443965517241,77.70181761455011,15.625694444444445,22319.0,1.0,0.013457018813314037
runtime_scalability,AMRP,10014,1000.0,1000,913,191,4.246059999999869,19.1,121.84446878422781,68.68534932613744,15.420833333333333,22084.0,0.0,0.010853362573099415
runtime_scalability,AMRP,10015,1000.0,1000,933,562,4.519319999999621,56.2,98.78778135048232,67.50576829448995,16.461111111111112,23449.0,0.0,0.008560140845070422
runtime_scalability,AMRP,10016,1000.0,1000,936,355,4.6278266666661825,35.5,108.0576923076923,71.79254541885673,16.552777777777777,23734.0,0.0,0.010248347107438016
runtime_scalability,AMRP,10017,1000.0,1000,932,244,4.6520066666662006,24.4,120.46244635193133,69.4428747586827,16.51388888888889,23640.0,0.0,0.008807868383404863
runtime_scalability,AMRP,10018,1000.0,1000,895,329,4.436919999999658,32.9,114.76983240223464,72.74656158829994,15.993055555555555,22844.0,7.0,0.007086609686609686
runtime_scalability,AMRP,10019,1000.0,1000,938,250,4.436293333333075,25.0,115.09808102345416,68.76326726472718,15.938888888888888,22816.0,0.0,0.012206349206349205
runtime_scalability,AMRP,10020,1000.0,1000,886,283,4.154886666666666,28.3,112.83972911963883,77.45075076816046,14.9125,21304.0,0.0,0.009887332339791357
runtime_scalability,AMRP,10021,1000.0,1000,888,474,4.057593333333304,47.4,100.35247747747748,75.70322035814571,14.872916666666667,21162.0,3.0,0.010970289855072464
runtime_scalability,AMRP,10022,1000.0,1000,901,364,4.553119999999511,36.4,115.67036625971143,75.77135747857342,16.459027777777777,23535.0,0.0,0.0088922525107604
runtime_scalability,AMRP,10023,1000.0,1000,923,395,4.343586666666446,39.5,101.64788732394366,67.59568353217728,15.688194444444445,22440.0,5.0,0.00864293948126801
runtime_scalability,AMRP,10024,1000.0,1000,936,324,4.494359999999696,32.4,120.39209401709402,76.44422957262891,15.911805555555556,22707.0,0.0,0.010342857142857143
runtime_scalability,AMRP,10025,1000.0,1000,946,410,4.5143799999997025,41.0,110.776955602537,70.8852528461742,15.934027777777779,22748.0,0.0,0.012454189944134077
runtime_scalability,AMRP,10026,1000.0,1000,938,268,4.654693333332916,26.8,122.41684434968018,72.59507450927235,16.43125,23500.0,0.0,0.009213694721825963
runtime_scalability,AMRP,10027,1000.0,1000,936,297,4.737373333332835,29.7,121.44871794871794,78.53529887306897,16.799305555555556,24029.0,0.0,0.009642089985486211
runtime_scalability,AMRP,10028,1000.0,1000,917,418,4.334239999999691,41.8,109.8495092693566,68.21253124945369,16.06597222222222,22947.0,1.0,0.019471489971346706
runtime_scalability,AMRP,10029,1000.0,1000,912,501,4.420519999999675,50.1,97.5701754385965,77.00576288362006,16.084027777777777,23027.0,0.0,0.012197622377622376
runtime_scalability,BADP,10000,1000.0,1000,973,973,2.9054399999999414,97.3,2.0709146968139773,79.68379446640316,1.2666666666666666,0.0,1812.0,0.007268639053254438
runtime_scalability,BADP,10001,1000.0,1000,991,991,3.075733333333256,99.1,2.170534813319879,79.69271290605795,1.3409722222222222,1.0,1918.0,0.006635539568345323
runtime_scalability,BADP,10002,1000.0,1000,1000,1000,2.9694399999999344,100.0,2.069,70.87395696091347,1.29375,1.0,1852.0,0.004382514450867053
runtime_scalability,BADP,10003,1000.0,1000,999,999,3.0362933333332602,99.9,2.101101101101101,75.27344607950802,1.3229166666666667,0.0,1894.0,0.0045163235294117645
runtime_scalability,BADP,10004,1000.0,1000,970,970,2.9230399999999395,97.0,2.0927835051546393,79.68379446640316,1.2743055555555556,0.0,1823.0,0.00566257225433526
runtime_scalability,BADP,10005,1000.0,1000,1000,1000,3.018693333333262,100.0,2.128,75.27344607950802,1.3152777777777778,0.0,1883.0,0.005535139092240117
runtime_scalability,BADP,10006,1000.0,1000,999,999,3.050346666666592,99.9,2.085085085085085,70.86115992970122,1.3284722222222223,0.0,1903.0,0.006394805194805195
runtime_scalability,BADP,10007,1000.0,1000,994,994,3.052639999999925,99.4,2.106639839034205,79.68379446640316,1.3305555555555555,0.0,1904.0,0.00466432664756447
runtime_scalability,BADP,10008,1000.0,1000,998,998,2.989546666666599,99.8,2.0601202404809618,70.86115992970122,1.3020833333333333,0.0,1865.0,0.005941828254847645
runtime_scalability,BADP,10009,1000.0,1000,996,996,2.995733333333265,99.6,2.0883534136546187,79.69271290605795,1.3069444444444445,2.0,1868.0,0.006204166666666667
runtime_scalability,BADP,10010,1000.0,1000,999,999,3.0723999999999227,99.9,2.1431431431431434,66.44693473961766,1.3375,0.0,1917.0,0.004408404558404558
runtime_scalability,BADP,10011,1000.0,1000,985,985,2.9774399999999335,98.5,2.115736040609137,79.68379446640316,1.2979166666666666,0.0,1857.0,0.004822706766917293
runtime_scalability,BADP,10012,1000.0,1000,1000,1000,3.1120533333332516,100.0,2.151,62.03076923076922,1.3541666666666667,0.0,1942.0,0.006052086330935251
runtime_scalability,BADP,10013,1000.0,1000,999,999,2.9678399999999345,99.9,2.059059059059059,79.68379446640316,1.29375,0.0,1851.0,0.004516353111432707
runtime_scalability,BADP,10014,1000.0,1000,999,999,2.937439999999938,99.9,2.052052052052052,79.68379446640316,1.2805555555555554,0.0,1832.0,0.006251608187134502
runtime_scalability,BADP,10015,1000.0,1000,1000,1000,2.972639999999934,100.0,2.081,79.68379446640316,1.2958333333333334,0.0,1854.0,0.006010000000000001
runtime_scalability,BADP,10016,1000.0,1000,1000,1000,3.0702399999999233,100.0,2.141,79.68379446640316,1.3381944444444445,0.0,1915.0,0.0061830578512396695
runtime_scalability,BADP,10017,1000.0,1000,999,999,3.119839999999918,99.9,2.1321321321321323,79.68379446640316,1.3597222222222223,0.0,1946.0,0.006727181688125894
runtime_scalability,BADP,10018,1000.0,1000,990,990,3.066693333333257,99.0,2.113131313131313,75.27344607950802,1.336111111111111,0.0,1913.0,0.005627350427350427
runtime_scalability,BADP,10019,1000.0,1000,1000,1000,2.9214399999999396,100.0,2.051,79.68379446640316,1.273611111111111,0.0,1822.0,0.014897402597402597
runtime_scalability,BADP,10020,1000.0,1000,994,994,3.0030399999999307,99.4,2.0945674044265594,79.68379446640316,1.3090277777777777,0.0,1873.0,0.006788524590163935
runtime_scalability,BADP,10021,1000.0,1000,996,996,2.908639999999941,99.6,2.0481927710843375,79.68379446640316,1.2680555555555555,0.0,1814.0,0.006612753623188406
runtime_scalability,BADP,10022,1000.0,1000,996,996,3.0919466666665874,99.6,2.1586345381526106,70.86115992970122,1.3465277777777778,0.0,1929.0,0.0035226685796269724
runtime_scalability,BADP,10023,1000.0,1000,992,992,2.9390399999999377,99.2,2.0191532258064515,79.68379446640316,1.28125,0.0,1833.0,0.004980547550432277
runtime_scalability,BADP,10024,1000.0,1000,1000,1000,3.0238399999999284,100.0,2.118,79.68379446640316,1.3180555555555555,0.0,1886.0,0.008114144271570013
runtime_scalability,BADP,10025,1000.0,1000,1000,1000,2.994346666666598,100.0,2.104,70.86115992970122,1.3041666666666667,0.0,1868.0,0.007715502793296089
runtime_scalability,BADP,10026,1000.0,1000,1000,1000,3.0887466666665877,100.0,2.133,70.86115992970122,1.3451388888888889,0.0,1927.0,0.006394008559201141
runtime_scalability,BADP,10027,1000.0,1000,1000,1000,3.126586666666584,100.0,2.182,75.28430296377607,1.3625,1.0,1950.0,0.005651959361393324
runtime_scalability,BADP,10028,1000.0,1000,995,995,2.896746666666609,99.5,2.0040201005025127,70.86115992970122,1.2618055555555556,0.0,1807.0,0.006254727793696275
runtime_scalability,BADP,10029,1000.0,1000,993,993,3.010133333333263,99.3,2.0614300100704934,79.69271290605795,1.3125,1.0,1877.0,0.007737202797202797
runtime_scalability,BADP_PLUS,10000,1000.0,1000,973,973,2.9054399999999414,97.3,2.0709146968139773,79.68379446640316,1.2666666666666666,0.0,1812.0,0.04053431952662722
runtime_scalability,BADP_PLUS,10001,1000.0,1000,991,991,3.0766399999999225,99.1,2.169525731584258,79.68379446640316,1.3409722222222222,0.0,1919.0,0.043220575539568346
runtime_scalability,BADP_PLUS,10002,1000.0,1000,1000,1000,2.9703466666666007,100.0,2.068,70.86115992970122,1.29375,0.0,1853.0,0.029180346820809246
runtime_scalability,BADP_PLUS,10003,1000.0,1000,999,999,3.0362933333332602,99.9,2.101101101101101,75.27344607950802,1.3229166666666667,0.0,1894.0,0.029603382352941174
runtime_scalability,BADP_PLUS,10004,1000.0,1000,970,970,2.9230399999999395,97.0,2.0927835051546393,79.68379446640316,1.2743055555555556,0.0,1823.0,0.03534826589595375
runtime_scalability,BADP_PLUS,10005,1000.0,1000,1000,1000,3.018693333333262,100.0,2.128,75.27344607950802,1.3152777777777778,0.0,1883.0,0.051499121522694
runtime_scalability,BADP_PLUS,10006,1000.0,1000,999,999,3.050346666666592,99.9,2.085085085085085,70.86115992970122,1.3284722222222223,0.0,1903.0,0.03811616161616162
runtime_scalability,BADP_PLUS,10007,1000.0,1000,994,994,3.052639999999925,99.4,2.106639839034205,79.68379446640316,1.3305555555555555,0.0,1904.0,0.03823839541547278
runtime_scalability,BADP_PLUS,10008,1000.0,1000,998,998,2.989546666666599,99.8,2.0601202404809618,70.86115992970122,1.3020833333333333,0.0,1865.0,0.03503836565096953
runtime_scalability,BADP_PLUS,10009,1000.0,1000,996,996,2.9966399999999314,99.6,2.0863453815261046,79.68379446640316,1.30625,0.0,1869.0,0.046210488505747126
runtime_scalability,BADP_PLUS,10010,1000.0,1000,999,999,3.0723999999999227,99.9,2.1431431431431434,66.44693473961766,1.3375,0.0,1917.0,0.03155242165242165
runtime_scalability,BADP_PLUS,10011,1000.0,1000,985,985,2.9774399999999335,98.5,2.115736040609137,79.68379446640316,1.2979166666666666,0.0,1857.0,0.02744526315789474
runtime_scalability,BADP_PLUS,10012,1000.0,1000,1000,1000,3.1120533333332516,100.0,2.151,62.03076923076922,1.3541666666666667,0.0,1942.0,0.04659165467625899
runtime_scalability,BADP_PLUS,10013,1000.0,1000,999,999,2.9678399999999345,99.9,2.059059059059059,79.68379446640316,1.29375,0.0,1851.0,0.04289392185238784
runtime_scalability,BADP_PLUS,10014,1000.0,1000,999,999,2.937439999999938,99.9,2.052052052052052,79.68379446640316,1.2805555555555554,0.0,1832.0,0.052052923976608184
runtime_scalability,BADP_PLUS,10015,1000.0,1000,1000,1000,2.972639999999934,100.0,2.081,79.68379446640316,1.2958333333333334,0.0,1854.0,0.035426478873239436
runtime_scalability,BADP_PLUS,10016,1000.0,1000,1000,1000,3.0702399999999233,100.0,2.141,79.68379446640316,1.3381944444444445,0.0,1915.0,0.02362933884297521
runtime_scalability,BADP_PLUS,10017,1000.0,1000,999,999,3.119839999999918,99.9,2.1321321321321323,79.68379446640316,1.3597222222222223,0.0,1946.0,0.040400858369098715
runtime_scalability,BADP_PLUS,10018,1000.0,1000,990,990,3.066693333333257,99.0,2.113131313131313,75.27344607950802,1.336111111111111,0.0,1913.0,0.030283618233618234
runtime_scalability,BADP_PLUS,10019,1000.0,1000,1000,1000,2.9214399999999396,100.0,2.051,79.68379446640316,1.273611111111111,0.0,1822.0,0.048299134199134196
runtime_scalability,BADP_PLUS,10020,1000.0,1000,994,994,3.0030399999999307,99.4,2.0945674044265594,79.68379446640316,1.3090277777777777,0.0,1873.0,0.03709508196721311
runtime_scalability,BADP_PLUS,10021,1000.0,1000,996,996,2.908639999999941,99.6,2.0481927710843375,79.68379446640316,1.2680555555555555,0.0,1814.0,0.023324347826086958
runtime_scalability,BADP_PLUS,10022,1000.0,1000,996,996,3.0919466666665874,99.6,2.1586345381526106,70.86115992970122,1.3465277777777778,0.0,1929.0,0.048776470588235296
runtime_scalability,BADP_PLUS,10023,1000.0,1000,992,992,2.9390399999999377,99.2,2.0191532258064515,79.68379446640316,1.28125,0.0,1833.0,0.033677521613832855
runtime_scalability,BADP_PLUS,10024,1000.0,1000,1000,1000,3.0238399999999284,100.0,2.118,79.68379446640316,1.3180555555555555,0.0,1886.0,0.03557072135785007
runtime_scalability,BADP_PLUS,10025,1000.0,1000,1000,1000,2.994346666666598,100.0,2.104,70.86115992970122,1.3041666666666667,0.0,1868.0,0.02937276536312849
runtime_scalability,BADP_PLUS,10026,1000.0,1000,1000,1000,3.0887466666665877,100.0,2.133,70.86115992970122,1.3451388888888889,0.0,1927.0,0.029785592011412267
runtime_scalability,BADP_PLUS,10027,1000.0,1000,1000,1000,3.12749333333325,100.0,2.181,75.27344607950802,1.3625,0.0,1951.0,0.09419419448476052
runtime_scalability,BADP_PLUS,10028,1000.0,1000,995,995,2.896746666666609,99.5,2.0040201005025127,70.86115992970122,1.2618055555555556,0.0,1807.0,0.03555744985673352
runtime_scalability,BADP_PLUS,10029,1000.0,1000,993,993,3.0110399999999298,99.3,2.0604229607250755,79.68379446640316,1.3125,0.0,1878.0,0.031204475524475524
runtime_scalability,CDASCALER,10000,1000.0,1000,846,290,3.8721666666667307,29.0,105.2872340425532,99.85657141946486,14.390277777777778,20555.0,4.0,0.00853121301775148
runtime_scalability,CDASCALER,10001,1000.0,1000,883,442,4.387413333333019,44.2,112.95469988674972,46.3184853973285,16.13125,23057.0,0.0,0.015597841726618706
runtime_scalability,CDASCALER,10002,1000.0,1000,934,258,4.541506666666286,25.8,119.96573875802999,68.76420131178241,16.435416666666665,23535.0,0.0,0.008982514450867052
runtime_scalability,CDASCALER,10003,1000.0,1000,939,348,4.538733333333021,34.8,112.33652822151225,99.87236577133619,15.790972222222223,22533.0,0.0,0.005903676470588235
runtime_scalability,CDASCALER,10004,1000.0,1000,883,430,4.35710666666631,43.0,102.65005662514156,99.86827854696601,16.023611111111112,22930.0,5.0,0.0077994219653179184
runtime_scalability,CDASCALER,10005,1000.0,1000,939,344,4.604413333332899,34.4,113.85303514376997,82.3134628719953,16.413888888888888,23457.0,4.0,0.00854245973645681
runtime_scalability,CDASCALER,10006,1000.0,1000,925,310,4.477239999999683,31.0,115.5654054054054,92.97222938698306,15.74236111111111,22519.0,1.0,0.008146753246753246
runtime_scalability,CDASCALER,10007,1000.0,1000,914,303,4.455879999999603,30.3,111.72757111597375,97.56347221024181,16.152083333333334,23126.0,0.0,0.005358882521489972
runtime_scalability,CDASCALER,10008,1000.0,1000,928,472,4.454493333332985,47.2,108.28125,92.94757125190533,16.178472222222222,23134.0,0.0,0.009688504155124653
runtime_scalability,CDASCALER,10009,1000.0,1000,931,403,4.448253333332988,40.3,112.74973147153598,99.8704476752555,15.93125,22781.0,0.0,0.009650574712643679
runtime_scalability,CDASCALER,10010,1000.0,1000,931,251,4.640133333332915,25.1,112.70569280343716,90.91959154065063,16.685416666666665,23927.0,0.0,0.012355698005698006
runtime_scalability,CDASCALER,10011,1000.0,1000,878,422,3.9984000000000797,42.2,95.61047835990888,99.85986547085201,14.468055555555555,20590.0,3.0,0.006398496240601503
runtime_scalability,CDASCALER,10012,1000.0,1000,934,251,4.7094666666663025,25.1,124.83832976445396,97.66182881739418,16.61111111111111,23770.0,0.0,0.011676978417266188
runtime_scalability,CDASCALER,10013,1000.0,1000,928,374,4.383899999999782,37.4,108.86422413793103,97.53336535242836,15.636111111111111,22329.0,1.0,0.008270188133140375
runtime_scalability,CDASCALER,10014,1000.0,1000,912,195,4.2479666666665326,19.5,121.83991228070175,95.08688336633958,15.42013888888889,22080.0,0.0,0.005542836257309941
runtime_scalability,CDASCALER,10015,1000.0,1000,937,325,4.5155066666662504,32.5,113.87833511205976,90.73370725735273,16.386111111111113,23440.0,0.0,0.008101267605633802
runtime_scalability,CDASCALER,10016,1000.0,1000,924,349,4.575133333332896,34.9,112.51839826839827,95.34835198917303,16.382638888888888,23474.0,0.0,0.005761157024793388
runtime_scalability,CDASCALER,10017,1000.0,1000,923,292,4.577646666666262,29.2,124.7486457204767,93.08879275115203,16.185416666666665,23122.0,0.0,0.00877238912732475
runtime_scalability,CDASCALER,10018,1000.0,1000,893,329,4.43379999999966,32.9,113.21612541993281,97.54994651169514,15.990277777777777,22838.0,7.0,0.004878205128205128
runtime_scalability,CDASCALER,10019,1000.0,1000,938,276,4.442186666666406,27.6,114.27292110874201,99.87031700288185,15.945833333333333,22817.0,0.0,0.00935988455988456
runtime_scalability,CDASCALER,10020,1000.0,1000,883,296,4.127846666666684,29.6,109.11438278595696,99.86316573670047,14.845833333333333,21201.0,0.0,0.006889716840536513
runtime_scalability,CDASCALER,10021,1000.0,1000,892,480,4.045459999999979,48.0,98.37780269058295,99.86104034461995,14.792361111111111,21029.0,3.0,0.00863623188405797
runtime_scalability,CDASCALER,10022,1000.0,1000,900,366,4.562479999999508,36.6,114.64222222222222,93.07170706899475,16.466666666666665,23530.0,0.0,0.009523816355810616
runtime_scalability,CDASCALER,10023,1000.0,1000,922,309,4.3321466666664366,30.9,106.59327548806941,95.15035715335547,15.651388888888889,22439.0,5.0,0.008729971181556197
runtime_scalability,CDASCALER,10024,1000.0,1000,936,320,4.504586666666354,32.0,120.99358974358974,97.58300057045065,15.91875,22720.0,0.0,0.006651768033946252
runtime_scalability,CDASCALER,10025,1000.0,1000,945,410,4.499473333333051,41.0,111.04444444444445,97.58096515893293,15.909027777777778,22706.0,0.0,0.009505167597765363
runtime_scalability,CDASCALER,10026,1000.0,1000,939,261,4.656426666666248,26.1,123.43237486687966,95.4090605520926,16.43402777777778,23508.0,0.0,0.009990442225392297
runtime_scalability,CDASCALER,10027,1000.0,1000,937,298,4.740666666666166,29.8,119.3948772678762,97.67338421832959,16.81388888888889,24051.0,0.0,0.012889114658925978
runtime_scalability,CDASCALER,10028,1000.0,1000,917,419,4.3318133333330255,41.9,109.56161395856053,90.44282609972397,16.059722222222224,22944.0,1.0,0.0095
runtime_scalability,CDASCALER,10029,1000.0,1000,890,261,4.306293333333097,26.1,114.34831460674157,95.13562920155678,15.809722222222222,22656.0,0.0,0.008156503496503497
runtime_scalability,CEDULE,10000,1000.0,1000,972,972,2.5910933333333093,97.2,9.823045267489713,8.88497135301895,1.125,1.0,1619.0,0.006051035502958579
runtime_scalability,CEDULE,10001,1000.0,1000,991,991,2.751999999999958,99.1,10.744702320887992,0.0,1.1944444444444444,0.0,1720.0,0.004088776978417266
runtime_scalability,CEDULE,10002,1000.0,1000,1000,1000,2.625599999999972,100.0,9.31,0.0,1.1395833333333334,0.0,1641.0,0.00327485549132948
runtime_scalability,CEDULE,10003,1000.0,1000,999,999,2.7215999999999614,99.9,10.696696696696696,0.0,1.18125,0.0,1701.0,0.0033570588235294118
runtime_scalability,CEDULE,10004,1000.0,1000,970,970,2.6223999999999723,97.0,9.484536082474227,0.0,1.1381944444444445,0.0,1639.0,0.003307658959537572
runtime_scalability,CEDULE,10005,1000.0,1000,1000,1000,2.723199999999961,100.0,10.938,0.0,1.1819444444444445,0.0,1702.0,0.009013323572474379
runtime_scalability,CEDULE,10006,1000.0,1000,999,999,2.7551999999999577,99.9,10.865865865865866,0.0,1.1958333333333333,0.0,1722.0,0.006558730158730159
runtime_scalability,CEDULE,10007,1000.0,1000,994,994,2.671999999999967,99.4,9.640845070422536,0.0,1.1597222222222223,0.0,1670.0,0.004974785100286533
runtime_scalability,CEDULE,10008,1000.0,1000,998,998,2.6207999999999725,99.8,9.357715430861724,0.0,1.1375,0.0,1638.0,0.0023211911357340718
runtime_scalability,CEDULE,10009,1000.0,1000,996,996,2.6399999999999704,99.6,10.884538152610443,0.0,1.1458333333333333,0.0,1650.0,0.005418103448275862
runtime_scalability,CEDULE,10010,1000.0,1000,999,999,2.716799999999962,99.9,10.614614614614615,0.0,1.1791666666666667,0.0,1698.0,0.003453276353276353
runtime_scalability,CEDULE,10011,1000.0,1000,985,985,2.656693333333302,98.5,10.701522842639594,8.88497135301895,1.1534722222222222,0.0,1660.0,0.006013684210526315
runtime_scalability,CEDULE,10012,1000.0,1000,1000,1000,2.771199999999956,100.0,11.219,0.0,1.2027777777777777,0.0,1732.0,0.004384604316546762
runtime_scalability,CEDULE,10013,1000.0,1000,999,999,2.6367999999999707,99.9,10.733733733733734,0.0,1.1444444444444444,0.0,1648.0,0.0052002894356005785
runtime_scalability,CEDULE,10014,1000.0,1000,999,999,2.617599999999973,99.9,10.136136136136136,0.0,1.136111111111111,0.0,1636.0,0.005583040935672514
runtime_scalability,CEDULE,10015,1000.0,1000,1000,1000,2.678399999999966,100.0,10.418,0.0,1.1625,0.0,1674.0,0.0055290140845070425
runtime_scalability,CEDULE,10016,1000.0,1000,1000,1000,2.743999999999959,100.0,10.549,0.0,1.1909722222222223,0.0,1715.0,0.005165289256198347
runtime_scalability,CEDULE,10017,1000.0,1000,999,999,2.7583999999999573,99.9,10.78078078078078,0.0,1.1972222222222222,0.0,1724.0,0.0032140200286123032
runtime_scalability,CEDULE,10018,1000.0,1000,990,990,2.73279999999996,99.0,9.752525252525253,0.0,1.1861111111111111,0.0,1708.0,0.0031662393162393164
runtime_scalability,CEDULE,10019,1000.0,1000,1000,1000,2.6111999999999735,100.0,10.221,0.0,1.1333333333333333,0.0,1632.0,0.003278932178932179
runtime_scalability,CEDULE,10020,1000.0,1000,994,994,2.708799999999963,99.4,11.189134808853119,0.0,1.1756944444444444,0.0,1693.0,0.00505812220566319
runtime_scalability,CEDULE,10021,1000.0,1000,996,996,2.590399999999976,99.6,9.823293172690763,0.0,1.1243055555555554,0.0,1619.0,0.0036582608695652176
runtime_scalability,CEDULE,10022,1000.0,1000,996,996,2.787199999999954,99.6,10.46285140562249,0.0,1.2097222222222221,0.0,1742.0,0.0023952654232424677
runtime_scalability,CEDULE,10023,1000.0,1000,992,992,2.579199999999977,99.2,9.733870967741936,0.0,1.1194444444444445,0.0,1612.0,0.003404899135446686
runtime_scalability,CEDULE,10024,1000.0,1000,1000,1000,2.7199999999999616,100.0,10.26,0.0,1.1805555555555556,0.0,1700.0,0.0056659123055162654
runtime_scalability,CEDULE,10025,1000.0,1000,1000,1000,2.6575999999999684,100.0,9.799,0.0,1.1534722222222222,0.0,1661.0,0.007543854748603351
runtime_scalability,CEDULE,10026,1000.0,1000,1000,1000,2.790399999999954,100.0,10.433,0.0,1.211111111111111,0.0,1744.0,0.005845078459343795
runtime_scalability,CEDULE,10027,1000.0,1000,1000,1000,2.7935999999999535,100.0,10.669,0.0,1.2125,0.0,1746.0,0.004621044992743106
runtime_scalability,CEDULE,10028,1000.0,1000,995,995,2.542399999999981,99.5,9.296482412060302,0.0,1.1034722222222222,0.0,1589.0,0.005856017191977078
runtime_scalability,CEDULE,10029,1000.0,1000,993,993,2.670399999999967,99.3,9.584088620342397,0.0,1.1590277777777778,0.0,1669.0,0.005183216783216783
runtime_scalability,CEMA,10000,1000.0,1000,840,196,3.762520000000067,19.6,121.30357142857143,99.8534440644846,13.977777777777778,20068.0,8.0,0.006592455621301775
runtime_scalability,CEMA,10001,1000.0,1000,879,155,4.310713333333074,15.5,130.99544937428897,97.50335135453648,15.758333333333333,22636.0,0.0,0.008344028776978417
runtime_scalability,CEMA,10002,1000.0,1000,928,134,4.473559999999694,13.4,133.10129310344828,88.36902611737048,16.129166666666666,23165.0,0.0,0.005328612716763006
runtime_scalability,CEMA,10003,1000.0,1000,929,295,4.401193333333122,29.5,120.69106566200216,90.55638574143659,15.185416666666667,21814.0,0.0,0.004872352941176471
runtime_scalability,CEMA,10004,1000.0,1000,865,141,4.252713333333058,14.1,125.99884393063584,99.86587782960524,15.600694444444445,22423.0,6.0,0.00473757225433526
runtime_scalability,CEMA,10005,1000.0,1000,937,213,4.5226866666663,21.3,128.6691568836713,90.73489431357198,16.044444444444444,23042.0,4.0,0.06131156661786237
runtime_scalability,CEMA,10006,1000.0,1000,923,203,4.4015799999997425,20.3,125.80281690140845,90.55446722679321,15.340972222222222,22034.0,1.0,0.004777489177489177
runtime_scalability,CEMA,10007,1000.0,1000,913,161,4.394173333332986,16.1,125.01971522453451,97.53827382854487,15.843055555555555,22764.0,0.0,0.008518338108882521
runtime_scalability,CEMA,10008,1000.0,1000,913,196,4.333679999999753,19.6,123.144578313253,90.44843575746904,15.746527777777779,22644.0,0.0,0.007558864265927977
runtime_scalability,CEMA,10009,1000.0,1000,928,213,4.367046666666345,21.3,123.66810344827586,95.18538514292383,15.530555555555555,22333.0,0.0,0.008101005747126437
runtime_scalability,CEMA,10010,1000.0,1000,924,155,4.56551333333296,15.5,130.96753246753246,88.54326984171809,16.354861111111113,23498.0,0.0,0.008217806267806268
runtime_scalability,CEMA,10011,1000.0,1000,873,255,3.862760000000088,25.5,111.99885452462772,99.85628054038517,13.915972222222223,20010.0,5.0,0.00861593984962406
runtime_scalability,CEMA,10012,1000.0,1000,929,148,4.627913333333047,14.8,137.75457481162542,90.9016954838349,16.284027777777776,23397.0,0.0,0.0068286330935251795
runtime_scalability,CEMA,10013,1000.0,1000,921,246,4.250606666666522,24.6,119.71769815418024,92.69863482752974,15.058333333333334,21643.0,1.0,0.006305788712011578
runtime_scalability,CEMA,10014,1000.0,1000,909,167,4.188513333333238,16.7,129.6017601760176,92.62196681359349,15.047916666666667,21582.0,0.0,0.006479239766081871
runtime_scalability,CEMA,10015,1000.0,1000,935,165,4.444006666666286,16.5,129.47914438502673,88.31189409544662,16.029166666666665,23023.0,0.0,0.0071346478873239435
runtime_scalability,CEMA,10016,1000.0,1000,924,151,4.52096666666627,15.1,125.16450216450217,93.02450610874853,16.022916666666667,23043.0,0.0,0.005172589531680441
runtime_scalability,CEMA,10017,1000.0,1000,920,231,4.507793333332974,23.1,130.73152173913044,90.7219521929387,15.808333333333334,22698.0,0.0,0.0060391988555078685
runtime_scalability,CEMA,10018,1000.0,1000,893,174,4.369879999999713,17.4,124.12765957446808,99.86845566956065,15.60763888888889,22421.0,8.0,0.00845997150997151
runtime_scalability,CEMA,10019,1000.0,1000,932,196,4.34849999999979,19.6,121.06115879828326,90.47234297925907,15.572222222222223,22390.0,0.0,0.00754083694083694
runtime_scalability,CEMA,10020,1000.0,1000,877,245,4.034420000000069,24.5,123.33865450399088,97.38032305433187,14.39236111111111,20664.0,0.0,0.009100894187779434
runtime_scalability,CEMA,10021,1000.0,1000,892,224,3.9555000000000136,22.4,112.11210762331838,94.82245131729667,14.341666666666667,20632.0,3.0,0.009188115942028986
runtime_scalability,CEMA,10022,1000.0,1000,902,181,4.48473999999956,18.1,132.8957871396896,95.27893434061609,16.152083333333334,23203.0,0.0,0.005898565279770444
runtime_scalability,CEMA,10023,1000.0,1000,919,178,4.270786666666489,17.8,116.0500544069641,97.48284568542998,15.222916666666666,21864.0,5.0,0.008225936599423632
runtime_scalability,CEMA,10024,1000.0,1000,932,263,4.389579999999786,26.3,127.00321888412017,92.87078627185906,15.484722222222222,22252.0,0.0,0.007867326732673267
runtime_scalability,CEMA,10025,1000.0,1000,939,214,4.417399999999797,21.4,122.78487752928648,90.58193708944643,15.51875,22313.0,0.0,0.011420111731843575
runtime_scalability,CEMA,10026,1000.0,1000,930,206,4.55450666666635,20.6,129.98924731182797,88.52268869525857,16.059722222222224,23056.0,0.0,0.007511554921540656
runtime_scalability,CEMA,10027,1000.0,1000,928,155,4.648713333332924,15.5,132.40086206896552,90.93211484613349,16.45277777777778,23648.0,0.0,0.007248911465892598
runtime_scalability,CEMA,10028,1000.0,1000,907,170,4.259793333333055,17.0,123.36714443219405,87.9394146587987,15.72638888888889,22599.0,1.0,0.006392406876790831
runtime_scalability,CEMA,10029,1000.0,1000,889,137,4.255159999999809,13.7,127.32508436445444,95.09294785996848,15.42986111111111,22154.0,0.0,0.008644615384615384
runtime_scalability,EDF,10000,1000.0,1000,964,930,3.0991066666667173,93.0,4.7603734439834025,71.36982265951805,3.03125,2861.0,1081.0,0.014284615384615383
runtime_scalability,EDF,10001,1000.0,1000,989,965,3.2577466666667143,96.5,4.61577350859454,88.47035876824872,2.970138888888889,2699.0,1186.0,0.014635539568345323
runtime_scalability,EDF,10002,1000.0,1000,1000,973,3.1703733333334156,97.3,4.45,73.7413122864884,2.9472222222222224,2701.0,1125.0,0.014073121387283238
runtime_scalability,EDF,10003,1000.0,1000,998,971,3.249793333333386,97.1,4.381763527054108,72.684782934356,2.9097222222222223,2578.0,1206.0,0.008131617647058822
runtime_scalability,EDF,10004,1000.0,1000,960,940,3.096593333333396,94.0,4.483333333333333,74.16269684740723,2.8652777777777776,2588.0,1133.0,0.008257225433526012
runtime_scalability,EDF,10005,1000.0,1000,1000,978,3.2384600000000687,97.8,4.541,75.07389753275174,2.9715277777777778,2679.0,1200.0,0.007387554904831626
runtime_scalability,EDF,10006,1000.0,1000,997,979,3.2286733333333966,97.9,4.335005015045136,77.58957071686406,2.8930555555555557,2570.0,1185.0,0.013088744588744587
runtime_scalability,EDF,10007,1000.0,1000,991,961,3.210040000000074,96.1,4.567103935418769,71.6264234185894,3.0,2733.0,1172.0,0.010903724928366762
runtime_scalability,EDF,10008,1000.0,1000,997,972,3.1655066666667375,97.2,4.4964894684052155,72.85476091228487,2.9611111111111112,2712.0,1142.0,0.011082825484764542
runtime_scalability,EDF,10009,1000.0,1000,994,964,3.162260000000076,96.4,4.523138832997988,72.64380232244126,2.954861111111111,2706.0,1154.0,0.015315229885057471
runtime_scalability,EDF,10010,1000.0,1000,997,977,3.263826666666746,97.7,4.322968906720161,78.92537490368086,2.86875,2528.0,1195.0,0.01377108262108262
runtime_scalability,EDF,10011,1000.0,1000,979,951,3.150760000000049,95.1,4.491317671092952,72.86714137910047,2.9055555555555554,2611.0,1172.0,0.014493533834586465
runtime_scalability,EDF,10012,1000.0,1000,1000,980,3.286706666666754,98.0,4.471,78.06400747532558,2.954861111111111,2660.0,1182.0,0.01183726618705036
runtime_scalability,EDF,10013,1000.0,1000,997,966,3.1485200000000773,96.6,4.313941825476429,71.28748114630467,2.85,2548.0,1155.0,0.014534298118668597
runtime_scalability,EDF,10014,1000.0,1000,999,973,3.118406666666719,97.3,4.51951951951952,75.03198102159094,2.95,2713.0,1128.0,0.008218713450292398
runtime_scalability,EDF,10015,1000.0,1000,1000,972,3.1807666666667362,97.2,4.558,71.24530311547677,2.984722222222222,2747.0,1140.0,0.013141971830985916
runtime_scalability,EDF,10016,1000.0,1000,997,967,3.2724933333333857,96.7,4.667001003009027,68.54116542456428,3.0805555555555557,2835.0,1182.0,0.009481129476584022
runtime_scalability,EDF,10017,1000.0,1000,999,977,3.3050266666667425,97.7,4.4824824824824825,67.66757746642637,2.9819444444444443,2693.0,1185.0,0.006937339055793991
runtime_scalability,EDF,10018,1000.0,1000,984,956,3.2329000000000723,95.6,4.524390243902439,66.51615039585779,2.9715277777777778,2670.0,1204.0,0.010847435897435897
runtime_scalability,EDF,10019,1000.0,1000,1000,979,3.1265133333334068,97.9,4.393,74.69705524024604,2.8756944444444446,2615.0,1114.0,0.0618040404040404
runtime_scalability,EDF,10020,1000.0,1000,991,971,3.1776200000000463,97.1,4.387487386478305,70.06367888939188,2.85625,2543.0,1174.0,0.011489716840536512
runtime_scalability,EDF,10021,1000.0,1000,993,959,3.113006666666722,95.9,4.518630412890231,71.44340103807266,2.9270833333333335,2682.0,1123.0,0.0072275362318840585
runtime_scalability,EDF,10022,1000.0,1000,994,972,3.283553333333384,97.2,4.334004024144869,83.22559025133283,2.8305555555555557,2443.0,1257.0,0.013258536585365853
runtime_scalability,EDF,10023,1000.0,1000,987,961,3.085580000000066,96.1,4.393110435663627,67.77627505785472,2.876388888888889,2619.0,1109.0,0.012855331412103746
runtime_scalability,EDF,10024,1000.0,1000,999,971,3.2366866666667313,97.1,4.597597597597598,72.06691122523844,3.032638888888889,2786.0,1160.0,0.011326308345120226
runtime_scalability,EDF,10025,1000.0,1000,1000,978,3.1806333333334047,97.8,4.551,71.82213801474289,2.9583333333333335,2713.0,1141.0,0.01036550279329609
runtime_scalability,EDF,10026,1000.0,1000,1000,971,3.279593333333396,97.1,4.477,71.50836651001288,2.9604166666666667,2634.0,1223.0,0.004846647646219686
runtime_scalability,EDF,10027,1000.0,1000,999,973,3.3297466666667397,97.3,4.634634634634635,86.29349029663732,3.0145833333333334,2724.0,1205.0,0.007303918722786647
runtime_scalability,EDF,10028,1000.0,1000,993,967,3.0810200000000845,96.7,4.381671701913394,70.72628006492549,2.879166666666667,2661.0,1073.0,0.017046848137535816
runtime_scalability,EDF,10029,1000.0,1000,989,952,3.156600000000061,95.2,4.50252780586451,71.46309288241291,2.942361111111111,2685.0,1149.0,0.014462517482517482
runtime_scalability,HPA,10000,1000.0,1000,845,295,3.870473333333396,29.5,104.71597633136095,99.85648450829999,14.396527777777777,20565.0,5.0,0.009426479289940828
runtime_scalability,HPA,10001,1000.0,1000,887,443,4.38307999999969,44.3,114.63923337091319,81.76523230293122,16.1,23031.0,0.0,0.008731654676258993
runtime_scalability,HPA,10002,1000.0,1000,936,268,4.537693333332955,26.8,120.5,83.15807529771342,16.427777777777777,23529.0,0.0,0.008872543352601157
runtime_scalability,HPA,10003,1000.0,1000,938,355,4.519666666666369,35.5,112.32515991471216,99.87196631291432,15.758333333333333,22491.0,0.0,0.005217941176470588
runtime_scalability,HPA,10004,1000.0,1000,884,413,4.351079999999649,41.3,104.94004524886878,99.86810867844896,16.011111111111113,22922.0,6.0,0.005584971098265896
runtime_scalability,HPA,10005,1000.0,1000,941,347,4.608399999999556,34.7,114.8182784272051,87.44993255696619,16.428472222222222,23485.0,4.0,0.006315080527086384
runtime_scalability,HPA,10006,1000.0,1000,924,293,4.469959999999685,29.3,116.52813852813853,92.96376000688646,15.739583333333334,22522.0,1.0,0.007433910533910534
runtime_scalability,HPA,10007,1000.0,1000,913,304,4.4506799999996085,30.4,112.32858707557503,97.56136867247979,16.138194444444444,23096.0,0.0,0.007986103151862465
runtime_scalability,HPA,10008,1000.0,1000,929,478,4.458999999999648,47.8,109.7395048439182,92.95284076213467,16.1875,23147.0,0.0,0.006039058171745152
runtime_scalability,HPA,10009,1000.0,1000,930,425,4.441319999999662,42.5,112.71612903225807,97.55757313733967,15.925,22765.0,0.0,0.006782183908045977
runtime_scalability,HPA,10010,1000.0,1000,930,261,4.633199999999585,26.1,114.96344086021506,90.90944639964248,16.67222222222222,23900.0,0.0,0.03636125356125356
runtime_scalability,HPA,10011,1000.0,1000,875,415,3.977426666666746,41.5,96.71085714285714,99.85933543809196,14.44375,20564.0,3.0,0.004885864661654135
runtime_scalability,HPA,10012,1000.0,1000,935,266,4.7160533333329635,26.6,124.97219251336898,97.66427783902977,16.616666666666667,23773.0,0.0,0.007245179856115108
runtime_scalability,HPA,10013,1000.0,1000,927,368,4.374193333333123,36.8,109.14347357065803,97.52933801769757,15.619444444444444,22316.0,1.0,0.005975687409551375
runtime_scalability,HPA,10014,1000.0,1000,913,191,4.246059999999869,19.1,121.84446878422781,95.08527339618988,15.420833333333333,22084.0,0.0,0.008777923976608187
runtime_scalability,HPA,10015,1000.0,1000,933,363,4.491239999999615,36.3,112.02250803858522,90.6966240745505,16.336805555555557,23360.0,0.0,0.009455070422535211
runtime_scalability,HPA,10016,1000.0,1000,922,354,4.568893333332899,35.4,113.27548806941432,95.34362563856509,16.37361111111111,23470.0,0.0,0.009294765840220386
runtime_scalability,HPA,10017,1000.0,1000,921,297,4.569499999999601,29.7,125.39739413680782,93.07962578842654,16.168055555555554,23096.0,0.0,0.005124606580829757
runtime_scalability,HPA,10018,1000.0,1000,895,329,4.436919999999658,32.9,114.76983240223464,99.86996098829648,15.993055555555555,22844.0,7.0,0.007407834757834759
runtime_scalability,HPA,10019,1000.0,1000,938,250,4.436293333333075,25.0,115.09808102345416,97.55552991403681,15.938888888888888,22816.0,0.0,0.0092992784992785
runtime_scalability,HPA,10020,1000.0,1000,889,300,4.140673333333347,30.0,111.13948256467941,99.86347294488858,14.8375,21184.0,0.0,0.0065853949329359165
runtime_scalability,HPA,10021,1000.0,1000,891,494,4.041299999999983,49.4,98.39618406285074,99.8609372827145,14.775,21018.0,3.0,0.009350289855072464
runtime_scalability,HPA,10022,1000.0,1000,901,364,4.553119999999511,36.4,115.67036625971143,93.06112054329373,16.459027777777777,23535.0,0.0,0.007522668579626972
runtime_scalability,HPA,10023,1000.0,1000,922,314,4.332493333333098,31.4,106.60195227765726,95.15064225037477,15.657638888888888,22444.0,5.0,0.0055213256484149854
runtime_scalability,HPA,10024,1000.0,1000,936,324,4.494359999999696,32.4,120.39209401709402,97.57892631639096,15.911805555555556,22707.0,0.0,0.009031541725601132
runtime_scalability,HPA,10025,1000.0,1000,946,410,4.5143799999997025,41.0,110.776955602537,95.3019235971694,15.934027777777779,22748.0,0.0,0.006960754189944135
runtime_scalability,HPA,10026,1000.0,1000,938,268,4.654693333332916,26.8,122.41684434968018,95.40778266436563,16.43125,23500.0,0.0,0.0055169757489301
runtime_scalability,HPA,10027,1000.0,1000,936,297,4.737373333332835,29.7,121.44871794871794,97.67216987610911,16.799305555555556,24029.0,0.0,0.0093899854862119
runtime_scalability,HPA,10028,1000.0,1000,917,418,4.333546666666359,41.8,109.86586695747,90.44563175199625,16.064583333333335,22947.0,1.0,0.010919914040114612
runtime_scalability,HPA,10029,1000.0,1000,887,266,4.309933333333104,26.6,113.34160090191658,95.13863924330377,15.803472222222222,22635.0,0.0,0.006738601398601399
runtime_scalability,AMRP,10000,2000.0,2000,1781,1042,7.424879999998729,52.1,79.95451993262212,75.78710143057208,20.064583333333335,28347.0,8.0,0.030367632367632368
runtime_scalability,AMRP,10001,2000.0,2000,1855,1153,7.871959999998543,57.65,82.13746630727763,67.70422710679539,20.6625,29125.0,5.0,0.02131661918328585
runtime_scalability,AMRP,10002,2000.0,2000,1926,747,8.46507999999711,37.35,100.30166147455867,71.4317950260867,23.054166666666667,32735.0,0.0,0.03469794721407625
runtime_scalability,AMRP,10003,2000.0,2000,1891,1383,7.970559999998689,69.15,70.9709148598625,73.11411947956752,20.000694444444445,28110.0,0.0,0.0208881592039801
runtime_scalability,AMRP,10004,2000.0,2000,1795,791,7.791653333330888,39.55,94.54261838440111,79.65606453287906,21.492361111111112,30495.0,8.0,0.026059809523809523
runtime_scalability,AMRP,10005,2000.0,2000,1911,943,8.599053333331238,47.15,91.15698587127159,69.67323259058597,22.869444444444444,32416.0,4.0,0.027091788856304984
runtime_scalability,AMRP,10006,2000.0,2000,1887,1299,7.828293333332021,64.95,72.95389507154214,68.92969332640284,19.925694444444446,27967.0,1.0,0.03423151219512195
runtime_scalability,AMRP,10007,2000.0,2000,1846,725,8.191906666663906,36.25,94.31906825568798,71.4466303045426,22.494444444444444,32006.0,0.0,0.03676111111111111
runtime_scalability,AMRP,10008,2000.0,2000,1858,963,7.779586666664342,48.15,90.39881593110871,70.3606413187655,21.09722222222222,29851.0,1.0,0.02720418648905804
runtime_scalability,AMRP,10009,2000.0,2000,1876,935,8.100386666663768,46.75,84.50852878464819,72.02371261171044,21.813194444444445,30974.0,0.0,0.024413505461767626
runtime_scalability,AMRP,10010,2000.0,2000,1904,1003,8.303706666664011,50.15,90.6875,70.7356074347828,21.9375,31004.0,0.0,0.027070474346563407
runtime_scalability,AMRP,10011,2000.0,2000,1841,1264,7.43597333333276,63.2,66.82237914177078,76.38622067000877,19.209722222222222,27082.0,8.0,0.028470385395537524
runtime_scalability,AMRP,10012,2000.0,2000,1929,1206,8.399386666664276,60.3,82.25246241575947,82.85619895869122,21.5,30298.0,0.0,0.026230451866404717
runtime_scalability,AMRP,10013,2000.0,2000,1866,1067,7.913313333331009,53.35,84.2502679528403,75.55488759500545,20.872916666666665,29524.0,1.0,0.030486653386454184
runtime_scalability,AMRP,10014,2000.0,2000,1871,1218,7.619426666665291,60.9,76.97648316408338,63.319882508812924,19.995833333333334,28179.0,1.0,0.06697667638483965
runtime_scalability,AMRP,10015,2000.0,2000,1918,762,8.66094666666348,38.1,89.56152241918666,68.08829398319571,23.98472222222222,34195.0,0.0,0.02036764427625355
runtime_scalability,AMRP,10016,2000.0,2000,1879,1044,8.195893333331082,52.2,91.23310271420969,67.93177097976618,21.5875,30522.0,0.0,0.028392045454545455
runtime_scalability,AMRP,10017,2000.0,2000,1881,955,8.248413333330875,47.75,93.77884104199893,67.11374558731346,22.069444444444443,31254.0,0.0,0.03554590780809031
runtime_scalability,AMRP,10018,2000.0,2000,1841,1181,7.71265999999863,59.05,78.94948397609994,65.93149569071096,20.07777777777778,28248.0,7.0,0.03344565637065637
runtime_scalability,AMRP,10019,2000.0,2000,1932,1107,8.084439999997368,55.35,80.27587991718427,75.50126231777833,21.275,30049.0,0.0,0.031753191489361704
runtime_scalability,AMRP,10020,2000.0,2000,1869,1255,7.604913333332154,62.75,70.99946495452113,73.01414762438255,19.78263888888889,27865.0,0.0,0.023985104270109234
runtime_scalability,AMRP,10021,2000.0,2000,1871,1090,7.734986666665378,54.5,80.38695884553715,70.68688359793151,20.464583333333334,28876.0,4.0,0.036354609218436876
runtime_scalability,AMRP,10022,2000.0,2000,1891,1234,8.026493333331873,61.7,78.9439450026441,75.06894146813906,20.646527777777777,29038.0,3.0,0.05966141038197845
runtime_scalability,AMRP,10023,2000.0,2000,1848,1113,7.69051999999802,55.65,81.7478354978355,61.69293238342679,20.430555555555557,28842.0,6.0,0.023177649325626205
runtime_scalability,AMRP,10024,2000.0,2000,1884,1140,8.036426666664834,57.0,82.45488322717623,75.07719045679703,20.903472222222224,29488.0,0.0,0.024701828681424447
runtime_scalability,AMRP,10025,2000.0,2000,1896,1224,7.918386666664931,61.2,79.0574894514768,79.9812819279614,20.352083333333333,28673.0,0.0,0.030198657718120806
runtime_scalability,AMRP,10026,2000.0,2000,1900,1136,8.299026666664583,56.8,84.41947368421053,70.85732817739782,21.397916666666667,30201.0,0.0,0.026078211227402476
runtime_scalability,AMRP,10027,2000.0,2000,1889,1100,8.268866666664481,55.0,90.3446267866596,70.16174658583438,21.552777777777777,30385.0,0.0,0.021698513379583746
runtime_scalability,AMRP,10028,2000.0,2000,1857,1059,7.651173333331295,52.95,86.14270328486806,69.12478580258993,20.508333333333333,28931.0,6.0,0.020249078564500485
runtime_scalability,AMRP,10029,2000.0,2000,1847,1106,7.91669333333141,55.3,85.16946399566865,67.33180272737351,20.896527777777777,29452.0,1.0,0.023770697674418605
runtime_scalability,BADP,10000,2000.0,2000,1948,1948,5.64623999999964,97.4,2.1642710472279263,79.68379446640316,2.45625,0.0,3525.0,0.006968531468531469
runtime_scalability,BADP,10001,2000.0,2000,1983,1983,5.893333333332946,99.15,2.2143217347453352,79.69271290605795,2.563888888888889,1.0,3679.0,0.007912535612535613
runtime_scalability,BADP,10002,2000.0,2000,2000,2000,5.756426666666294,100.0,2.154,79.70162351908732,2.504861111111111,2.0,3593.0,0.012818670576735093
runtime_scalability,BADP,10003,2000.0,2000,1999,1999,5.950239999999606,99.95,2.19959979989995,79.68379446640316,2.5881944444444445,0.0,3715.0,0.010456019900497512
runtime_scalability,BADP,10004,2000.0,2000,1953,1953,5.670239999999637,97.65,2.087557603686636,79.68379446640316,2.466666666666667,0.0,3540.0,0.011353809523809523
runtime_scalability,BADP,10005,2000.0,2000,2000,2000,5.926239999999609,100.0,2.2285,79.68379446640316,2.577777777777778,0.0,3700.0,0.011082991202346041
runtime_scalability,BADP,10006,2000.0,2000,1999,1999,5.782239999999625,99.95,2.129064532266133,79.68379446640316,2.515277777777778,0.0,3610.0,0.009578048780487805
runtime_scalability,BADP,10007,2000.0,2000,1992,1992,5.867039999999616,99.6,2.1967871485943773,79.68379446640316,2.5520833333333335,0.0,3663.0,0.009692816091954024
runtime_scalability,BADP,10008,2000.0,2000,1996,1996,5.673439999999637,99.8,2.0986973947895793,79.68379446640316,2.4680555555555554,0.0,3542.0,0.011021883920076117
runtime_scalability,BADP,10009,2000.0,2000,1995,1995,5.79482666666629,99.75,2.2175438596491226,79.70162351908732,2.5215277777777776,2.0,3617.0,0.008028003972194636
runtime_scalability,BADP,10010,2000.0,2000,1999,1999,5.809013333332955,99.95,2.1715857928964484,79.71942130644454,2.5284722222222222,4.0,3625.0,0.00874240077444337
runtime_scalability,BADP,10011,2000.0,2000,1971,1971,5.724639999999631,98.55,2.191273465246068,79.68379446640316,2.4902777777777776,0.0,3574.0,0.005326876267748478
runtime_scalability,BADP,10012,2000.0,2000,2000,2000,5.931039999999608,100.0,2.241,79.68379446640316,2.579861111111111,0.0,3703.0,0.006839587426326129
runtime_scalability,BADP,10013,2000.0,2000,1998,1998,5.727839999999631,99.9,2.2712712712712713,79.68379446640316,2.4916666666666667,0.0,3576.0,0.010805876494023904
runtime_scalability,BADP,10014,2000.0,2000,1993,1993,5.700639999999634,99.65,2.0968389362769693,79.68379446640316,2.479861111111111,0.0,3559.0,0.005733527696793003
runtime_scalability,BADP,10015,2000.0,2000,2000,2000,5.79642666666629,100.0,2.176,79.70162351908732,2.5229166666666667,3.0,3618.0,0.007751655629139073
runtime_scalability,BADP,10016,2000.0,2000,1999,1999,5.916639999999609,99.95,2.170585292646323,79.68379446640316,2.573611111111111,0.0,3694.0,0.026820928030303032
runtime_scalability,BADP,10017,2000.0,2000,1999,1999,5.879839999999614,99.95,2.1220610305152574,79.68379446640316,2.557638888888889,0.0,3671.0,0.009434336782690499
runtime_scalability,BADP,10018,2000.0,2000,1974,1974,5.828426666666286,98.7,2.1337386018237083,79.70162351908732,2.536111111111111,2.0,3638.0,0.010058301158301159
runtime_scalability,BADP,10019,2000.0,2000,1999,1999,5.67733333333297,99.95,2.1060530265132567,79.69271290605795,2.470138888888889,1.0,3544.0,0.008611121856866537
runtime_scalability,BADP,10020,2000.0,2000,1993,1993,5.795039999999624,99.65,2.193176116407426,79.68379446640316,2.5208333333333335,0.0,3618.0,0.010026514399205561
runtime_scalability,BADP,10021,2000.0,2000,1993,1993,5.691039999999634,99.65,2.2167586552935274,79.68379446640316,2.4756944444444446,0.0,3553.0,0.010632965931863728
runtime_scalability,BADP,10022,2000.0,2000,1993,1993,5.87962666666628,99.65,2.227295534370296,79.70162351908732,2.558333333333333,2.0,3670.0,0.009722331047992165
runtime_scalability,BADP,10023,2000.0,2000,1987,1987,5.673439999999637,99.35,2.0679416205334675,79.68379446640316,2.4680555555555554,0.0,3542.0,0.005110597302504817
runtime_scalability,BADP,10024,2000.0,2000,1999,1999,5.835039999999619,99.95,2.1755877938969483,79.68379446640316,2.5381944444444446,0.0,3643.0,0.006691337824831569
runtime_scalability,BADP,10025,2000.0,2000,1999,1999,5.772639999999626,99.95,2.192096048024012,79.68379446640316,2.511111111111111,0.0,3604.0,0.009571332694151486
runtime_scalability,BADP,10026,2000.0,2000,2000,2000,5.961439999999605,100.0,2.1825,79.68379446640316,2.5930555555555554,0.0,3722.0,0.008138344433872503
runtime_scalability,BADP,10027,2000.0,2000,1999,1999,5.891519999999613,99.95,2.3891945972986495,79.71052631578948,2.563888888888889,2.0,3677.0,0.010824975222993062
runtime_scalability,BADP,10028,2000.0,2000,1986,1986,5.616533333332976,99.3,2.0649546827794563,79.69271290605795,2.44375,1.0,3506.0,0.006703782735208536
runtime_scalability,BADP,10029,2000.0,2000,1983,1983,5.872319999999615,99.15,2.1422087745839637,79.71052631578948,2.5555555555555554,3.0,3665.0,0.006765581395348837
runtime_scalability,BADP_PLUS,10000,2000.0,2000,1948,1948,5.64623999999964,97.4,2.1642710472279263,79.68379446640316,2.45625,0.0,3525.0,0.04485934065934066
runtime_scalability,BADP_PLUS,10001,2000.0,2000,1983,1983,5.892639999999613,99.15,2.2138174483106403,79.68379446640316,2.5631944444444446,0.0,3679.0,0.04829677113010446
runtime_scalability,BADP_PLUS,10002,2000.0,2000,2000,2000,5.756639999999628,100.0,2.153,79.68379446640316,2.504166666666667,0.0,3594.0,0.06687478005865102
runtime_scalability,BADP_PLUS,10003,2000.0,2000,1999,1999,5.950239999999606,99.95,2.19959979989995,79.68379446640316,2.5881944444444445,0.0,3715.0,0.07409701492537314
runtime_scalability,BADP_PLUS,10004,2000.0,2000,1953,1953,5.670239999999637,97.65,2.087557603686636,79.68379446640316,2.466666666666667,0.0,3540.0,0.06458466666666667
runtime_scalability,BADP_PLUS,10005,2000.0,2000,2000,2000,5.926239999999609,100.0,2.2285,79.68379446640316,2.577777777777778,0.0,3700.0,0.07269266862170087
runtime_scalability,BADP_PLUS,10006,2000.0,2000,1999,1999,5.782239999999625,99.95,2.129064532266133,79.68379446640316,2.515277777777778,0.0,3610.0,0.05493063414634146
runtime_scalability,BADP_PLUS,10007,2000.0,2000,1992,1992,5.867039999999616,99.6,2.1967871485943773,79.68379446640316,2.5520833333333335,0.0,3663.0,0.05044501915708812
runtime_scalability,BADP_PLUS,10008,2000.0,2000,1996,1996,5.673439999999637,99.8,2.0986973947895793,79.68379446640316,2.4680555555555554,0.0,3542.0,0.04316137012369172
runtime_scalability,BADP_PLUS,10009,2000.0,2000,1995,1995,5.793439999999624,99.75,2.216541353383459,79.68379446640316,2.520138888888889,0.0,3617.0,0.04696266137040715
runtime_scalability,BADP_PLUS,10010,2000.0,2000,1999,1999,5.809439999999622,99.95,2.1710855427713858,79.68379446640316,2.527083333333333,0.0,3627.0,0.03946137463697967
runtime_scalability,BADP_PLUS,10011,2000.0,2000,1971,1971,5.724639999999631,98.55,2.191273465246068,79.68379446640316,2.4902777777777776,0.0,3574.0,0.049242393509127784
runtime_scalability,BADP_PLUS,10012,2000.0,2000,2000,2000,5.931039999999608,100.0,2.241,79.68379446640316,2.579861111111111,0.0,3703.0,0.0436270137524558
runtime_scalability,BADP_PLUS,10013,2000.0,2000,1998,1998,5.727839999999631,99.9,2.2712712712712713,79.68379446640316,2.4916666666666667,0.0,3576.0,0.0514859561752988
runtime_scalability,BADP_PLUS,10014,2000.0,2000,1993,1993,5.700639999999634,99.65,2.0968389362769693,79.68379446640316,2.479861111111111,0.0,3559.0,0.038702429543245875
runtime_scalability,BADP_PLUS,10015,2000.0,2000,2000,2000,5.798239999999623,100.0,2.1735,79.68379446640316,2.522222222222222,0.0,3620.0,0.05594739829706717
runtime_scalability,BADP_PLUS,10016,2000.0,2000,1999,1999,5.916639999999609,99.95,2.170585292646323,79.68379446640316,2.573611111111111,0.0,3694.0,0.06011837121212121
runtime_scalability,BADP_PLUS,10017,2000.0,2000,1999,1999,5.879839999999614,99.95,2.1220610305152574,79.68379446640316,2.557638888888889,0.0,3671.0,0.061890498588899334
runtime_scalability,BADP_PLUS,10018,2000.0,2000,1974,1974,5.82863999999962,98.7,2.132725430597771,79.68379446640316,2.535416666666667,0.0,3639.0,0.06423059845559846
runtime_scalability,BADP_PLUS,10019,2000.0,2000,1999,1999,5.6782399999996365,99.95,2.105552776388194,79.68379446640316,2.470138888888889,0.0,3545.0,0.0671590909090909
runtime_scalability,BADP_PLUS,10020,2000.0,2000,1993,1993,5.795039999999624,99.65,2.193176116407426,79.68379446640316,2.5208333333333335,0.0,3618.0,0.04641161866931479
runtime_scalability,BADP_PLUS,10021,2000.0,2000,1993,1993,5.691039999999634,99.65,2.2167586552935274,79.68379446640316,2.4756944444444446,0.0,3553.0,0.07353927855711423
runtime_scalability,BADP_PLUS,10022,2000.0,2000,1993,1993,5.879839999999614,99.65,2.2262920220772706,79.68379446640316,2.557638888888889,0.0,3671.0,0.06885475024485799
runtime_scalability,BADP_PLUS,10023,2000.0,2000,1987,1987,5.673439999999637,99.35,2.0679416205334675,79.68379446640316,2.4680555555555554,0.0,3542.0,0.040607610789980736
runtime_scalability,BADP_PLUS,10024,2000.0,2000,1999,1999,5.835039999999619,99.95,2.1755877938969483,79.68379446640316,2.5381944444444446,0.0,3643.0,0.04527054860442733
runtime_scalability,BADP_PLUS,10025,2000.0,2000,1999,1999,5.772639999999626,99.95,2.192096048024012,79.68379446640316,2.511111111111111,0.0,3604.0,0.03375321188878236
runtime_scalability,BADP_PLUS,10026,2000.0,2000,2000,2000,5.961439999999605,100.0,2.1825,79.68379446640316,2.5930555555555554,0.0,3722.0,0.04631826831588963
runtime_scalability,BADP_PLUS,10027,2000.0,2000,1999,1999,5.894239999999613,99.95,2.3901950975487742,79.68379446640316,2.563888888888889,0.0,3680.0,0.0729583746283449
runtime_scalability,BADP_PLUS,10028,2000.0,2000,1986,1986,5.6158399999996425,99.3,2.0644511581067473,79.68379446640316,2.4430555555555555,0.0,3506.0,0.05418457807953443
runtime_scalability,BADP_PLUS,10029,2000.0,2000,1983,1983,5.871839999999615,99.15,2.140695915279879,79.68379446640316,2.5541666666666667,0.0,3666.0,0.03465358139534884
runtime_scalability,CDASCALER,10000,2000.0,2000,1801,1118,7.186173333332553,55.9,74.8411993337035,99.88979587101863,18.968055555555555,26836.0,133.0,0.01362887112887113
runtime_scalability,CDASCALER,10001,2000.0,2000,1873,1207,7.876986666665482,60.35,80.31393486385478,44.79646942144649,20.489583333333332,28832.0,5.0,0.06513456790123456
runtime_scalability,CDASCALER,10002,2000.0,2000,1899,1216,7.892559999998436,60.8,82.53817798841496,99.91759147346446,20.529166666666665,28978.0,0.0,0.02413978494623656
runtime_scalability,CDASCALER,10003,2000.0,2000,1891,1019,7.89285333333202,50.95,78.72607086197779,99.91569876358187,19.81111111111111,28057.0,133.0,0.008590149253731343
runtime_scalability,CDASCALER,10004,2000.0,2000,1837,1145,7.542426666665323,57.25,81.8056614044638,99.9140335460207,19.93888888888889,28160.0,26.0,0.006923238095238095
runtime_scalability,CDASCALER,10005,2000.0,2000,1896,1285,8.142666666665301,64.25,74.75580168776371,66.14834138702086,20.708333333333332,29098.0,4.0,0.024905571847507333
runtime_scalability,CDASCALER,10006,2000.0,2000,1890,1318,7.727239999998767,65.9,73.35132275132275,99.91611207426878,19.770138888888887,27987.0,1.0,0.014079219512195122
runtime_scalability,CDASCALER,10007,2000.0,2000,1869,1219,7.853559999998662,60.95,80.16104868913858,74.27413183110714,20.37847222222222,28670.0,0.0,0.020870977011494252
runtime_scalability,CDASCALER,10008,2000.0,2000,1887,1187,7.647506666665259,59.35,80.80392156862744,90.91661125234252,20.127083333333335,28346.0,1.0,0.013922359657469078
runtime_scalability,CDASCALER,10009,2000.0,2000,1892,912,7.733933333331522,45.6,86.053911205074,99.91395299921602,19.94375,28255.0,151.0,0.012597418073485602
runtime_scalability,CDASCALER,10010,2000.0,2000,1898,1266,8.022213333331546,63.3,79.54109589041096,58.086544750952754,20.65625,29027.0,0.0,0.03186515004840271
runtime_scalability,CDASCALER,10011,2000.0,2000,1831,893,7.259839999999334,44.65,77.30693610049154,99.9051593323217,18.650694444444444,26289.0,380.0,0.045691176470588235
runtime_scalability,CDASCALER,10012,2000.0,2000,1913,1269,8.132799999998138,63.45,80.39832723470988,99.91963137591084,20.739583333333332,29464.0,0.0,0.019496168958742635
runtime_scalability,CDASCALER,10013,2000.0,2000,1885,949,7.652979999998542,47.45,81.40689655172413,99.91087608805442,19.38888888888889,27296.0,296.0,0.014622709163346613
runtime_scalability,CDASCALER,10014,2000.0,2000,1880,1304,7.492626666665581,65.2,72.14148936170213,99.91391019877179,19.491666666666667,27607.0,3.0,0.008914091350826044
runtime_scalability,CDASCALER,10015,2000.0,2000,1897,1215,7.9372799999982595,60.75,81.06009488666315,54.69026004112009,20.594444444444445,28985.0,0.0,0.0347038789025544
runtime_scalability,CDASCALER,10016,2000.0,2000,1891,1267,7.87297333333204,63.35,79.26335272342676,99.91742058613033,20.194444444444443,28609.0,0.0,0.013003787878787879
runtime_scalability,CDASCALER,10017,2000.0,2000,1898,1277,7.861879999998673,63.85,77.78398314014753,99.91732348564184,20.15138888888889,28463.0,0.0,0.012567544684854185
runtime_scalability,CDASCALER,10018,2000.0,2000,1851,1228,7.648646666665465,61.4,78.43922204213938,99.91526460979352,19.880555555555556,28122.0,10.0,0.011755212355212355
runtime_scalability,CDASCALER,10019,2000.0,2000,1904,1080,7.716733333331731,54.0,80.10241596638656,99.91555163548333,19.935416666666665,28295.0,33.0,0.011521953578336557
runtime_scalability,CDASCALER,10020,2000.0,2000,1878,1044,7.455459999999197,52.2,73.20234291799787,99.91240620164092,19.150694444444444,27226.0,77.0,0.012375868917576962
runtime_scalability,CDASCALER,10021,2000.0,2000,1888,965,7.524466666665892,48.25,79.15254237288136,99.90647676997483,19.343055555555555,27410.0,97.0,0.012838977955911823
runtime_scalability,CDASCALER,10022,2000.0,2000,1893,1231,7.951439999998551,61.55,80.34970945589012,99.91805965257292,20.586805555555557,29186.0,3.0,0.017577179236043097
runtime_scalability,CDASCALER,10023,2000.0,2000,1872,1279,7.541279999998736,63.95,74.27724358974359,99.91432488005483,19.62152777777778,27712.0,6.0,0.010628420038535645
runtime_scalability,CDASCALER,10024,2000.0,2000,1897,1236,7.832453333332097,61.8,79.40063257775435,99.91705069124424,20.23472222222222,28795.0,1.0,0.008869874879692012
runtime_scalability,CDASCALER,10025,2000.0,2000,1896,1231,7.773906666665245,61.55,78.68881856540085,99.89879656689547,19.94375,28291.0,2.0,0.013355800575263662
runtime_scalability,CDASCALER,10026,2000.0,2000,1896,1269,8.033826666665139,63.45,78.6824894514768,99.91880334169358,20.475,29008.0,0.0,0.008827973358705995
runtime_scalability,CDASCALER,10027,2000.0,2000,1894,1225,8.065146666664878,61.25,84.22914466737065,99.91902688307482,20.763194444444444,29388.0,3.0,0.026410109018830525
runtime_scalability,CDASCALER,10028,2000.0,2000,1868,1159,7.592239999998327,57.95,81.57173447537473,81.40938519678177,20.10763888888889,28296.0,6.0,0.013678564500484967
runtime_scalability,CDASCALER,10029,2000.0,2000,1869,1262,7.7524133333321155,63.1,78.5382557517389,99.91632421577195,19.97222222222222,28171.0,2.0,0.007961023255813953
runtime_scalability,CEDULE,10000,2000.0,2000,1947,1947,5.073386666666369,97.35,15.300975860297894,17.76211453744493,2.202777777777778,1.0,3170.0,0.006134565434565435
runtime_scalability,CEDULE,10001,2000.0,2000,1983,1983,5.27519999999968,99.15,16.066061522945034,0.0,2.2895833333333333,0.0,3297.0,0.006574358974358974
runtime_scalability,CEDULE,10002,2000.0,2000,2000,2000,5.147199999999694,100.0,16.3755,0.0,2.234027777777778,0.0,3217.0,0.00938396871945259
runtime_scalability,CEDULE,10003,2000.0,2000,1999,1999,5.37119999999967,99.95,17.32366183091546,0.0,2.33125,0.0,3357.0,0.005492437810945274
runtime_scalability,CEDULE,10004,2000.0,2000,1953,1953,5.074293333333036,97.65,15.199692780337942,8.88497135301895,2.202777777777778,0.0,3171.0,0.005098666666666667
runtime_scalability,CEDULE,10005,2000.0,2000,2000,2000,5.355199999999671,100.0,17.354,0.0,2.3243055555555556,0.0,3347.0,0.009094819159335289
runtime_scalability,CEDULE,10006,2000.0,2000,1999,1999,5.214399999999687,99.95,16.14457228614307,0.0,2.2631944444444443,0.0,3259.0,0.008181365853658536
runtime_scalability,CEDULE,10007,2000.0,2000,1992,1992,5.287999999999679,99.6,16.31074297188755,0.0,2.295138888888889,0.0,3305.0,0.007757662835249042
runtime_scalability,CEDULE,10008,2000.0,2000,1996,1996,5.078399999999702,99.8,15.780060120240481,0.0,2.2041666666666666,0.0,3174.0,0.008027783063748812
runtime_scalability,CEDULE,10009,2000.0,2000,1995,1995,5.2447999999996835,99.75,17.029573934837092,0.0,2.276388888888889,0.0,3278.0,0.008120655412115194
runtime_scalability,CEDULE,10010,2000.0,2000,1999,1999,5.2447999999996835,99.95,16.82041020510255,0.0,2.276388888888889,0.0,3278.0,0.005830106485963214
runtime_scalability,CEDULE,10011,2000.0,2000,1971,1971,5.141493333333028,98.55,16.038051750380518,8.88497135301895,2.2319444444444443,0.0,3213.0,0.006300811359026369
runtime_scalability,CEDULE,10012,2000.0,2000,2000,2000,5.351999999999672,100.0,17.036,0.0,2.3229166666666665,0.0,3345.0,0.008209724950884087
runtime_scalability,CEDULE,10013,2000.0,2000,1998,1998,5.236799999999684,99.9,16.54804804804805,0.0,2.2729166666666667,0.0,3273.0,0.008660657370517928
runtime_scalability,CEDULE,10014,2000.0,2000,1993,1993,5.0991999999996995,99.65,15.851981936778726,0.0,2.2131944444444445,0.0,3187.0,0.005808551992225462
runtime_scalability,CEDULE,10015,2000.0,2000,2000,2000,5.246399999999683,100.0,16.436,0.0,2.277083333333333,0.0,3279.0,0.0071903500473036895
runtime_scalability,CEDULE,10016,2000.0,2000,1999,1999,5.305599999999677,99.95,17.030015007503753,0.0,2.3027777777777776,0.0,3316.0,0.005825189393939394
runtime_scalability,CEDULE,10017,2000.0,2000,1999,1999,5.283199999999679,99.95,16.828914457228613,0.0,2.2930555555555556,0.0,3302.0,0.008334901222953904
runtime_scalability,CEDULE,10018,2000.0,2000,1974,1974,5.247999999999683,98.7,16.324214792299898,0.0,2.2777777777777777,0.0,3280.0,0.007467374517374518
runtime_scalability,CEDULE,10019,2000.0,2000,1999,1999,5.047999999999705,99.95,16.021010505252626,0.0,2.1909722222222223,0.0,3155.0,0.005978723404255319
runtime_scalability,CEDULE,10020,2000.0,2000,1993,1993,5.2175999999996865,99.65,16.581033617661816,0.0,2.2645833333333334,0.0,3261.0,0.008432571996027805
runtime_scalability,CEDULE,10021,2000.0,2000,1993,1993,5.166399999999692,99.65,16.460110386352234,0.0,2.2423611111111112,0.0,3229.0,0.005168537074148297
runtime_scalability,CEDULE,10022,2000.0,2000,1993,1993,5.329599999999674,99.65,16.65679879578525,0.0,2.3131944444444446,0.0,3331.0,0.005499020568070519
runtime_scalability,CEDULE,10023,2000.0,2000,1987,1987,5.065599999999703,99.35,15.319577252138902,0.0,2.198611111111111,0.0,3166.0,0.008165125240847785
runtime_scalability,CEDULE,10024,2000.0,2000,1999,1999,5.27999999999968,99.95,16.96648324162081,0.0,2.2916666666666665,0.0,3300.0,0.006300769971126083
runtime_scalability,CEDULE,10025,2000.0,2000,1999,1999,5.166399999999692,99.95,16.33066533266633,0.0,2.2423611111111112,0.0,3229.0,0.007913710450623201
runtime_scalability,CEDULE,10026,2000.0,2000,2000,2000,5.36959999999967,100.0,16.766,0.0,2.3305555555555557,0.0,3356.0,0.0058709800190294955
runtime_scalability,CEDULE,10027,2000.0,2000,1999,1999,5.3263999999996745,99.95,17.069534767383693,0.0,2.3118055555555554,0.0,3329.0,0.00617621407333994
runtime_scalability,CEDULE,10028,2000.0,2000,1986,1986,5.012799999999709,99.3,15.099697885196374,0.0,2.1756944444444444,0.0,3133.0,0.0029583899127061104
runtime_scalability,CEDULE,10029,2000.0,2000,1983,1983,5.267199999999681,99.15,15.818456883509834,0.0,2.286111111111111,0.0,3292.0,0.004427720930232558
runtime_scalability,CEMA,10000,2000.0,2000,1796,754,7.040019999999274,37.7,83.77839643652561,99.8939582195385,18.539583333333333,26517.0,143.0,0.011635864135864137
runtime_scalability,CEMA,10001,2000.0,2000,1856,870,7.597473333332185,43.5,90.35183189655173,99.91480580456451,20.02986111111111,28794.0,9.0,0.010964102564102563
runtime_scalability,CEMA,10002,2000.0,2000,1893,1006,7.669566666665134,50.3,90.80507131537243,99.91560310955654,20.146527777777777,28981.0,0.0,0.011634408602150537
runtime_scalability,CEMA,10003,2000.0,2000,1879,751,7.692919999998696,37.55,86.37147418839808,99.9136690647482,19.352083333333333,27700.0,144.0,0.013584676616915422
runtime_scalability,CEMA,10004,2000.0,2000,1821,934,7.307006666665359,46.7,90.0236133992312,99.90522592013058,19.509722222222223,28008.0,36.0,0.00905495238095238
runtime_scalability,CEMA,10005,2000.0,2000,1895,746,7.898419999998688,37.3,89.34617414248021,99.91713851677945,20.25625,29103.0,36.0,0.011734604105571847
runtime_scalability,CEMA,10006,2000.0,2000,1881,1081,7.523473333332128,54.05,82.05741626794259,99.91417209448699,19.28472222222222,27726.0,5.0,0.00987619512195122
runtime_scalability,CEMA,10007,2000.0,2000,1867,887,7.593539999998698,44.35,88.78093197643278,99.91461991632752,19.894444444444446,28602.0,19.0,0.013269252873563219
runtime_scalability,CEMA,10008,2000.0,2000,1875,730,7.402426666665299,36.5,91.64,99.91273319629214,19.67152777777778,28274.0,23.0,0.011740913415794483
runtime_scalability,CEMA,10009,2000.0,2000,1883,743,7.556986666664877,37.15,90.98513011152416,99.9121608432559,19.556944444444444,27945.0,156.0,0.013308043694141012
runtime_scalability,CEMA,10010,2000.0,2000,1894,955,7.758486666664948,47.75,90.24234424498417,99.91640737472716,20.21736111111111,29078.0,0.0,0.009000484027105517
runtime_scalability,CEMA,10011,2000.0,2000,1831,726,7.060959999999381,36.3,85.53522665210268,99.89662970651273,18.186805555555555,25823.0,348.0,0.012966430020283977
runtime_scalability,CEMA,10012,2000.0,2000,1908,830,7.982806666664859,41.5,91.81498951781971,99.91812301562031,20.385416666666668,29297.0,18.0,0.009061591355599214
runtime_scalability,CEMA,10013,2000.0,2000,1879,765,7.383919999998577,38.25,88.02182011708355,99.908480780964,18.883333333333333,26895.0,271.0,0.010314541832669322
runtime_scalability,CEMA,10014,2000.0,2000,1872,988,7.304933333332265,49.4,82.5806623931624,99.91180275175415,19.0375,27370.0,21.0,0.0074645286686103015
runtime_scalability,CEMA,10015,2000.0,2000,1889,1022,7.685339999998312,51.1,89.23028057173107,99.91574690369872,20.179166666666667,29011.0,0.0,0.01134503311258278
runtime_scalability,CEMA,10016,2000.0,2000,1884,992,7.683806666665411,49.6,88.15286624203821,99.91566005379015,19.81597222222222,28502.0,5.0,0.0112875
runtime_scalability,CEMA,10017,2000.0,2000,1889,1021,7.629699999998709,51.05,85.04711487559555,99.91523747633713,19.697916666666668,28339.0,0.0,0.01063151458137347
runtime_scalability,CEMA,10018,2000.0,2000,1844,904,7.4234466666654875,45.2,86.87852494577007,99.91295348814717,19.413888888888888,27903.0,22.0,0.0112257722007722
runtime_scalability,CEMA,10019,2000.0,2000,1903,807,7.576639999998425,40.35,87.00840777719391,99.91367403314918,19.550694444444446,28052.0,71.0,0.012855996131528047
runtime_scalability,CEMA,10020,2000.0,2000,1878,636,7.330373333332557,31.8,82.19169329073482,99.91039069656298,18.7,26780.0,124.0,0.011058589870903673
runtime_scalability,CEMA,10021,2000.0,2000,1883,725,7.3134466666659,36.25,86.7498672331386,99.90943213951476,18.738888888888887,26782.0,171.0,0.012589579158316632
runtime_scalability,CEMA,10022,2000.0,2000,1886,907,7.781926666665249,45.35,88.72322375397667,99.91641669065817,20.250694444444445,29117.0,14.0,0.008237022526934378
runtime_scalability,CEMA,10023,2000.0,2000,1860,967,7.305779999998772,48.35,83.40322580645162,99.91192272687238,19.10763888888889,27472.0,14.0,0.011180346820809248
runtime_scalability,CEMA,10024,2000.0,2000,1890,885,7.684139999998779,44.25,88.43439153439154,99.9156046923791,19.88125,28572.0,9.0,0.010399615014436958
runtime_scalability,CEMA,10025,2000.0,2000,1896,815,7.63496666666524,40.75,88.60864978902954,99.91403108253971,19.483333333333334,27950.0,84.0,0.011872195589645253
runtime_scalability,CEMA,10026,2000.0,2000,1888,1083,7.8551133333318575,54.15,86.04819915254237,99.91723605197576,20.09375,28892.0,2.0,0.011004376784015224
runtime_scalability,CEMA,10027,2000.0,2000,1892,811,7.8772599999982535,40.55,96.06923890063425,99.91707896846236,20.431944444444444,29366.0,27.0,0.008658176412289395
runtime_scalability,CEMA,10028,2000.0,2000,1857,942,7.3464466666650425,47.1,90.04738826063543,99.91241983982562,19.715972222222224,28342.0,8.0,0.005860232783705141
runtime_scalability,CEMA,10029,2000.0,2000,1850,1057,7.470033333332136,52.85,85.38324324324324,99.91361852018927,19.422916666666666,27940.0,8.0,0.004902790697674419
runtime_scalability,EDF,10000,2000.0,2000,1928,1874,6.062053333333114,93.7,4.41390041493776,94.10188019239177,5.406944444444444,4849.0,2294.0,0.015567732267732268
runtime_scalability,EDF,10001,2000.0,2000,1980,1939,6.3086933333330535,96.95,4.254040404040404,96.2859396914446,5.372222222222222,4628.0,2454.0,0.012427825261158593
runtime_scalability,EDF,10002,2000.0,2000,2000,1948,6.188866666666378,97.4,4.2605,95.43096307276453,5.402777777777778,4757.0,2366.0,0.018388172043010752
runtime_scalability,EDF,10003,2000.0,2000,1997,1957,6.402586666666355,97.85,4.201301952929394,86.42063139172966,5.350694444444445,4520.0,2548.0,0.011306567164179104
runtime_scalability,EDF,10004,2000.0,2000,1939,1901,6.023546666666408,95.05,4.178958225889634,94.28662944998626,5.186111111111111,4450.0,2380.0,0.04584295238095238
runtime_scalability,EDF,10005,2000.0,2000,2000,1965,6.365779999999702,98.25,4.318,92.77401835183845,5.452083333333333,4720.0,2488.0,0.02008074291300098
runtime_scalability,EDF,10006,2000.0,2000,1998,1960,6.222179999999769,98.0,4.2107107107107105,85.32510990092513,5.34375,4648.0,2395.0,0.018449853658536585
runtime_scalability,EDF,10007,2000.0,2000,1987,1941,6.287239999999711,97.05,4.3004529441368895,88.86489551978363,5.434027777777778,4727.0,2429.0,0.013155842911877394
runtime_scalability,EDF,10008,2000.0,2000,1992,1948,6.07957333333309,97.4,4.2203815261044175,85.02811495894322,5.304861111111111,4636.0,2355.0,0.01522302568981922
runtime_scalability,EDF,10009,2000.0,2000,1992,1953,6.236453333333049,97.65,4.208333333333333,89.16394167034909,5.332638888888889,4598.0,2429.0,0.014040317775571003
runtime_scalability,EDF,10010,2000.0,2000,1997,1961,6.277993333333072,98.05,4.211316975463195,89.25581089666353,5.356944444444444,4625.0,2434.0,0.012131752178121975
runtime_scalability,EDF,10011,2000.0,2000,1958,1913,6.150219999999735,95.65,4.296731358529112,91.68452982810919,5.334027777777778,4640.0,2416.0,0.014405679513184584
runtime_scalability,EDF,10012,2000.0,2000,1999,1962,6.383153333333012,98.1,4.27863931965983,90.95778684007495,5.427777777777778,4668.0,2515.0,0.013590864440078586
runtime_scalability,EDF,10013,2000.0,2000,1995,1938,6.205333333333013,96.9,4.2481203007518795,91.66186012977649,5.336111111111111,4607.0,2457.0,0.018929980079681274
runtime_scalability,EDF,10014,2000.0,2000,1993,1943,6.112273333333057,97.15,4.345208228800803,85.56750404647346,5.4534722222222225,4838.0,2360.0,0.01789310009718173
runtime_scalability,EDF,10015,2000.0,2000,1999,1948,6.237033333333041,97.4,4.323661830915458,94.55223717794891,5.445138888888889,4785.0,2398.0,0.011869631031220436
runtime_scalability,EDF,10016,2000.0,2000,1997,1947,6.358139999999678,97.35,4.369554331497246,89.22133579481769,5.5368055555555555,4833.0,2492.0,0.015728314393939395
runtime_scalability,EDF,10017,2000.0,2000,1999,1956,6.261846666666386,97.8,4.199099549774887,85.48123034372001,5.319444444444445,4546.0,2468.0,0.009875352775164629
runtime_scalability,EDF,10018,2000.0,2000,1962,1919,6.226126666666422,95.95,4.180428134556575,83.68929439846521,5.285416666666666,4505.0,2446.0,0.018100482625482625
runtime_scalability,EDF,10019,2000.0,2000,1997,1955,6.0860466666664115,97.75,4.193289934902354,85.6824230693091,5.309027777777778,4669.0,2324.0,0.015806963249516442
runtime_scalability,EDF,10020,2000.0,2000,1989,1958,6.228673333333093,97.9,4.203117144293615,89.22607148349114,5.332638888888889,4604.0,2410.0,0.013373088381330684
runtime_scalability,EDF,10021,2000.0,2000,1989,1935,6.162799999999742,96.75,4.304675716440422,90.87714616137355,5.357638888888889,4676.0,2399.0,0.019901102204408817
runtime_scalability,EDF,10022,2000.0,2000,1988,1942,6.309566666666385,97.1,4.283702213279678,90.7776703612941,5.399305555555555,4611.0,2517.0,0.0169975514201763
runtime_scalability,EDF,10023,2000.0,2000,1982,1935,6.092333333333055,96.75,4.231079717457114,81.9021278494,5.353472222222222,4693.0,2362.0,0.014467244701348747
runtime_scalability,EDF,10024,2000.0,2000,1996,1955,6.302826666666372,97.75,4.340681362725451,85.76041302065103,5.482638888888889,4800.0,2446.0,0.009742059672762272
runtime_scalability,EDF,10025,2000.0,2000,1999,1956,6.209773333333046,97.8,4.323161580790395,85.77099637126743,5.440972222222222,4796.0,2386.0,0.041688974113135185
runtime_scalability,EDF,10026,2000.0,2000,1997,1948,6.408366666666333,97.4,4.320480721081623,87.49030009425896,5.48125,4722.0,2517.0,0.008968030447193149
runtime_scalability,EDF,10027,2000.0,2000,1997,1950,6.381786666666341,97.5,4.545818728092138,98.94727818259751,5.695138888888889,5086.0,2444.0,0.011677304261645195
runtime_scalability,EDF,10028,2000.0,2000,1980,1933,6.046646666666398,96.65,4.217171717171717,89.20520326634825,5.310416666666667,4691.0,2301.0,0.012177982541222114
runtime_scalability,EDF,10029,2000.0,2000,1978,1936,6.274319999999723,96.8,4.226996966632963,83.81673306772907,5.355555555555555,4596.0,2457.0,0.009394232558139535
runtime_scalability,HPA,10000,2000.0,2000,1804,1090,7.176506666665889,54.5,76.4229490022173,99.90208694679123,18.929166666666667,26787.0,134.0,0.007282717282717283
runtime_scalability,HPA,10001,2000.0,2000,1868,1205,7.873346666665483,60.25,79.64882226980728,90.98885965438713,20.45,28796.0,5.0,0.015389553656220325
runtime_scalability,HPA,10002,2000.0,2000,1901,1213,7.877826666665104,60.65,83.35402419779064,99.91746299590983,20.483333333333334,28937.0,0.0,0.015164907135874877
runtime_scalability,HPA,10003,2000.0,2000,1891,1009,7.88565333333202,50.45,79.52617662612374,99.91560390097524,19.793055555555554,28047.0,135.0,0.01296189054726368
runtime_scalability,HPA,10004,2000.0,2000,1836,1148,7.536613333331989,57.4,82.39106753812636,99.907721975729,19.927777777777777,28158.0,28.0,0.012926857142857143
runtime_scalability,HPA,10005,2000.0,2000,1895,1289,8.139373333331966,64.45,74.92664907651715,99.88156618179104,20.676388888888887,29051.0,4.0,0.013227272727272726
runtime_scalability,HPA,10006,2000.0,2000,1889,1312,7.728106666665438,65.6,72.88988883006881,99.91611989263346,19.76597222222222,27969.0,1.0,0.010527317073170731
runtime_scalability,HPA,10007,2000.0,2000,1869,1215,7.844893333332003,60.75,80.27661851257356,99.88338566894373,20.365972222222222,28682.0,0.0,0.013761302681992337
runtime_scalability,HPA,10008,2000.0,2000,1885,1185,7.6294799999985905,59.25,81.22068965517241,99.89166071688636,20.102777777777778,28322.0,1.0,0.010691531874405328
runtime_scalability,HPA,10009,2000.0,2000,1891,1189,7.74054666666489,59.45,80.24748810153358,99.89848294335349,20.086805555555557,28500.0,0.0,0.009194637537239325
runtime_scalability,HPA,10010,2000.0,2000,1899,1259,8.016666666664886,62.95,80.52238020010532,97.24801039254152,20.62986111111111,28996.0,0.0,0.012502226524685382
runtime_scalability,HPA,10011,2000.0,2000,1831,876,7.249119999999337,43.8,76.74385581649372,99.8984801021,18.65,26309.0,372.0,0.008892596348884382
runtime_scalability,HPA,10012,2000.0,2000,1911,1267,8.118933333331476,63.35,81.85347985347985,99.9195163828874,20.688194444444445,29390.0,0.0,0.011457269155206288
runtime_scalability,HPA,10013,2000.0,2000,1890,956,7.656246666665212,47.8,82.05767195767196,99.9109906738006,19.3875,27287.0,291.0,0.013583067729083666
runtime_scalability,HPA,10014,2000.0,2000,1880,1299,7.489506666665582,64.95,73.2090425531915,99.91388054274395,19.481944444444444,27596.0,3.0,0.01134344023323615
runtime_scalability,HPA,10015,2000.0,2000,1893,1216,7.913533333331595,60.8,79.94558901215002,97.28029220161137,20.53611111111111,28923.0,0.0,0.011004257332071903
runtime_scalability,HPA,10016,2000.0,2000,1891,1267,7.871066666665374,63.35,80.35219460602856,99.91740391321905,20.185416666666665,28598.0,0.0,0.010941477272727273
runtime_scalability,HPA,10017,2000.0,2000,1900,1276,7.857026666665339,63.8,78.30421052631579,99.9172809323358,20.14375,28450.0,0.0,0.007387770460959548
runtime_scalability,HPA,10018,2000.0,2000,1852,1222,7.654019999998804,61.1,78.14794816414687,99.90916489167451,19.884027777777778,28117.0,10.0,0.012256660231660232
runtime_scalability,HPA,10019,2000.0,2000,1901,1049,7.707906666665068,52.45,79.95949500263019,99.91552944268203,19.928472222222222,28298.0,29.0,0.00995357833655706
runtime_scalability,HPA,10020,2000.0,2000,1877,1049,7.44723333333253,52.45,72.96057538625466,99.91235672759497,19.139583333333334,27215.0,75.0,0.012226415094339622
runtime_scalability,HPA,10021,2000.0,2000,1885,972,7.503173333332531,48.6,79.43819628647215,99.91144869927979,19.263194444444444,27254.0,167.0,0.013365831663326654
runtime_scalability,HPA,10022,2000.0,2000,1891,1234,7.947453333331889,61.7,79.61131676361714,99.91802532106749,20.56736111111111,29170.0,3.0,0.011907051909892262
runtime_scalability,HPA,10023,2000.0,2000,1871,1278,7.531613333332066,63.9,73.97701763762694,99.91421872319336,19.618055555555557,27723.0,7.0,0.007890944123314064
runtime_scalability,HPA,10024,2000.0,2000,1898,1239,7.824959999998761,61.95,79.25026343519494,99.91699867197875,20.220833333333335,28776.0,0.0,0.008067661212704524
runtime_scalability,HPA,10025,2000.0,2000,1897,973,7.780439999998565,48.65,82.2619926199262,99.91578238167425,19.877777777777776,28205.0,57.0,0.006858389261744966
runtime_scalability,HPA,10026,2000.0,2000,1896,1264,8.041453333331804,63.2,79.33755274261604,99.91886775443973,20.47222222222222,29015.0,0.0,0.006573644148430067
runtime_scalability,HPA,10027,2000.0,2000,1894,1225,8.053533333331552,61.25,85.32682154171067,99.91892914407192,20.727777777777778,29347.0,3.0,0.011585530227948464
runtime_scalability,HPA,10028,2000.0,2000,1868,1154,7.592933333331653,57.7,82.1659528907923,99.89116393922309,20.10625,28295.0,6.0,0.01045470417070805
runtime_scalability,HPA,10029,2000.0,2000,1869,1269,7.765066666665449,63.45,76.81059390048154,99.91643764391294,19.992361111111112,28187.0,2.0,0.010644558139534884
runtime_scalability,AMRP,10000,5000.0,5000,4661,3881,17.287339999993534,77.62,42.139455052563825,88.46174443245889,31.28472222222222,43562.0,18.0,0.057922894333843795
runtime_scalability,AMRP,10001,5000.0,5000,4828,4240,17.76413333332578,84.8,39.44159072079536,74.9565942809606,30.675,42514.0,6.0,0.06560985401459854
runtime_scalability,AMRP,10002,5000.0,5000,4833,3658,17.972079999993134,73.16,52.96668735774881,80.18910685360262,33.66319444444444,47131.0,35.0,0.09539134545454545
runtime_scalability,AMRP,10003,5000.0,5000,4881,4303,18.009333333326698,86.06,36.583077238270846,77.49156996137839,30.754166666666666,42749.0,0.0,0.05271854354354355
runtime_scalability,AMRP,10004,5000.0,5000,4698,3995,17.144199999993123,79.9,42.416347381864625,90.49720506031186,30.727083333333333,42799.0,21.0,0.061789933872152834
runtime_scalability,AMRP,10005,5000.0,5000,4854,4107,18.288559999991563,82.14,43.862793572311496,77.1890138476555,32.734027777777776,45489.0,4.0,0.06488027757487216
runtime_scalability,AMRP,10006,5000.0,5000,4845,4033,18.088366666659336,80.66,43.45696594427245,76.07817834007463,32.55486111111111,45291.0,2.0,0.04179733530717987
runtime_scalability,AMRP,10007,5000.0,5000,4805,3984,17.961266666659995,79.68,45.860145681581685,79.78605965470568,32.75347222222222,45781.0,3.0,0.07326273792093704
runtime_scalability,AMRP,10008,5000.0,5000,4832,4098,17.7568266666609,81.96,42.06684602649007,76.19457495684985,31.772916666666667,44196.0,1.0,0.056746676406135864
runtime_scalability,AMRP,10009,5000.0,5000,4834,4079,17.952653333327323,81.58,42.235829540753,77.2486927087255,31.972916666666666,44654.0,0.0,0.08782372754491018
runtime_scalability,AMRP,10010,5000.0,5000,4863,4212,17.935839999992485,84.24,40.52477894303927,78.99974905049393,31.470833333333335,43733.0,0.0,0.06813713450292398
runtime_scalability,AMRP,10011,5000.0,5000,4759,4104,17.644126666659492,82.08,39.2101281781887,83.12859849508166,30.89375,42951.0,11.0,0.09937872340425531
runtime_scalability,AMRP,10012,5000.0,5000,4829,3975,18.463466666658082,79.5,47.2930213294678,81.23604605869444,33.49305555555556,46751.0,0.0,0.06300164056674125
runtime_scalability,AMRP,10013,5000.0,5000,4831,4094,17.868666666660282,81.88,43.06002897950735,81.71329956561242,31.914583333333333,44804.0,2.0,0.06818920539730135
runtime_scalability,AMRP,10014,5000.0,5000,4838,4074,17.630159999992973,81.48,40.72467961967755,76.99778957598362,31.635416666666668,44029.0,2.0,0.07398505576208178
runtime_scalability,AMRP,10015,5000.0,5000,4878,4271,17.839119999993247,85.42,39.46289462894629,81.13303969940513,30.95,43052.0,0.0,0.0693475
runtime_scalability,AMRP,10016,5000.0,5000,4856,4141,17.873306666659616,82.82,41.73208401976936,79.77876957783262,31.60763888888889,44054.0,1.0,0.06830576642335767
runtime_scalability,AMRP,10017,5000.0,5000,4823,3943,18.38649333332559,78.86,46.957495334853824,83.01438813621996,33.68194444444445,46914.0,4.0,0.08244004408523145
runtime_scalability,AMRP,10018,5000.0,5000,4769,4089,17.607473333326613,81.78,40.97462780457119,79.67717671309758,31.25,43568.0,9.0,0.06808654970760233
runtime_scalability,AMRP,10019,5000.0,5000,4834,4008,18.087846666660266,80.16,46.301613570541996,75.54979748205201,32.90833333333333,46215.0,2.0,0.0702261287934863
runtime_scalability,AMRP,10020,5000.0,5000,4818,3945,18.006673333327402,78.9,44.89933582399336,87.8839018069432,33.0,45985.0,5.0,0.09323932584269663
runtime_scalability,AMRP,10021,5000.0,5000,4818,3993,17.89797999999282,79.86,43.33125778331258,81.66962101225296,32.290277777777774,44984.0,9.0,0.0854212030075188
runtime_scalability,AMRP,10022,5000.0,5000,4865,3591,17.653706666658973,71.82,44.995477903391574,78.9808767619038,30.261805555555554,42088.0,296.0,0.05456036900369003
runtime_scalability,AMRP,10023,5000.0,5000,4803,4141,17.556759999993897,82.82,39.66458463460337,77.91158786030367,31.09722222222222,43159.0,13.0,0.10249241531664212
runtime_scalability,AMRP,10024,5000.0,5000,4873,4216,18.048506666658835,84.32,40.149189411040425,78.35274070526754,31.586805555555557,43847.0,0.0,0.08188583025830258
runtime_scalability,AMRP,10025,5000.0,5000,4842,4073,18.042266666659334,81.46,42.80545229244114,81.83114203171982,32.330555555555556,45087.0,0.0,0.06830176860722181
runtime_scalability,AMRP,10026,5000.0,5000,4863,4222,17.970626666658916,84.44,39.62307217766811,74.89350177450024,31.405555555555555,43672.0,3.0,0.08435901398086829
runtime_scalability,AMRP,10027,5000.0,5000,4863,3807,18.046639999992383,76.14,49.01583384741929,80.0556055965892,31.89375,44534.0,118.0,0.07143706449221646
runtime_scalability,AMRP,10028,5000.0,5000,4805,3172,17.336519999993993,63.44,48.956295525494276,78.41494789438771,30.793055555555554,43048.0,240.0,0.07237514662756599
runtime_scalability,AMRP,10029,5000.0,5000,4808,4139,17.843506666660026,82.78,40.404118136439266,78.9202726809224,31.461111111111112,43738.0,10.0,0.06348576615831518
runtime_scalability,BADP,10000,5000.0,5000,4879,4879,12.982293333332136,97.58,3.8962902234064356,84.21052631578947,5.666666666666667,6.0,8081.0,0.020407656967840734
runtime_scalability,BADP,10001,5000.0,5000,4967,4967,13.885599999998732,99.34,2.4952687739077914,79.73718791064388,6.034722222222222,4.0,8672.0,0.014606569343065694
runtime_scalability,BADP,10002,5000.0,5000,4995,4995,13.328906666665462,99.9,2.914914914914915,82.793867120954,5.798611111111111,4.0,8318.0,0.013742836363636364
runtime_scalability,BADP,10003,5000.0,5000,4999,4999,13.850933333332078,99.98,3.3516703340668133,82.95796346562982,6.035416666666666,3.0,8633.0,0.016015315315315314
runtime_scalability,BADP,10004,5000.0,5000,4900,4900,13.11327999999882,98.0,3.303265306122449,87.40072977033697,5.7125,7.0,8175.0,0.01705077149155033
runtime_scalability,BADP,10005,5000.0,5000,4999,4999,13.607039999998758,99.98,3.6473294658931787,88.5987815491732,5.929166666666666,5.0,8481.0,0.012654419284149013
runtime_scalability,BADP,10006,5000.0,5000,4998,4998,13.647733333332095,99.96,2.832533013205282,82.76834062754989,5.935416666666667,4.0,8519.0,0.01593242042931162
runtime_scalability,BADP,10007,5000.0,5000,4979,4979,13.467199999998762,99.58,3.5197830889736896,85.98321342925658,5.870833333333334,7.0,8391.0,0.007599853587115665
runtime_scalability,BADP,10008,5000.0,5000,4985,4985,13.594773333332101,99.7,3.091073219658977,84.98906189679577,5.915972222222222,4.0,8482.0,0.025884149013878744
runtime_scalability,BADP,10009,5000.0,5000,4987,4987,13.641759999998767,99.74,3.5283737718066974,82.93292190140328,5.9430555555555555,5.0,8504.0,0.01568248502994012
runtime_scalability,BADP,10010,5000.0,5000,4999,4999,13.618293333332096,99.98,2.9095819163832766,84.97456044309912,5.925,7.0,8498.0,0.02392580409356725
runtime_scalability,BADP,10011,5000.0,5000,4933,4933,13.527306666665446,98.66,3.498682343401581,87.43780429083515,5.896527777777778,13.0,8429.0,0.014823024316109424
runtime_scalability,BADP,10012,5000.0,5000,4999,4999,13.554453333332107,99.98,3.5933186637327466,82.9391891891892,5.905555555555556,4.0,8449.0,0.05245540641312453
runtime_scalability,BADP,10013,5000.0,5000,4994,4994,13.830986666665412,99.88,3.141770124148979,85.05157941949125,6.024305555555555,11.0,8624.0,0.03154332833583209
runtime_scalability,BADP,10014,5000.0,5000,4988,4988,13.494079999998783,99.76,2.8943464314354452,85.93261131167267,5.877777777777778,4.0,8413.0,0.02998185873605948
runtime_scalability,BADP,10015,5000.0,5000,4998,4998,13.906186666665397,99.96,2.4059623849539817,79.75492341356674,6.045138888888889,6.0,8684.0,0.020025735294117646
runtime_scalability,BADP,10016,5000.0,5000,4996,4996,13.526826666665434,99.92,3.2794235388310646,84.102704179186,5.895138888888889,5.0,8430.0,0.02199795620437956
runtime_scalability,BADP,10017,5000.0,5000,4999,4999,13.6355733333321,99.98,3.164632926585317,81.59294846343207,5.939583333333333,1.0,8501.0,0.014821748714180748
runtime_scalability,BADP,10018,5000.0,5000,4940,4940,13.443733333332112,98.8,3.0558704453441297,82.86367660076719,5.852777777777778,3.0,8385.0,0.017564473684210526
runtime_scalability,BADP,10019,5000.0,5000,4999,4999,13.734666666665419,99.98,2.823964792958592,82.8320153721085,5.977083333333334,4.0,8569.0,0.0181700222057735
runtime_scalability,BADP,10020,5000.0,5000,4981,4981,13.470986666665434,99.62,3.351937361975507,85.9283779717123,5.867361111111111,3.0,8399.0,0.022120973782771537
runtime_scalability,BADP,10021,5000.0,5000,4983,4983,13.530239999998747,99.66,3.5017057997190446,88.5987815491732,5.895833333333333,9.0,8433.0,0.013606691729323309
runtime_scalability,BADP,10022,5000.0,5000,4988,4988,13.70058666666542,99.76,2.8315958299919806,82.81296241491566,5.961111111111111,11.0,8549.0,0.014463985239852399
runtime_scalability,BADP,10023,5000.0,5000,4960,4960,13.395519999998793,99.2,3.2379032258064515,84.02634829147796,5.832638888888889,0.0,8354.0,0.025821502209131077
runtime_scalability,BADP,10024,5000.0,5000,4998,4998,13.542453333332109,99.96,3.3081232492997197,82.84469389262242,5.894444444444445,4.0,8448.0,0.01341040590405904
runtime_scalability,BADP,10025,5000.0,5000,4996,4996,13.660426666665428,99.92,2.912329863891113,82.86999483813878,5.947916666666667,9.0,8520.0,0.01901665438467207
runtime_scalability,BADP,10026,5000.0,5000,4999,4999,13.40026666666546,99.98,3.7113422684536905,85.13728737975408,5.84375,11.0,8347.0,0.016092788815305372
runtime_scalability,BADP,10027,5000.0,5000,4999,4999,14.011146666665386,99.98,2.841968393678736,84.93575256666881,6.092361111111111,4.0,8747.0,0.021052038547071904
runtime_scalability,BADP,10028,5000.0,5000,4967,4967,13.429013333332124,99.34,3.3577612240789207,85.10407355382453,5.853472222222222,10.0,8368.0,0.01341590909090909
runtime_scalability,BADP,10029,5000.0,5000,4960,4960,13.307626666665469,99.2,3.7098790322580646,84.102704179186,5.8,3.0,8293.0,0.015884313725490196
runtime_scalability,BADP_PLUS,10000,5000.0,5000,4879,4879,12.960853333332162,97.58,4.015372002459521,90.31522358882462,5.636111111111111,0.0,8091.0,0.10013315467075039
runtime_scalability,BADP_PLUS,10001,5000.0,5000,4967,4967,13.884639999998733,99.34,2.4988926917656533,79.68379446640316,6.031944444444444,0.0,8674.0,0.09538131386861315
runtime_scalability,BADP_PLUS,10002,5000.0,5000,4995,4995,13.321226666665462,99.9,2.942142142142142,82.67839832972933,5.788194444444445,0.0,8321.0,0.09875381818181818
runtime_scalability,BADP_PLUS,10003,5000.0,5000,4999,4999,13.928506666665397,99.98,3.193238647729546,90.12163426551615,6.05625,0.0,8696.0,0.1057638888888889
runtime_scalability,BADP_PLUS,10004,5000.0,5000,4900,4900,13.233706666665471,98.0,3.045714285714286,85.78723404255318,5.751388888888889,0.0,8265.0,0.12306987509184422
runtime_scalability,BADP_PLUS,10005,5000.0,5000,4999,4999,13.60650666666543,99.98,3.513102620524105,85.78723404255318,5.913194444444445,0.0,8498.0,0.07491643535427318
runtime_scalability,BADP_PLUS,10006,5000.0,5000,4998,4998,13.645466666665426,99.96,2.8247298919567827,84.39101168748535,5.929861111111111,0.0,8523.0,0.08668726868985936
runtime_scalability,BADP_PLUS,10007,5000.0,5000,4979,4979,13.45109333333211,99.58,3.565977103836112,87.29162156310889,5.846527777777778,0.0,8400.0,0.06570937042459736
runtime_scalability,BADP_PLUS,10008,5000.0,5000,4985,4985,13.593279999998767,99.7,3.1077231695085255,88.49868305531169,5.909027777777778,0.0,8488.0,0.1046463842220599
runtime_scalability,BADP_PLUS,10009,5000.0,5000,4987,4987,13.632026666665428,99.74,3.6039703228393822,88.76407168527024,5.926388888888889,0.0,8512.0,0.12017417664670657
runtime_scalability,BADP_PLUS,10010,5000.0,5000,4999,4999,13.610399999998762,99.98,2.933386677335467,86.58306132966842,5.915277777777778,0.0,8500.0,0.1267921052631579
runtime_scalability,BADP_PLUS,10011,5000.0,5000,4933,4933,13.411493333332114,98.66,3.8621528481654166,90.85086390396378,5.833333333333333,0.0,8372.0,0.10281762917933131
runtime_scalability,BADP_PLUS,10012,5000.0,5000,4999,4999,13.53631999999877,99.98,3.6729345869173833,83.8602329450915,5.881944444444445,0.0,8455.0,0.09577770320656227
runtime_scalability,BADP_PLUS,10013,5000.0,5000,4994,4994,13.804479999998744,99.88,3.1976371645975172,88.49868305531169,6.001388888888889,0.0,8620.0,0.10635727136431783
runtime_scalability,BADP_PLUS,10014,5000.0,5000,4988,4988,13.48015999999878,99.76,2.94887730553328,89.91971454058876,5.861111111111111,0.0,8416.0,0.1235997026022305
runtime_scalability,BADP_PLUS,10015,5000.0,5000,4998,4998,13.903626666665398,99.96,2.41296518607443,82.67839832972933,6.040972222222222,0.0,8685.0,0.11499735294117647
runtime_scalability,BADP_PLUS,10016,5000.0,5000,4996,4996,13.517519999998775,99.92,3.322257806244996,89.2582249165588,5.877083333333333,0.0,8440.0,0.11683927007299269
runtime_scalability,BADP_PLUS,10017,5000.0,5000,4999,4999,13.624879999998761,99.98,3.1288257651530307,82.01790073230266,5.920138888888889,0.0,8511.0,0.0919714180749449
runtime_scalability,BADP_PLUS,10018,5000.0,5000,4940,4940,13.437813333332114,98.8,3.087651821862348,84.88695990153526,5.839583333333334,0.0,8393.0,0.11504956140350878
runtime_scalability,BADP_PLUS,10019,5000.0,5000,4999,4999,13.636693333332094,99.98,3.0736147229445887,87.29162156310889,5.927083333333333,0.0,8516.0,0.14590236861584013
runtime_scalability,BADP_PLUS,10020,5000.0,5000,4981,4981,13.453733333332112,99.62,3.3792411162417184,88.21984946612987,5.848611111111111,0.0,8401.0,0.09972576779026218
runtime_scalability,BADP_PLUS,10021,5000.0,5000,4983,4983,13.523146666665431,99.66,3.559702990166566,90.6793914029804,5.8805555555555555,0.0,8442.0,0.1012266165413534
runtime_scalability,BADP_PLUS,10022,5000.0,5000,4988,4988,13.692213333332088,99.76,2.8434242181234963,84.88695990153526,5.95,0.0,8552.0,0.11069328413284132
runtime_scalability,BADP_PLUS,10023,5000.0,5000,4960,4960,13.335199999998794,99.2,3.1756048387096776,86.58306132966842,5.795833333333333,0.0,8328.0,0.12675699558173784
runtime_scalability,BADP_PLUS,10024,5000.0,5000,4998,4998,13.543626666665437,99.96,3.194077631052421,82.67839832972933,5.884722222222222,0.0,8460.0,0.10196856088560885
runtime_scalability,BADP_PLUS,10025,5000.0,5000,4996,4996,13.640319999998761,99.92,2.932746196957566,83.8602329450915,5.927083333333333,0.0,8520.0,0.09746551215917466
runtime_scalability,BADP_PLUS,10026,5000.0,5000,4999,4999,13.384933333332121,99.98,3.8385677135427088,88.21984946612987,5.81875,0.0,8358.0,0.12420838852097131
runtime_scalability,BADP_PLUS,10027,5000.0,5000,4999,4999,14.011093333332052,99.98,2.847369473894779,87.29162156310889,6.089583333333334,0.0,8750.0,0.10470252038547072
runtime_scalability,BADP_PLUS,10028,5000.0,5000,4967,4967,13.419013333332119,99.34,3.241191866317697,89.70891488853675,5.834722222222222,0.0,8378.0,0.11304142228739003
runtime_scalability,BADP_PLUS,10029,5000.0,5000,4960,4960,13.634133333332095,99.2,2.81875,81.30343603807064,5.923611111111111,0.0,8517.0,0.09902033405954974
runtime_scalability,CDASCALER,10000,5000.0,5000,4724,3405,15.981379999995326,68.1,45.39225232853514,99.93181973136974,25.034027777777776,32053.0,3821.0,0.0276749617151608
runtime_scalability,CDASCALER,10001,5000.0,5000,4811,3063,16.759306666661075,61.26,50.98420286842652,99.93817662252019,26.292361111111113,34277.0,3572.0,0.09727109489051096
runtime_scalability,CDASCALER,10002,5000.0,5000,4859,2989,16.60869333332742,59.78,52.16381971599095,99.93828515003565,26.239583333333332,34311.0,3464.0,0.12457912727272727
runtime_scalability,CDASCALER,10003,5000.0,5000,4847,3337,16.932133333327744,66.74,48.16958943676501,99.93159137995544,25.9125,33321.0,3893.0,0.023233633633633632
runtime_scalability,CDASCALER,10004,5000.0,5000,4732,4159,17.137786666659025,83.18,38.22295012679628,77.18976591114178,29.835416666666667,41376.0,21.0,0.08849103600293902
runtime_scalability,CDASCALER,10005,5000.0,5000,4885,4359,17.971706666658974,87.18,36.27471852610031,53.77685083624892,30.73263888888889,42592.0,4.0,0.15401884587289993
runtime_scalability,CDASCALER,10006,5000.0,5000,4885,2552,17.250446666660228,51.04,55.14636642784033,99.9260449368113,27.854166666666668,37775.0,2181.0,0.021451739452257586
runtime_scalability,CDASCALER,10007,5000.0,5000,4840,4291,17.62413333332584,85.82,36.3754132231405,68.01142518844982,30.352777777777778,42108.0,3.0,0.06972803806734994
runtime_scalability,CDASCALER,10008,5000.0,5000,4860,4291,17.56199999999309,85.82,36.672222222222224,74.10852034251143,30.281944444444445,42005.0,1.0,0.0757
runtime_scalability,CDASCALER,10009,5000.0,5000,4865,4301,17.736159999993472,86.02,36.66803699897225,99.8921602819435,30.397916666666667,42446.0,0.0,0.041486377245508986
runtime_scalability,CDASCALER,10010,5000.0,5000,4885,4347,17.835999999992666,86.94,36.756601842374614,49.62021756849017,30.614583333333332,42438.0,0.0,0.1592686403508772
runtime_scalability,CDASCALER,10011,5000.0,5000,4732,2676,16.734553333326435,53.52,52.86158072696534,99.89876926384383,27.281944444444445,36924.0,2197.0,0.028058282674772037
runtime_scalability,CDASCALER,10012,5000.0,5000,4881,4342,18.033599999992582,86.84,37.00635115754968,50.29065199127213,30.8125,42702.0,0.0,0.11797464578672633
runtime_scalability,CDASCALER,10013,5000.0,5000,4841,2962,16.819599999993386,59.24,49.870274736624665,99.93134252566236,26.38125,34558.0,3307.0,0.023116416791604196
runtime_scalability,CDASCALER,10014,5000.0,5000,4864,2353,16.945106666659964,47.06,54.160978618421055,99.9262358698929,27.739583333333332,37883.0,1964.0,0.02997159851301115
runtime_scalability,CDASCALER,10015,5000.0,5000,4884,4324,17.795093333326314,86.48,36.106265356265354,44.93921739842279,30.573611111111113,42400.0,0.0,0.21960992647058825
runtime_scalability,CDASCALER,10016,5000.0,5000,4881,4312,17.76306666665909,86.24,36.84429420200779,93.01584094744061,30.40138888888889,42111.0,1.0,0.0377336496350365
runtime_scalability,CDASCALER,10017,5000.0,5000,4867,3240,16.950413333328118,64.8,49.59009656872817,99.93621454591845,26.023611111111112,33514.0,3934.0,0.03449000734753858
runtime_scalability,CDASCALER,10018,5000.0,5000,4784,2892,16.553406666660777,57.84,52.302048494983275,99.92995745906808,26.122222222222224,34283.0,3306.0,0.022186549707602338
runtime_scalability,CDASCALER,10019,5000.0,5000,4890,3091,17.282993333325564,61.82,49.69693251533742,99.92841965302163,28.645138888888887,39601.0,1348.0,0.027914063656550702
runtime_scalability,CDASCALER,10020,5000.0,5000,4830,3577,16.4006333333285,71.54,43.66459627329193,99.93160002735999,25.207638888888887,32042.0,4106.0,0.027960973782771535
runtime_scalability,CDASCALER,10021,5000.0,5000,4830,3342,16.444786666662125,66.84,47.03871635610766,99.93330863282698,25.37361111111111,32521.0,3951.0,0.027899624060150372
runtime_scalability,CDASCALER,10022,5000.0,5000,4844,2978,16.77605333332749,59.56,50.23761354252684,99.9384067889406,26.32638888888889,34346.0,3553.0,0.10819675276752766
runtime_scalability,CDASCALER,10023,5000.0,5000,4831,3002,17.15594666665919,60.04,47.435520596149864,99.92359413202934,29.197916666666668,40944.0,527.0,0.02777098674521355
runtime_scalability,CDASCALER,10024,5000.0,5000,4892,4335,17.90134666665921,86.7,36.31623058053966,87.16036733204884,30.582638888888887,42421.0,0.0,0.05498509225092251
runtime_scalability,CDASCALER,10025,5000.0,5000,4882,3020,17.148373333326955,60.4,51.810118803768944,99.93117734132429,27.521527777777777,37075.0,2448.0,0.022607221812822403
runtime_scalability,CDASCALER,10026,5000.0,5000,4870,3223,16.91262666666088,64.46,49.42956878850103,99.9367719998314,26.114583333333332,33752.0,3843.0,0.039416261957321556
runtime_scalability,CDASCALER,10027,5000.0,5000,4869,3037,17.03621333332737,60.74,52.79687820907784,99.93902769497588,26.5125,34522.0,3635.0,0.18719362490733876
runtime_scalability,CDASCALER,10028,5000.0,5000,4807,2938,16.427839999993317,58.76,51.27605575202829,99.93733288770053,26.0,33953.0,3471.0,0.0804025659824047
runtime_scalability,CDASCALER,10029,5000.0,5000,4797,2987,17.214453333326002,59.74,47.904940587867415,99.93097340055509,29.479166666666668,41795.0,356.0,0.022224546114742193
runtime_scalability,CEDULE,10000,5000.0,5000,4877,4877,12.564853333332207,97.54,21.575558745130202,56.98134539287732,5.45625,2.0,7850.0,0.013740505359877489
runtime_scalability,CEDULE,10001,5000.0,5000,4967,4967,12.871093333332178,99.34,22.45198308838333,8.88497135301895,5.586805555555555,0.0,8044.0,0.014063065693430658
runtime_scalability,CEDULE,10002,5000.0,5000,4995,4995,12.542666666665548,99.9,21.792792792792792,17.870655521337437,5.445833333333334,3.0,7837.0,0.011926836363636364
runtime_scalability,CEDULE,10003,5000.0,5000,4999,4999,13.021066666665496,99.98,22.59291858371674,44.34667839859216,5.654166666666667,0.0,8136.0,0.01245780780780781
runtime_scalability,CEDULE,10004,5000.0,5000,4900,4900,12.452373333332222,98.0,21.463061224489795,35.492957746478865,5.40625,0.0,7781.0,0.011760323291697282
runtime_scalability,CEDULE,10005,5000.0,5000,4999,4999,12.951573333332169,99.98,22.658331666333268,35.492957746478865,5.622916666666667,0.0,8093.0,0.00837027027027027
runtime_scalability,CEDULE,10006,5000.0,5000,4998,4998,12.844239999998848,99.96,22.484593837535012,13.324520819563778,5.575694444444444,0.0,8027.0,0.010371650629163582
runtime_scalability,CEDULE,10007,5000.0,5000,4979,4979,12.818986666665516,99.58,22.087768628238603,17.76211453744493,5.564583333333333,0.0,8011.0,0.008440336749633967
runtime_scalability,CEDULE,10008,5000.0,5000,4985,4985,12.657866666665536,99.7,22.175125376128385,44.346678398592154,5.495833333333334,0.0,7909.0,0.014755807158509862
runtime_scalability,CEDULE,10009,5000.0,5000,4987,4987,12.929599999998837,99.74,22.628634449568878,0.0,5.611805555555556,0.0,8081.0,0.012192514970059881
runtime_scalability,CEDULE,10010,5000.0,5000,4999,4999,12.864133333332179,99.98,22.454090818163632,22.197753798722744,5.584722222222222,0.0,8039.0,0.016705847953216373
runtime_scalability,CEDULE,10011,5000.0,5000,4933,4933,12.78426666666552,98.66,21.854246908574904,44.346678398592154,5.550694444444445,0.0,7988.0,0.012755471124620062
runtime_scalability,CEDULE,10012,5000.0,5000,4999,4999,13.02629333333216,99.98,22.534106821364272,8.88497135301895,5.654166666666667,0.0,8141.0,0.009940715883668905
runtime_scalability,CEDULE,10013,5000.0,5000,4994,4994,12.903839999998842,99.88,22.158590308370044,57.01605745178729,5.604166666666667,2.0,8061.0,0.01913943028485757
runtime_scalability,CEDULE,10014,5000.0,5000,4988,4988,12.567066666665546,99.76,21.931234963913393,69.19946819225656,5.460416666666666,1.0,7849.0,0.013317695167286245
runtime_scalability,CEDULE,10015,5000.0,5000,4998,4998,12.837279999998849,99.96,22.313525410164065,26.63143989431968,5.572916666666667,0.0,8022.0,0.014894338235294118
runtime_scalability,CEDULE,10016,5000.0,5000,4996,4996,12.818426666665516,99.92,22.68214571657326,31.063174114021564,5.565277777777778,0.0,8010.0,0.013401240875912409
runtime_scalability,CEDULE,10017,5000.0,5000,4999,4999,12.941839999998836,99.98,22.488897779555913,13.324520819563778,5.618055555555555,0.0,8088.0,0.012091697281410728
runtime_scalability,CEDULE,10018,5000.0,5000,4940,4940,12.736959999998858,98.8,22.095546558704452,44.3711521547933,5.530555555555556,1.0,7958.0,0.017033552631578946
runtime_scalability,CEDULE,10019,5000.0,5000,4999,4999,12.776399999998855,99.98,22.369673934786956,57.63128982641178,5.548611111111111,0.0,7982.0,0.02013782383419689
runtime_scalability,CEDULE,10020,5000.0,5000,4981,4981,12.803386666665517,99.62,22.15197751455531,63.96090573357704,5.561111111111111,0.0,7998.0,0.017210561797752807
runtime_scalability,CEDULE,10021,5000.0,5000,4983,4983,12.869333333332174,99.66,22.43247039935782,60.22676413546173,5.589583333333334,2.0,8039.0,0.01710075187969925
runtime_scalability,CEDULE,10022,5000.0,5000,4988,4988,12.845893333332182,99.76,22.123496391339213,61.05484040192081,5.579166666666667,1.0,8025.0,0.012449151291512915
runtime_scalability,CEDULE,10023,5000.0,5000,4960,4960,12.614879999998871,99.2,22.010483870967743,26.63143989431968,5.476388888888889,0.0,7883.0,0.01674705449189985
runtime_scalability,CEDULE,10024,5000.0,5000,4998,4998,12.924799999998838,99.96,22.43297318927571,0.0,5.6097222222222225,0.0,8078.0,0.014353136531365314
runtime_scalability,CEDULE,10025,5000.0,5000,4996,4996,12.862399999998845,99.92,22.355084067253802,0.0,5.582638888888889,0.0,8039.0,0.015570670596904937
runtime_scalability,CEDULE,10026,5000.0,5000,4999,4999,12.90927999999884,99.98,22.501500300060012,17.798326728313516,5.604166666666667,1.0,8067.0,0.013988005886681382
runtime_scalability,CEDULE,10027,5000.0,5000,4999,4999,12.929173333332171,99.98,22.9123824764953,35.492957746478865,5.613194444444445,0.0,8079.0,0.014730763528539659
runtime_scalability,CEDULE,10028,5000.0,5000,4967,4967,12.55783999999888,99.34,21.928125629152404,13.324520819563778,5.451388888888889,0.0,7848.0,0.015028299120234604
runtime_scalability,CEDULE,10029,5000.0,5000,4960,4960,12.886399999998842,99.2,22.07540322580645,0.0,5.593055555555556,0.0,8054.0,0.010423747276688454
runtime_scalability,CEMA,10000,5000.0,5000,4688,3082,15.05144666666208,61.64,50.52111774744027,99.90378568470429,24.617361111111112,32294.0,3145.0,0.02213728943338438
runtime_scalability,CEMA,10001,5000.0,5000,4813,2963,15.821786666660827,59.26,56.30022854768336,99.93754337265787,25.760416666666668,34028.0,3066.0,0.019876715328467156
runtime_scalability,CEMA,10002,5000.0,5000,4858,2940,15.652039999993704,58.8,57.076574722107864,99.93771022798056,25.699305555555554,34068.0,2939.0,0.02259003636363636
runtime_scalability,CEMA,10003,5000.0,5000,4848,3042,16.04733333332652,60.84,53.03465346534654,99.9290635857956,25.57986111111111,33738.0,3093.0,0.01621403903903904
runtime_scalability,CEMA,10004,5000.0,5000,4745,2916,15.346566666660733,58.32,55.0031612223393,99.9225266637399,25.367361111111112,33662.0,2866.0,0.0228121969140338
runtime_scalability,CEMA,10005,5000.0,5000,4874,3012,16.16451999999371,60.24,55.00574476815757,99.93412331577518,26.009722222222223,34339.0,3115.0,0.011557779401022645
runtime_scalability,CEMA,10006,5000.0,5000,4861,3232,15.662646666660894,64.64,51.59349927998354,99.93295240365633,24.90972222222222,32357.0,3501.0,0.011866913397483345
runtime_scalability,CEMA,10007,5000.0,5000,4815,2832,15.938439999993184,56.64,54.965316718587744,99.93272045475896,26.22222222222222,35173.0,2585.0,0.03017957540263543
runtime_scalability,CEMA,10008,5000.0,5000,4823,2701,15.911553333326088,54.02,56.23450134770889,99.93008854224799,26.37361111111111,35621.0,2357.0,0.022168955441928415
runtime_scalability,CEMA,10009,5000.0,5000,4830,2834,16.165193333325618,56.68,54.18178053830228,99.9297187393268,26.386805555555554,35418.0,2562.0,0.0212748502994012
runtime_scalability,CEMA,10010,5000.0,5000,4861,3003,15.97477333332651,60.06,55.867722690804364,99.93742003671358,25.788888888888888,33957.0,3177.0,0.020946491228070175
runtime_scalability,CEMA,10011,5000.0,5000,4754,3143,15.495473333328338,62.86,50.827724021876314,99.91072106729634,25.178472222222222,33225.0,3018.0,0.024766717325227967
runtime_scalability,CEMA,10012,5000.0,5000,4868,3233,16.064279999993143,64.66,54.25534100246508,99.93698273326892,25.777083333333334,33829.0,3287.0,0.013781133482475763
runtime_scalability,CEMA,10013,5000.0,5000,4843,3194,16.462773333326183,63.88,52.3572166012802,99.9266862170088,27.624305555555555,37665.0,2104.0,0.014396851574212895
runtime_scalability,CEMA,10014,5000.0,5000,4829,3162,15.561153333328226,63.24,52.649409815696835,99.93067237888535,25.739583333333332,33918.0,3139.0,0.017172044609665427
runtime_scalability,CEMA,10015,5000.0,5000,4853,3047,15.906479999993119,60.94,54.68637955903565,99.9377024669823,25.806944444444444,34062.0,3099.0,0.019238308823529414
runtime_scalability,CEMA,10016,5000.0,5000,4855,3031,15.862459999993675,60.62,55.09207003089598,99.93236238851871,25.55,33655.0,3136.0,0.020067883211678832
runtime_scalability,CEMA,10017,5000.0,5000,4870,3054,15.99939333332694,61.08,54.06036960985626,99.93287202256596,25.634027777777778,33750.0,3162.0,0.020465540044085233
runtime_scalability,CEMA,10018,5000.0,5000,4785,3034,15.494106666661038,60.68,52.960710553814,99.92978373390041,25.038194444444443,32859.0,3194.0,0.023032309941520467
runtime_scalability,CEMA,10019,5000.0,5000,4865,2804,16.147533333325725,56.08,54.49373072970195,99.92967842065136,26.261111111111113,35247.0,2556.0,0.022404441154700222
runtime_scalability,CEMA,10020,5000.0,5000,4820,3351,15.4673399999948,67.02,48.95892116182573,99.92335868281053,24.82777777777778,32413.0,3333.0,0.025698426966292136
runtime_scalability,CEMA,10021,5000.0,5000,4810,3000,15.644999999994615,60.0,53.24116424116424,99.91828817750489,25.289583333333333,33390.0,3023.0,0.017759548872180453
runtime_scalability,CEMA,10022,5000.0,5000,4836,2912,16.04643999999335,58.24,55.53908188585608,99.9366183154959,26.293055555555554,35134.0,2724.0,0.01872
runtime_scalability,CEMA,10023,5000.0,5000,4800,2974,15.530306666660264,59.48,53.79770833333333,99.92277699350514,25.238888888888887,33384.0,2955.0,0.02360235640648012
runtime_scalability,CEMA,10024,5000.0,5000,4878,2976,16.061986666660484,59.52,55.50061500615006,99.93379398308909,25.821527777777778,34091.0,3091.0,0.024685830258302583
runtime_scalability,CEMA,10025,5000.0,5000,4871,2915,16.048773333326242,58.3,53.766167111476086,99.92943757755211,25.705555555555556,33964.0,3051.0,0.022688577745025792
runtime_scalability,CEMA,10026,5000.0,5000,4873,3148,15.942239999993452,62.96,53.70695670018469,99.93621364177581,25.527083333333334,33452.0,3304.0,0.016920897718910963
runtime_scalability,CEMA,10027,5000.0,5000,4877,2706,16.39095999999335,54.12,61.98154603239696,99.93624649355716,27.059722222222224,36274.0,2692.0,0.018391475166790214
runtime_scalability,CEMA,10028,5000.0,5000,4814,2894,15.487299999993438,57.88,55.30099709181554,99.93184590498205,25.40486111111111,33621.0,2961.0,0.02183130498533724
runtime_scalability,CEMA,10029,5000.0,5000,4804,3124,15.624933333327705,62.48,52.56661115736886,99.9344615653491,25.068055555555556,32782.0,3310.0,0.02046252723311547
runtime_scalability,EDF,10000,5000.0,5000,4836,4638,14.738473333329955,92.76,5.755996691480562,99.8780720663104,13.784722222222221,13336.0,5660.0,0.02645811638591118
runtime_scalability,EDF,10001,5000.0,5000,4960,4858,15.291886666663544,97.16,4.690927419354839,99.89207986090292,13.249305555555555,11947.0,6023.0,0.03940802919708029
runtime_scalability,EDF,10002,5000.0,5000,4994,4877,14.89905333333021,97.54,4.81657989587505,99.89230585138208,13.419444444444444,12454.0,5768.0,0.033018763636363635
runtime_scalability,EDF,10003,5000.0,5000,4996,4671,15.463393333329732,93.42,8.785628502802242,99.85921106640677,14.63263888888889,14416.0,5752.0,0.02186876876876877
runtime_scalability,EDF,10004,5000.0,5000,4878,4784,14.744273333330353,95.68,4.555350553505535,99.87429826413019,12.768055555555556,11537.0,5805.0,0.02948927259368112
runtime_scalability,EDF,10005,5000.0,5000,4994,4857,15.366533333329953,97.14,5.122346816179415,99.89486472594739,14.036111111111111,13271.0,5950.0,0.021573776479181885
runtime_scalability,EDF,10006,5000.0,5000,4994,4880,15.228959999996691,97.6,4.731477773327994,99.41905572901882,13.356944444444444,12255.0,5921.0,0.027511843079200595
runtime_scalability,EDF,10007,5000.0,5000,4964,4825,15.192119999996574,96.5,5.104955680902498,99.89477376359173,14.080555555555556,13428.0,5845.0,0.04098228404099561
runtime_scalability,EDF,10008,5000.0,5000,4975,4796,15.028526666663462,95.92,5.61608040201005,99.89232775431586,13.495138888888889,12596.0,5848.0,0.023628707085463843
runtime_scalability,EDF,10009,5000.0,5000,4981,4675,15.271553333329928,93.5,8.789801244729974,99.86970851017021,14.521527777777777,14253.0,5805.0,0.025400299401197608
runtime_scalability,EDF,10010,5000.0,5000,4997,4881,15.271753333330102,97.62,4.89453672203322,99.8937363480725,13.695833333333333,12728.0,5940.0,0.03294115497076023
runtime_scalability,EDF,10011,5000.0,5000,4903,4526,15.143673333329334,90.52,9.800326330817867,99.86056070762409,14.850694444444445,14970.0,5611.0,0.034362234042553196
runtime_scalability,EDF,10012,5000.0,5000,4994,4863,15.460546666663356,97.26,5.111734080897077,99.8954679551209,14.206944444444444,13460.0,5982.0,0.023689858314690528
runtime_scalability,EDF,10013,5000.0,5000,4986,4647,15.251759999996644,92.94,9.510028078620136,99.83740410760322,14.129166666666666,13673.0,5815.0,0.04032518740629685
runtime_scalability,EDF,10014,5000.0,5000,4985,4841,14.896219999996724,96.82,4.863590772316951,99.88927846466137,13.127777777777778,12075.0,5890.0,0.020106840148698887
runtime_scalability,EDF,10015,5000.0,5000,4995,4877,15.220699999996777,97.54,4.910310310310311,99.89294508082646,13.621527777777779,12616.0,5942.0,0.026982867647058824
runtime_scalability,EDF,10016,5000.0,5000,4991,4886,15.19765333333015,97.72,4.593868964135444,99.16529922779922,13.0875,11800.0,5992.0,0.02330773722627737
runtime_scalability,EDF,10017,5000.0,5000,4993,4873,15.304739999996688,97.46,4.73943520929301,99.89368111422192,13.42013888888889,12321.0,5963.0,0.0318765613519471
runtime_scalability,EDF,10018,5000.0,5000,4916,4810,15.034879999996825,96.2,4.570992676973149,99.88944575471699,12.902777777777779,11543.0,5970.0,0.02337171052631579
runtime_scalability,EDF,10019,5000.0,5000,4995,4637,15.191033333329894,92.74,8.91031031031031,99.87263832834674,14.604166666666666,14541.0,5638.0,0.03219119170984456
runtime_scalability,EDF,10020,5000.0,5000,4972,4632,15.16937333332952,92.64,8.625301689460981,99.8905502419063,14.733333333333333,14677.0,5701.0,0.0331574531835206
runtime_scalability,EDF,10021,5000.0,5000,4969,4686,15.17617333332945,93.72,8.330046286979272,99.84966369975577,13.993055555555555,13418.0,5819.0,0.028331804511278195
runtime_scalability,EDF,10022,5000.0,5000,4980,4839,15.22004666666346,96.78,5.440562248995984,99.89441948312471,14.234722222222222,13655.0,5878.0,0.02071328413284133
runtime_scalability,EDF,10023,5000.0,5000,4943,4819,14.931153333330117,96.38,4.771596196641716,99.89178139842481,13.172916666666667,12132.0,5810.0,0.02345338733431517
runtime_scalability,EDF,10024,5000.0,5000,4994,4873,15.269046666663304,97.46,4.9367240688826595,99.89355788676924,13.597222222222221,12598.0,5946.0,0.028368265682656827
runtime_scalability,EDF,10025,5000.0,5000,4995,4802,15.209113333329723,96.04,5.827827827827828,99.89593330481135,14.252083333333333,13822.0,5804.0,0.025205158437730288
runtime_scalability,EDF,10026,5000.0,5000,4994,4897,15.250033333330185,97.94,4.4677613135762915,98.18816767512641,12.85763888888889,11361.0,6047.0,0.030269683590875642
runtime_scalability,EDF,10027,5000.0,5000,4997,4831,15.31029999999675,96.62,5.832699619771863,99.88934280920216,14.219444444444445,13626.0,5842.0,0.026732913269088214
runtime_scalability,EDF,10028,5000.0,5000,4954,4827,14.92803999999687,96.54,4.71719822365765,99.89178269966092,13.104166666666666,11993.0,5808.0,0.02687353372434018
runtime_scalability,EDF,10029,5000.0,5000,4949,4851,15.183599999996865,97.02,4.429379672661144,98.41633612457763,12.702777777777778,11138.0,6048.0,0.021479665940450254
runtime_scalability,HPA,10000,5000.0,5000,4713,3385,15.61115333332874,67.7,46.15934648843624,99.9143498792914,24.886805555555554,32085.0,3583.0,0.024019218989280243
runtime_scalability,HPA,10001,5000.0,5000,4810,3052,16.63231999999435,61.04,53.02245322245322,99.93801652892562,26.204166666666666,34207.0,3513.0,0.028595474452554746
runtime_scalability,HPA,10002,5000.0,5000,4859,2998,16.52133333332733,59.96,54.33072648693147,99.93816302973671,26.17013888888889,34248.0,3425.0,0.0334352
runtime_scalability,HPA,10003,5000.0,5000,4854,3010,16.78037333332702,60.2,51.592913061392665,99.9284523618252,26.475694444444443,34920.0,3102.0,0.020250975975975975
runtime_scalability,HPA,10004,5000.0,5000,4760,4183,17.0655866666589,83.66,38.544117647058826,99.90644440727978,29.726388888888888,41485.0,49.0,0.02975128581925055
runtime_scalability,HPA,10005,5000.0,5000,4883,4349,17.899946666658916,86.98,36.990989146016794,99.91032656999923,30.625,42633.0,4.0,0.029677940102264426
runtime_scalability,HPA,10006,5000.0,5000,4861,3334,16.444073333327726,66.68,48.27196050195433,99.93372167522148,25.474305555555556,32722.0,3905.0,0.012506069578090305
runtime_scalability,HPA,10007,5000.0,5000,4845,4007,17.42065333332578,80.14,41.00536635706914,99.9217841950248,30.095833333333335,42428.0,38.0,0.0233595168374817
runtime_scalability,HPA,10008,5000.0,5000,4858,3563,17.42178666665954,71.26,43.19720049403047,99.92356604752302,29.92361111111111,41830.0,218.0,0.029911760409057703
runtime_scalability,HPA,10009,5000.0,5000,4838,2933,16.892839999992578,58.66,51.0549813972716,99.93118416177016,27.95625,38184.0,1745.0,0.0324312874251497
runtime_scalability,HPA,10010,5000.0,5000,4886,4348,17.866506666659355,86.96,37.23884568153909,99.90507540621451,30.604861111111113,42358.0,0.0,0.0269765350877193
runtime_scalability,HPA,10011,5000.0,5000,4781,3459,15.830259999995393,69.18,45.75569964442585,99.92824707606835,25.125,32449.0,3566.0,0.01769627659574468
runtime_scalability,HPA,10012,5000.0,5000,4878,4328,18.038799999992598,86.56,37.79540795407954,99.90580989478732,30.769444444444446,42675.0,0.0,0.02862319164802386
runtime_scalability,HPA,10013,5000.0,5000,4840,2716,16.503599999992694,54.32,52.02768595041322,99.92957850884346,26.530555555555555,35303.0,2791.0,0.026969340329835084
runtime_scalability,HPA,10014,5000.0,5000,4834,3421,16.07917333332763,68.42,45.898634671079854,99.93297387470582,25.243055555555557,32500.0,3759.0,0.017551375464684014
runtime_scalability,HPA,10015,5000.0,5000,4883,4321,17.806879999992997,86.42,37.72066352652058,99.89489931814974,30.568055555555556,42382.0,0.0,0.032442132352941175
runtime_scalability,HPA,10016,5000.0,5000,4879,2733,17.399306666659704,54.66,52.45439639270342,99.93275161948841,29.3875,41301.0,709.0,0.021085912408759122
runtime_scalability,HPA,10017,5000.0,5000,4867,3240,16.833213333328022,64.8,49.9560304088761,99.93618741048512,25.958333333333332,33493.0,3864.0,0.02919155033063924
runtime_scalability,HPA,10018,5000.0,5000,4786,3120,16.268699999994276,62.4,50.04283326368575,99.92089233446721,25.55763888888889,33171.0,3607.0,0.024285014619883038
runtime_scalability,HPA,10019,5000.0,5000,4881,3004,16.718033333326673,60.08,52.38373284163082,99.93168592916452,27.008333333333333,35857.0,2928.0,0.014567801628423391
runtime_scalability,HPA,10020,5000.0,5000,4823,3530,16.09995333332819,70.6,44.82977399958532,99.9276954473217,25.180555555555557,32309.0,3791.0,0.02454936329588015
runtime_scalability,HPA,10021,5000.0,5000,4799,3132,16.263099999994587,62.64,50.94269639508231,99.9140691832853,25.975694444444443,34158.0,3181.0,0.021412706766917294
runtime_scalability,HPA,10022,5000.0,5000,4841,2994,16.674613333327414,59.88,51.991737244370995,99.93822415023887,26.244444444444444,34272.0,3513.0,0.030238966789667896
runtime_scalability,HPA,10023,5000.0,5000,4800,3234,16.13843999999386,64.68,48.63625,99.9243028002251,25.329166666666666,32769.0,3659.0,0.021370765832106037
runtime_scalability,HPA,10024,5000.0,5000,4893,2780,17.562559999993834,55.6,52.69507459636215,99.93062208232594,29.175694444444446,40340.0,1172.0,0.025987158671586717
runtime_scalability,HPA,10025,5000.0,5000,4862,3091,16.489786666660454,61.82,50.50349650349651,99.93235445162928,25.88125,33703.0,3529.0,0.01760825350036846
runtime_scalability,HPA,10026,5000.0,5000,4872,3196,16.809613333327448,63.92,50.13977832512315,99.93675244908572,26.055555555555557,33729.0,3781.0,0.025098749080206036
runtime_scalability,HPA,10027,5000.0,5000,4869,3007,16.939359999993947,60.14,56.478537687410146,99.93865532471781,26.42152777777778,34416.0,3623.0,0.050352483320978504
runtime_scalability,HPA,10028,5000.0,5000,4814,2935,16.358279999993293,58.7,52.02451184046531,99.93727261322293,25.945833333333333,33911.0,3435.0,0.03488731671554252
runtime_scalability,HPA,10029,5000.0,5000,4807,3245,16.56507999999437,64.9,49.23653006032869,99.93512952471565,25.68125,33131.0,3821.0,0.016796296296296295
runtime_scalability,AMRP,10000,10000.0,10000,9525,8981,32.98101333334149,89.81,22.303412073490815,99.84368501917656,45.61666666666667,63137.0,61.0,0.1939867231638418
runtime_scalability,AMRP,10001,10000.0,10000,9780,9122,34.16352000000392,91.22,26.255725971370143,81.83729616836693,47.86527777777778,66304.0,14.0,0.17815854849965107
runtime_scalability,AMRP,10002,10000.0,10000,9837,8408,33.80776000000319,84.08,30.21012503812138,87.18225249311514,47.84583333333333,66575.0,129.0,0.15165560975609757
runtime_scalability,AMRP,10003,10000.0,10000,9807,7303,34.191579999999206,73.03,33.39583970633221,86.86071924814601,48.38263888888889,67606.0,384.0,0.2034184637068358
runtime_scalability,AMRP,10004,10000.0,10000,9544,7200,32.93562666666927,72.0,34.575335289186924,99.8457180245959,46.81041666666667,65089.0,508.0,0.14130833917309038
runtime_scalability,AMRP,10005,10000.0,10000,9828,9053,34.590906666669724,90.53,28.950854700854702,93.04215213720497,49.525,69426.0,4.0,0.15360670859538786
runtime_scalability,AMRP,10006,10000.0,10000,9783,8734,35.019653333328066,87.34,31.18072166002249,83.40916916240604,52.114583333333336,72727.0,2.0,0.16208420684835778
runtime_scalability,AMRP,10007,10000.0,10000,9723,7219,34.065439999998716,72.19,35.965751311323665,91.56769823921746,48.75277777777778,67712.0,669.0,0.16794096301465458
runtime_scalability,AMRP,10008,10000.0,10000,9804,8827,33.606586666670886,88.27,28.139942880456957,86.89493418588667,46.641666666666666,65486.0,44.0,0.16670571827057185
runtime_scalability,AMRP,10009,10000.0,10000,9767,6522,33.81002666666542,65.22,39.586669396948906,91.34730880960927,46.85069444444444,64105.0,2114.0,0.10727644163150492
runtime_scalability,AMRP,10010,10000.0,10000,9759,6878,35.41725333331883,68.78,47.15554872425454,90.15168953641297,55.34791666666667,77032.0,1076.0,0.1029337752965806
runtime_scalability,AMRP,10011,10000.0,10000,9603,8871,33.65268666667103,88.71,25.66250130167656,92.29496671672709,47.97083333333333,66520.0,33.0,0.1770179830747532
runtime_scalability,AMRP,10012,10000.0,10000,9810,7777,34.357786666665405,77.77,33.97288481141692,90.52505855550015,49.15416666666667,68942.0,208.0,0.08596074177746676
runtime_scalability,AMRP,10013,10000.0,10000,9771,7130,33.704539999997,71.3,38.56104799918125,90.39118259417246,47.60347222222222,64727.0,2508.0,0.11047812939521799
runtime_scalability,AMRP,10014,10000.0,10000,9783,7511,33.88203999999664,75.11,33.919554328937956,86.36089564088535,49.43680555555556,69335.0,166.0,0.1225843288826423
runtime_scalability,AMRP,10015,10000.0,10000,9840,8106,34.28672000000067,81.06,31.81869918699187,86.0380880939939,48.31388888888889,67459.0,169.0,0.14693382250174702
runtime_scalability,AMRP,10016,10000.0,10000,9826,7407,33.87269333333401,74.07,33.71015672705068,89.93410345023962,47.65347222222222,66106.0,708.0,0.09448355493351994
runtime_scalability,AMRP,10017,10000.0,10000,9805,7813,34.4033466666666,78.13,31.357980622131567,87.41106790358673,48.87361111111111,68032.0,372.0,0.17604954640614096
runtime_scalability,AMRP,10018,10000.0,10000,9650,7806,33.592106666668634,78.06,31.940932642487045,96.3679311066174,46.858333333333334,64844.0,1099.0,0.13686477591036414
runtime_scalability,AMRP,10019,10000.0,10000,9806,7004,33.5365133333322,70.04,38.475015296757086,88.59382923215493,46.39652777777778,62885.0,2632.0,0.14901405594405595
runtime_scalability,AMRP,10020,10000.0,10000,9740,8771,34.39207999999578,87.71,29.628439425051333,96.04511458777252,50.91458333333333,70923.0,8.0,0.1305757042253521
runtime_scalability,AMRP,10021,10000.0,10000,9766,8998,34.1994133333357,89.98,25.35193528568503,97.79357756217568,48.66180555555555,67609.0,10.0,0.17882734265734265
runtime_scalability,AMRP,10022,10000.0,10000,9797,7991,33.688613333334025,79.91,34.625089313055014,88.49735745750166,47.11875,63991.0,2021.0,0.17120195530726257
runtime_scalability,AMRP,10023,10000.0,10000,9707,8561,34.15677999999494,85.61,33.3668486659112,88.87755196450149,50.420833333333334,71035.0,47.0,0.1322805980528512
runtime_scalability,AMRP,10024,10000.0,10000,9831,8546,34.538226666666795,85.46,29.43627301393551,88.53632929858566,49.75,69334.0,52.0,0.1458398316970547
runtime_scalability,AMRP,10025,10000.0,10000,9838,8950,34.27464000000291,89.5,27.250457410042692,90.7209360219069,48.12569444444444,67183.0,23.0,0.15526853146853145
runtime_scalability,AMRP,10026,10000.0,10000,9853,7422,33.94497333333809,74.22,32.200852532223685,85.08323545986858,46.44583333333333,64490.0,773.0,0.16982752100840337
runtime_scalability,AMRP,10027,10000.0,10000,9706,5399,37.21442666664013,53.99,63.072326396043685,88.69486969992637,63.52361111111111,89705.0,709.0,0.14667147862648913
runtime_scalability,AMRP,10028,10000.0,10000,9729,7232,33.228359999998034,72.32,36.9184911090554,84.67002989075688,46.13194444444444,62334.0,2609.0,0.1088168876482903
runtime_scalability,AMRP,10029,10000.0,10000,9736,7877,34.073066666667486,78.77,30.58309367296631,84.34288049155836,47.239583333333336,65396.0,721.0,0.17195498257839723
runtime_scalability,BADP,10000,10000.0,10000,9757,9757,25.388853333330843,97.57,4.273957158962796,92.93606600390659,11.083333333333334,36.0,15800.0,0.0498350988700565
runtime_scalability,BADP,10001,10000.0,10000,9936,9936,27.11845333333061,99.36,2.8087761674718195,83.99890026805964,11.7875,21.0,16933.0,0.03330516399162596
runtime_scalability,BADP,10002,10000.0,10000,9991,9991,26.82447999999731,99.91,2.8414573115804225,85.8688425506195,11.657638888888888,10.0,16751.0,0.027089407665505227
runtime_scalability,BADP,10003,10000.0,10000,9997,9997,26.952746666663945,99.97,3.9335800740222067,93.12453984255534,11.7625,43.0,16777.0,0.05641190979563073
runtime_scalability,BADP,10004,10000.0,10000,9801,9801,26.273333333330708,98.01,2.931435567799204,87.42434791923303,11.427083333333334,10.0,16397.0,0.06670399439383322
runtime_scalability,BADP,10005,10000.0,10000,9994,9994,26.940853333330686,99.94,3.7736641985191115,91.48489485108348,11.745138888888889,32.0,16783.0,0.043982250174703
runtime_scalability,BADP,10006,10000.0,10000,9996,9996,26.64117333333068,99.96,3.6849739895958384,91.48034747935058,11.613888888888889,33.0,16597.0,0.05566946191474493
runtime_scalability,BADP,10007,10000.0,10000,9952,9952,26.98117333333064,99.52,3.204079581993569,90.83355771819825,11.75625,28.0,16816.0,0.08450788555478018
runtime_scalability,BADP,10008,10000.0,10000,9972,9972,26.886133333330637,99.72,3.292920176494184,91.70270924881493,11.70486111111111,18.0,16767.0,0.045667433751743376
runtime_scalability,BADP,10009,10000.0,10000,9974,9974,26.83973333333064,99.74,4.183677561660317,93.31721921608481,11.720138888888888,33.0,16699.0,0.07160203938115331
runtime_scalability,BADP,10010,10000.0,10000,9998,9998,27.107946666663945,99.98,2.8380676135227048,85.89016294508146,11.783333333333333,17.0,16926.0,0.02844947662247034
runtime_scalability,BADP,10011,10000.0,10000,9853,9853,25.72746666666402,98.53,4.247234344869583,92.98006721520454,11.247222222222222,46.0,15993.0,0.053297249647390695
runtime_scalability,BADP,10012,10000.0,10000,9998,9998,26.838186666663926,99.98,3.519603920784157,87.54773016546456,11.686805555555555,22.0,16734.0,0.034248145556333105
runtime_scalability,BADP,10013,10000.0,10000,9983,9983,26.739413333330656,99.83,3.8356205549434037,91.17190388170054,11.654166666666667,34.0,16661.0,0.06321420534458509
runtime_scalability,BADP,10014,10000.0,10000,9979,9979,26.525066666664014,99.79,3.6048702274777034,92.05856108926268,11.575694444444444,39.0,16511.0,0.027426633872101196
runtime_scalability,BADP,10015,10000.0,10000,9998,9998,26.98847999999729,99.98,3.039507901580316,84.05916187345932,11.734722222222222,17.0,16847.0,0.03298141160027952
runtime_scalability,BADP,10016,10000.0,10000,9991,9991,26.400639999997377,99.91,3.651886698028225,87.61995149214383,11.505555555555556,22.0,16451.0,0.04884191742477257
runtime_scalability,BADP,10017,10000.0,10000,9998,9998,26.818293333330605,99.98,3.6769353870774153,90.85466477338143,11.689583333333333,29.0,16709.0,0.046985066294487086
runtime_scalability,BADP,10018,10000.0,10000,9884,9884,26.559733333330655,98.84,3.6161473087818696,86.95652173913042,11.575,20.0,16550.0,0.057238305322128855
runtime_scalability,BADP,10019,10000.0,10000,9997,9997,26.74997333333066,99.97,3.441632489746924,91.13256591162272,11.649305555555555,21.0,16678.0,0.054327622377622384
runtime_scalability,BADP,10020,10000.0,10000,9962,9962,26.177439999997425,99.62,4.403131901224653,93.5219875116248,11.45,59.0,16266.0,0.04244739436619718
runtime_scalability,BADP,10021,10000.0,10000,9970,9970,26.546933333330735,99.7,4.185456369107322,93.93407354286701,11.593055555555555,47.0,16516.0,0.04603174825174825
runtime_scalability,BADP,10022,10000.0,10000,9981,9981,27.1795733333306,99.81,2.7786794910329626,88.0248358695099,11.818055555555556,20.0,16966.0,0.04859874301675978
runtime_scalability,BADP,10023,10000.0,10000,9928,9928,26.60335999999735,99.28,3.393029814665592,90.1087907965487,11.592361111111112,24.0,16579.0,0.03677809457579972
runtime_scalability,BADP,10024,10000.0,10000,9997,9997,26.8726933333306,99.97,3.47704311293388,87.54442735133414,11.70138888888889,19.0,16756.0,0.04280476858345021
runtime_scalability,BADP,10025,10000.0,10000,9993,9993,26.658559999997287,99.93,3.8776143300310215,90.20069375619424,11.634722222222223,32.0,16594.0,0.05851678321678322
runtime_scalability,BADP,10026,10000.0,10000,9998,9998,26.589173333330642,99.98,3.522704540908182,89.24197587070338,11.585416666666667,14.0,16571.0,0.05425525210084034
runtime_scalability,BADP,10027,10000.0,10000,9997,9997,27.66309333333055,99.97,3.052715814744423,85.98741384477073,12.034722222222221,40.0,17263.0,0.05808402242466714
runtime_scalability,BADP,10028,10000.0,10000,9949,9949,26.581119999997345,99.49,3.47291185043723,90.82120021569986,11.579166666666667,11.0,16569.0,0.03849909281228192
runtime_scalability,BADP,10029,10000.0,10000,9924,9924,26.760213333330658,99.24,3.2528214429665456,86.74623826224685,11.639583333333333,8.0,16700.0,0.021614703832752612
runtime_scalability,BADP_PLUS,10000,10000.0,10000,9757,9757,25.331973333330815,97.57,4.313928461617301,95.71362547792107,11.020833333333334,0.0,15808.0,0.2640033898305085
runtime_scalability,BADP_PLUS,10001,10000.0,10000,9936,9936,27.11461333333061,99.36,2.8309178743961354,84.88695990153526,11.775694444444444,0.0,16941.0,0.20630949057920447
runtime_scalability,BADP_PLUS,10002,10000.0,10000,9991,9991,26.811786666663977,99.91,2.8581723551196077,87.92652265380471,11.645833333333334,0.0,16750.0,0.14765560975609757
runtime_scalability,BADP_PLUS,10003,10000.0,10000,9997,9997,26.91791999999729,99.97,3.976592977893368,95.74563815427686,11.708333333333334,0.0,16799.0,0.2669095137420719
runtime_scalability,BADP_PLUS,10004,10000.0,10000,9801,9801,26.26735999999737,98.01,2.953270074482196,89.91971454058876,11.411111111111111,0.0,16408.0,0.2624930623686055
runtime_scalability,BADP_PLUS,10005,10000.0,10000,9994,9994,26.90165333333064,99.94,3.689513708224935,90.31522358882462,11.686805555555555,0.0,16804.0,0.22707288609364082
runtime_scalability,BADP_PLUS,10006,10000.0,10000,9996,9996,26.870399999997307,99.96,3.426170468187275,92.59599485577806,11.677777777777777,0.0,16781.0,0.25515317959468903
runtime_scalability,BADP_PLUS,10007,10000.0,10000,9952,9952,26.98671999999729,99.52,3.116258038585209,91.88696444849587,11.727083333333333,0.0,16855.0,0.2716327285415213
runtime_scalability,BADP_PLUS,10008,10000.0,10000,9972,9972,26.872319999997305,99.72,3.2879061371841156,94.4704779756326,11.682638888888889,0.0,16777.0,0.25294665271966527
runtime_scalability,BADP_PLUS,10009,10000.0,10000,9974,9974,26.87245333333064,99.74,4.072688991377582,94.73984349423927,11.684027777777779,0.0,16776.0,0.25746680731364274
runtime_scalability,BADP_PLUS,10010,10000.0,10000,9998,9998,27.10597333333061,99.98,2.856371274254851,89.01696490820356,11.774305555555555,0.0,16933.0,0.1798056524773203
runtime_scalability,BADP_PLUS,10011,10000.0,10000,9853,9853,25.65789333333075,98.53,4.335735309042931,95.50948843057904,11.159722222222221,0.0,16013.0,0.2428559238363893
runtime_scalability,BADP_PLUS,10012,10000.0,10000,9998,9998,26.89797333333063,99.98,3.3884776955391076,89.01696490820356,11.684027777777779,0.0,16803.0,0.21285045486354093
runtime_scalability,BADP_PLUS,10013,10000.0,10000,9983,9983,26.711546666663992,99.83,3.773615145747771,94.83969023666496,11.615277777777777,0.0,16675.0,0.3183842475386779
runtime_scalability,BADP_PLUS,10014,10000.0,10000,9979,9979,26.456319999997355,99.79,3.637238200220463,94.4704779756326,11.502777777777778,0.0,16517.0,0.25219852424455375
runtime_scalability,BADP_PLUS,10015,10000.0,10000,9998,9998,26.977279999997293,99.98,3.0657131426285256,88.49868305531169,11.718055555555555,0.0,16853.0,0.18417938504542278
runtime_scalability,BADP_PLUS,10016,10000.0,10000,9991,9991,26.383279999997363,99.91,3.839755780202182,94.2937324602432,11.469444444444445,0.0,16472.0,0.27111350594821554
runtime_scalability,BADP_PLUS,10017,10000.0,10000,9998,9998,27.03757333333062,99.98,3.1104220844168835,91.75440103048518,11.747916666666667,0.0,16887.0,0.24840048848569435
runtime_scalability,BADP_PLUS,10018,10000.0,10000,9884,9884,26.572026666664,98.84,3.611189801699717,93.27274987224992,11.549305555555556,0.0,16593.0,0.31165910364145655
runtime_scalability,BADP_PLUS,10019,10000.0,10000,9997,9997,26.735413333330655,99.97,3.4713414024207263,94.5817967573701,11.622916666666667,0.0,16691.0,0.2754474825174825
runtime_scalability,BADP_PLUS,10020,10000.0,10000,9962,9962,26.137973333330734,99.62,4.427323830556113,95.15846257585972,11.36736111111111,0.0,16315.0,0.2358345070422535
runtime_scalability,BADP_PLUS,10021,10000.0,10000,9970,9970,26.493359999997356,99.7,4.322266800401204,95.83851385943099,11.525694444444444,0.0,16533.0,0.24924930069930068
runtime_scalability,BADP_PLUS,10022,10000.0,10000,9981,9981,27.174346666663936,99.81,2.796012423604849,90.6793914029804,11.805555555555555,0.0,16974.0,0.2004046787709497
runtime_scalability,BADP_PLUS,10023,10000.0,10000,9928,9928,26.502239999997347,99.28,3.6076752618855763,94.1041292639138,11.520138888888889,0.0,16547.0,0.2712221140472879
runtime_scalability,BADP_PLUS,10024,10000.0,10000,9997,9997,26.916133333330627,99.97,3.189156747024107,88.21984946612987,11.691666666666666,0.0,16815.0,0.20565035063113607
runtime_scalability,BADP_PLUS,10025,10000.0,10000,9993,9993,26.790186666663974,99.93,3.555789052336636,92.99965401914426,11.643055555555556,0.0,16730.0,0.2073751048951049
runtime_scalability,BADP_PLUS,10026,10000.0,10000,9998,9998,26.59727999999733,99.98,3.735247049409882,93.18430120178165,11.560416666666667,0.0,16609.0,0.23030238095238095
runtime_scalability,BADP_PLUS,10027,10000.0,10000,9997,9997,27.658106666663883,99.97,3.067220166049815,90.12163426551615,12.015277777777778,0.0,17277.0,0.20068808689558512
runtime_scalability,BADP_PLUS,10028,10000.0,10000,9949,9949,26.55191999999734,99.49,3.59583877776661,93.44242473096608,11.540277777777778,0.0,16580.0,0.1866881367759944
runtime_scalability,BADP_PLUS,10029,10000.0,10000,9924,9924,26.749093333330652,99.24,3.2557436517533254,90.85086390396378,11.621527777777779,0.0,16708.0,0.15342153310104528
runtime_scalability,CDASCALER,10000,10000.0,10000,9538,7607,29.45986666666462,76.07,30.436884042776263,99.91126051823858,33.16597222222222,37830.0,9892.0,0.06562203389830508
runtime_scalability,CDASCALER,10001,10000.0,10000,9791,9283,33.98048000000584,92.83,21.97885813502196,40.731784197043076,46.772222222222226,64676.0,14.0,0.6194845080251221
runtime_scalability,CDASCALER,10002,10000.0,10000,9871,9355,33.76021333333988,93.55,21.874683416067267,42.55463026952315,46.5625,64321.0,2.0,0.5936225087108014
runtime_scalability,CDASCALER,10003,10000.0,10000,9789,7130,31.456793333337036,71.3,35.366738175503116,99.92691158451386,36.03611111111111,42956.0,8918.0,0.06579922480620155
runtime_scalability,CDASCALER,10004,10000.0,10000,9581,9003,32.931306666674104,90.03,22.96200814111262,72.02155603292427,45.701388888888886,63249.0,36.0,0.29585795374912405
runtime_scalability,CDASCALER,10005,10000.0,10000,9869,9349,34.49626666667368,93.49,22.069307933934542,55.51625839960248,47.297916666666666,65422.0,4.0,0.45693123689727466
runtime_scalability,CDASCALER,10006,10000.0,10000,9870,7110,33.438326666675536,71.1,35.897061803444785,99.90815384862103,43.669444444444444,59663.0,2734.0,0.09277686932215234
runtime_scalability,CDASCALER,10007,10000.0,10000,9788,9249,34.0497600000056,92.49,22.201879852881078,67.87649220946894,46.85069444444444,64833.0,4.0,0.2660970690858339
runtime_scalability,CDASCALER,10008,10000.0,10000,9829,9281,33.88245333333808,92.81,22.001933055244685,63.22591074590637,46.68402777777778,64659.0,3.0,0.3146714086471409
runtime_scalability,CDASCALER,10009,10000.0,10000,9834,9279,34.122933333337556,92.79,24.208867195444377,99.90047608988836,46.87916666666667,65579.0,9.0,0.1192387482419128
runtime_scalability,CDASCALER,10010,10000.0,10000,9870,9706,44.52967999992288,97.06,23.08277608915907,63.54287968819119,96.6986111111111,136885.0,0.0,0.623964829030007
runtime_scalability,CDASCALER,10011,10000.0,10000,9534,5198,31.52842000000679,51.98,43.427837214180826,99.89870009906788,40.00833333333333,52939.0,4642.0,0.07763631875881523
runtime_scalability,CDASCALER,10012,10000.0,10000,9870,9339,34.28810666667258,93.39,22.19270516717325,52.532371212299374,47.09305555555556,65196.0,0.0,0.39582911126662
runtime_scalability,CDASCALER,10013,10000.0,10000,9849,7479,32.334753333343315,74.79,33.087115443192204,99.92042288144428,40.06666666666667,51839.0,5465.0,0.08388445850914206
runtime_scalability,CDASCALER,10014,10000.0,10000,9807,4936,32.342746666673996,49.36,44.28428673396554,99.92374462370041,40.7625,53984.0,4705.0,0.0730071679550246
runtime_scalability,CDASCALER,10015,10000.0,10000,9867,9356,34.23056000000507,93.56,21.79041248606466,44.426236643846856,47.03541666666667,65032.0,0.0,0.5412642208245981
runtime_scalability,CDASCALER,10016,10000.0,10000,9871,9316,33.925360000007146,93.16,22.3013879039611,89.61356463424778,46.69166666666667,64528.0,1.0,0.09088075577326801
runtime_scalability,CDASCALER,10017,10000.0,10000,9842,8432,30.514186666663896,84.32,26.93355009144483,99.9378281293175,32.173611111111114,34109.0,12213.0,0.0922837404047453
runtime_scalability,CDASCALER,10018,10000.0,10000,9638,5345,32.360120000004315,53.45,42.12720481427682,99.93386848986154,41.793055555555554,56490.0,3614.0,0.07299992997198879
runtime_scalability,CDASCALER,10019,10000.0,10000,9877,6827,33.12655333334179,68.27,35.75923863521312,99.92148300106975,43.584722222222226,59528.0,2471.0,0.09579279720279721
runtime_scalability,CDASCALER,10020,10000.0,10000,9711,7092,31.05225333333644,70.92,35.67881783544434,99.90669127252369,36.14861111111111,43645.0,8379.0,0.06892443661971831
runtime_scalability,CDASCALER,10021,10000.0,10000,9755,7909,30.501079999999366,79.09,30.389133777549976,99.91115570746187,33.607638888888886,37814.0,10555.0,0.0615579020979021
runtime_scalability,CDASCALER,10022,10000.0,10000,9837,8364,30.303999999995945,83.64,27.24905967266443,99.93908382066277,32.27777777777778,34560.0,11920.0,0.4842305167597765
runtime_scalability,CDASCALER,10023,10000.0,10000,9603,5086,33.39222666665505,50.86,53.94689159637613,99.92550167174248,48.10347222222222,63827.0,5423.0,0.09259972183588318
runtime_scalability,CDASCALER,10024,10000.0,10000,9880,9346,34.197280000006685,93.46,22.30060728744939,86.29409267697022,46.97847222222222,65026.0,0.0,0.1551748948106592
runtime_scalability,CDASCALER,10025,10000.0,10000,9839,8448,30.347079999997693,84.48,26.94186401057018,99.93716751141457,31.96527777777778,33819.0,12191.0,0.07256622377622378
runtime_scalability,CDASCALER,10026,10000.0,10000,9867,9333,34.19272000000651,93.33,22.029796290665857,88.47371040396779,46.9625,64981.0,3.0,0.17109334733893558
runtime_scalability,CDASCALER,10027,10000.0,10000,9888,9732,44.801813333253534,97.32,23.34445792880259,55.71968638787334,97.24722222222222,137669.0,0.0,1.2876285914505956
runtime_scalability,CDASCALER,10028,10000.0,10000,9798,8376,30.137279999997514,83.76,27.511839150847113,99.9385447394297,32.141666666666666,34391.0,11886.0,0.15230104675505932
runtime_scalability,CDASCALER,10029,10000.0,10000,9744,7851,30.81233333333205,78.51,31.500718390804597,99.93471928221176,34.04097222222222,38541.0,10467.0,0.05238627177700349
runtime_scalability,CEDULE,10000,10000.0,10000,9756,9756,24.767333333330875,97.56,23.824928249282493,73.73062461113965,10.756944444444445,4.0,15472.0,0.030199929378531075
runtime_scalability,CEDULE,10001,10000.0,10000,9936,9936,25.428159999997465,99.36,24.778582930756844,44.3711521547933,11.03888888888889,1.0,15890.0,0.030918632240055824
runtime_scalability,CEDULE,10002,10000.0,10000,9991,9991,25.187706666664152,99.91,24.553097788009207,72.27572804435425,10.940972222222221,6.0,15733.0,0.036896864111498257
runtime_scalability,CEDULE,10003,10000.0,10000,9997,9997,25.612399999997447,99.97,24.812843853155947,70.61997877823252,11.125694444444445,7.0,15998.0,0.02997019027484144
runtime_scalability,CEDULE,10004,10000.0,10000,9801,9801,24.699573333330882,98.01,23.944087338026733,71.0291493158834,10.727777777777778,4.0,15429.0,0.04464562018220042
runtime_scalability,CEDULE,10005,10000.0,10000,9994,9994,25.746826666664095,99.94,25.009105463277965,65.372399040643,11.179166666666667,0.0,16087.0,0.031139133473095736
runtime_scalability,CEDULE,10006,10000.0,10000,9996,9996,25.748133333330763,99.96,25.037014805922368,73.73062461113965,11.182638888888889,2.0,16085.0,0.04356254367575122
runtime_scalability,CEDULE,10007,10000.0,10000,9952,9952,25.488506666664126,99.52,24.492865755627008,82.03460689815351,11.072222222222223,4.0,15921.0,0.044893230983949754
runtime_scalability,CEDULE,10008,10000.0,10000,9972,9972,25.335253333330808,99.72,24.737164059366226,76.14251486378559,11.004861111111111,1.0,15825.0,0.040465271966527196
runtime_scalability,CEDULE,10009,10000.0,10000,9974,9974,25.63959999999744,99.74,24.91267294966914,81.18102755243733,11.138194444444444,3.0,16015.0,0.03517405063291139
runtime_scalability,CEDULE,10010,10000.0,10000,9998,9998,25.552453333330785,99.98,24.800160032006403,68.65874583184952,11.096527777777778,0.0,15964.0,0.027251639916259597
runtime_scalability,CEDULE,10011,10000.0,10000,9853,9853,25.076533333330826,98.53,24.161778138637978,76.15838247683233,10.89375,4.0,15662.0,0.03743462623413258
runtime_scalability,CEDULE,10012,10000.0,10000,9998,9998,25.61783999999744,99.98,25.031106221244247,77.97716150081564,11.126388888888888,1.0,16004.0,0.02164303708887334
runtime_scalability,CEDULE,10013,10000.0,10000,9983,9983,25.50325333333079,99.83,24.619553240508864,86.60989827408845,11.080555555555556,6.0,15930.0,0.04163691983122363
runtime_scalability,CEDULE,10014,10000.0,10000,9979,9979,25.181253333330826,99.79,24.584026455556668,64.02800014893695,10.935416666666667,0.0,15732.0,0.03264820801124385
runtime_scalability,CEDULE,10015,10000.0,10000,9998,9998,25.603093333330776,99.98,24.775255051010202,72.47998357626768,11.11875,0.0,15995.0,0.0455062893081761
runtime_scalability,CEDULE,10016,10000.0,10000,9991,9991,25.325946666664144,99.91,24.8167350615554,68.66888896080778,10.998611111111112,1.0,15822.0,0.032776836948915325
runtime_scalability,CEDULE,10017,10000.0,10000,9998,9998,25.64581333333077,99.98,24.979595919183836,65.16555224361555,11.136805555555556,0.0,16023.0,0.02859658060013957
runtime_scalability,CEDULE,10018,10000.0,10000,9884,9884,25.379653333330804,98.84,24.514771347632536,77.96454855244694,11.022222222222222,0.0,15856.0,0.02950791316526611
runtime_scalability,CEDULE,10019,10000.0,10000,9997,9997,25.340826666664142,99.97,24.584375312593778,68.69927899382455,11.00625,3.0,15830.0,0.03981447552447553
runtime_scalability,CEDULE,10020,10000.0,10000,9962,9962,25.393413333330813,99.62,24.658803453121863,75.0826647527747,11.029861111111112,2.0,15862.0,0.04572718309859154
runtime_scalability,CEDULE,10021,10000.0,10000,9970,9970,25.568026666664114,99.7,24.60752256770311,76.27106244970615,11.104861111111111,0.0,15972.0,0.05050713286713287
runtime_scalability,CEDULE,10022,10000.0,10000,9981,9981,25.342293333330808,99.81,24.565674782085964,76.43429313704264,11.00625,1.0,15832.0,0.03341298882681564
runtime_scalability,CEDULE,10023,10000.0,10000,9928,9928,25.30687999999748,99.28,24.559629331184528,70.0152207001522,10.991666666666667,1.0,15809.0,0.03864930458970793
runtime_scalability,CEDULE,10024,10000.0,10000,9997,9997,25.524426666664112,99.97,24.96038811643493,67.72052792483781,11.083333333333334,0.0,15948.0,0.032034922861150075
runtime_scalability,CEDULE,10025,10000.0,10000,9993,9993,25.62911999999744,99.93,24.93315320724507,69.32599724896836,11.128472222222221,0.0,16013.0,0.031106923076923077
runtime_scalability,CEDULE,10026,10000.0,10000,9998,9998,25.566506666664107,99.98,24.88617723544709,65.40603548763112,11.102083333333333,3.0,15973.0,0.04337724089635855
runtime_scalability,CEDULE,10027,10000.0,10000,9997,9997,25.68893333333076,99.97,24.935680704211265,70.57537574009412,11.156944444444445,3.0,16048.0,0.03630546601261387
runtime_scalability,CEDULE,10028,10000.0,10000,9949,9949,25.23237333333082,99.49,24.573927027841993,69.38740490762454,10.959027777777777,4.0,15762.0,0.02313307745987439
runtime_scalability,CEDULE,10029,10000.0,10000,9924,9924,25.62335999999744,99.24,24.592402257154372,53.19261213720316,11.123611111111112,0.0,16012.0,0.02600801393728223
runtime_scalability,CEMA,10000,10000.0,10000,9494,7140,28.071786666665812,71.4,37.21371392458395,99.88864650262339,33.545833333333334,40338.0,7963.0,0.06860338983050847
runtime_scalability,CEMA,10001,10000.0,10000,9713,6232,30.012613333333857,62.32,44.39658190054566,99.92979584934943,36.96041666666667,46785.0,6438.0,0.05386266573621772
runtime_scalability,CEMA,10002,10000.0,10000,9800,6790,29.560826666669396,67.9,42.53122448979592,99.93258067845478,35.78472222222222,44301.0,7229.0,0.04420083623693379
runtime_scalability,CEMA,10003,10000.0,10000,9858,5659,31.488326666674133,56.59,43.59251369446135,99.9194124366911,39.922222222222224,52540.0,4931.0,0.07008964059196618
runtime_scalability,CEMA,10004,10000.0,10000,9589,6743,28.641119999997628,67.43,40.56450099071853,99.91443861359441,34.97847222222222,42840.0,7528.0,0.05255795374912404
runtime_scalability,CEMA,10005,10000.0,10000,9828,7045,30.31762666666978,70.45,40.922669922669925,99.91967271003598,36.24722222222222,44651.0,7533.0,0.06619028651292802
runtime_scalability,CEMA,10006,10000.0,10000,9845,6374,30.99996666666947,63.74,43.766988318943625,99.92632380337578,38.68819444444444,49482.0,6229.0,0.05624102026554857
runtime_scalability,CEMA,10007,10000.0,10000,9726,6288,30.37825333333429,62.88,42.80248817602303,99.92967288841108,38.022222222222226,49117.0,5634.0,0.0609831123517097
runtime_scalability,CEMA,10008,10000.0,10000,9738,5405,30.95041333333956,54.05,45.221503388786196,99.92621528307112,39.87847222222222,53189.0,4221.0,0.06074630404463041
runtime_scalability,CEMA,10009,10000.0,10000,9784,6058,31.813113333337686,60.58,44.23119378577269,99.9231575229083,42.015277777777776,55964.0,4514.0,0.06858945147679325
runtime_scalability,CEMA,10010,10000.0,10000,9843,5763,31.106693333337375,57.63,46.463679772427106,99.93589137975248,39.397222222222226,51268.0,5463.0,0.054011165387299366
runtime_scalability,CEMA,10011,10000.0,10000,9549,6758,28.949020000002324,67.58,40.20263901979265,99.886408173797,35.36666666666667,43936.0,6990.0,0.04196022566995769
runtime_scalability,CEMA,10012,10000.0,10000,9822,6438,30.69526666667294,64.38,42.98330278965587,99.92829077876216,37.90138888888889,48435.0,6132.0,0.05216235129461162
runtime_scalability,CEMA,10013,10000.0,10000,9805,5994,31.53122000000365,59.94,43.48118306986232,99.92417078243847,41.5375,54751.0,5063.0,0.0675028129395218
runtime_scalability,CEMA,10014,10000.0,10000,9768,5453,30.60801333333723,54.53,46.60257985257985,99.92393914611615,39.269444444444446,51527.0,5021.0,0.058316584680252984
runtime_scalability,CEMA,10015,10000.0,10000,9805,5523,32.06085333333831,55.23,48.07373788883223,99.92689634236174,42.769444444444446,58068.0,3486.0,0.05482816212438854
runtime_scalability,CEMA,10016,10000.0,10000,9811,6376,30.238326666667955,63.76,43.355621241463666,99.92644595003229,37.47152777777778,47478.0,6480.0,0.06277067879636108
runtime_scalability,CEMA,10017,10000.0,10000,9842,6772,30.475093333336144,67.72,41.79018492176387,99.92663866065361,37.12986111111111,46374.0,7093.0,0.06130411723656664
runtime_scalability,CEMA,10018,10000.0,10000,9661,6591,29.743273333333455,65.91,42.519821964599934,99.91521330077732,36.81458333333333,45967.0,7043.0,0.04830693277310924
runtime_scalability,CEMA,10019,10000.0,10000,9834,5713,31.046986666672527,57.13,43.88804148871263,99.92829716754434,39.44097222222222,51722.0,5058.0,0.07992797202797203
runtime_scalability,CEMA,10020,10000.0,10000,9692,6505,29.90894000000139,65.05,42.67860090796533,99.90509866478892,37.30416666666667,47116.0,6600.0,0.057946690140845074
runtime_scalability,CEMA,10021,10000.0,10000,9674,6936,29.509246666668453,69.36,39.46888567293777,99.88360088645912,35.71388888888889,43882.0,7545.0,0.06046839160839161
runtime_scalability,CEMA,10022,10000.0,10000,9755,6415,30.668453333331346,64.15,45.001742696053306,99.93626719034961,39.670833333333334,51439.0,5687.0,0.06455013966480447
runtime_scalability,CEMA,10023,10000.0,10000,9692,6161,30.087880000001775,61.61,43.88278992983904,99.92790366145343,37.734027777777776,47986.0,6348.0,0.06811383866481224
runtime_scalability,CEMA,10024,10000.0,10000,9816,7826,29.11699333333236,78.26,35.60299511002445,99.92887752816503,33.49861111111111,38781.0,9456.0,0.06090729312762974
runtime_scalability,CEMA,10025,10000.0,10000,9854,6478,31.051506666672232,64.78,41.275015222244775,99.92261959381449,38.84305555555556,49867.0,6055.0,0.06570006993006992
runtime_scalability,CEMA,10026,10000.0,10000,9821,5593,31.400120000005654,55.93,46.166276346604214,99.92706697703039,40.31388888888889,53489.0,4548.0,0.06270147058823529
runtime_scalability,CEMA,10027,10000.0,10000,9822,5863,31.163893333341047,58.63,46.0816534310731,99.93030294984467,39.014583333333334,50717.0,5450.0,0.052793272599859845
runtime_scalability,CEMA,10028,10000.0,10000,9712,5346,30.4249066666702,53.46,46.06064662273476,99.93481900266212,38.765972222222224,50522.0,5301.0,0.06174277739009072
runtime_scalability,CEMA,10029,10000.0,10000,9700,6929,29.609053333334376,69.29,40.19845360824742,99.92537651322178,35.43194444444445,43491.0,7529.0,0.05120432055749129
runtime_scalability,EDF,10000,10000.0,10000,9602,8821,29.212846666667726,88.21,11.205686315350968,99.87814702832162,29.41875,32442.0,8936.0,0.06668573446327684
runtime_scalability,EDF,10001,10000.0,10000,9919,9426,29.494133333332005,94.26,7.480391168464563,99.9252666799526,28.09513888888889,28088.0,11416.0,0.07746113049546406
runtime_scalability,EDF,10002,10000.0,10000,9987,9357,29.43909999999805,93.57,8.984579953940122,99.90523223367624,27.199305555555554,27111.0,10909.0,0.0738397212543554
runtime_scalability,EDF,10003,10000.0,10000,9986,9438,29.91072666666381,94.38,8.957840977368315,99.85598003483811,25.620833333333334,24195.0,11381.0,0.05417463002114165
runtime_scalability,EDF,10004,10000.0,10000,9760,9370,28.688059999998497,93.7,6.968545081967213,99.88391642504327,24.2375,21970.0,11568.0,0.07931114225648213
runtime_scalability,EDF,10005,10000.0,10000,9987,9277,29.925506666665946,92.77,9.619305096625613,99.90471776460816,27.90763888888889,28002.0,11263.0,0.1101874213836478
runtime_scalability,EDF,10006,10000.0,10000,9990,9390,30.651966666665952,93.9,9.151451451451452,99.9015729367114,29.67361111111111,31656.0,9541.0,0.09706261355695318
runtime_scalability,EDF,10007,10000.0,10000,9925,9455,29.417406666665553,94.55,7.425692695214106,99.90672385800937,25.52986111111111,23746.0,11879.0,0.0783231681786462
runtime_scalability,EDF,10008,10000.0,10000,9956,9238,29.65159333333057,92.38,10.304037766171152,99.86172379483969,27.158333333333335,26952.0,11017.0,0.1044225941422594
runtime_scalability,EDF,10009,10000.0,10000,9956,9228,30.267299999997356,92.28,11.123141824025714,99.84556666004809,27.631944444444443,28125.0,10463.0,0.09922440225035163
runtime_scalability,EDF,10010,10000.0,10000,9992,9447,30.533486666666033,94.47,9.232786228983187,99.8930394342214,29.352777777777778,31484.0,9153.0,0.0757758548499651
runtime_scalability,EDF,10011,10000.0,10000,9791,9082,29.67262666666883,90.82,10.51475845163926,99.86172355229647,28.929861111111112,31289.0,9335.0,0.09174527503526092
runtime_scalability,EDF,10012,10000.0,10000,9989,9428,30.020853333331647,94.28,8.318750625688256,99.90173389981716,27.329166666666666,27256.0,10895.0,0.08013589923023093
runtime_scalability,EDF,10013,10000.0,10000,9972,9367,29.44863999999812,93.67,8.88898916967509,99.85658341393108,24.438194444444445,22083.0,11908.0,0.08267461322081575
runtime_scalability,EDF,10014,10000.0,10000,9973,9460,29.652999999997668,94.6,8.37992579965908,99.87275411004225,26.161805555555556,25555.0,10621.0,0.07503703443429374
runtime_scalability,EDF,10015,10000.0,10000,9992,9347,30.173939999998662,93.47,9.196357085668534,99.91105861237445,29.08888888888889,30781.0,9962.0,0.0842624039133473
runtime_scalability,EDF,10016,10000.0,10000,9981,9219,30.246406666667824,92.19,10.38974050696323,99.90390634191202,30.510416666666668,33572.0,9178.0,0.08325192442267319
runtime_scalability,EDF,10017,10000.0,10000,9984,9326,30.069359999999428,93.26,9.455128205128204,99.89390697938951,28.120833333333334,28258.0,11007.0,0.09364431263084437
runtime_scalability,EDF,10018,10000.0,10000,9840,9342,29.933773333332386,93.42,7.935670731707317,99.88725156554823,27.613194444444446,27703.0,10616.0,0.08895077030812325
runtime_scalability,EDF,10019,10000.0,10000,9988,9391,29.61061333333083,93.91,9.052563075690829,99.87108107428243,25.899305555555557,25113.0,10857.0,0.11212251748251748
runtime_scalability,EDF,10020,10000.0,10000,9943,9239,29.630173333332618,92.39,9.99889369405612,99.88322938248699,27.431944444444444,27669.0,10787.0,0.08544338028169014
runtime_scalability,EDF,10021,10000.0,10000,9946,8900,29.855633333332932,89.0,12.750955157852403,99.84971204260239,29.29375,30761.0,10671.0,0.11227083916083917
runtime_scalability,EDF,10022,10000.0,10000,9968,9518,29.58289333333239,95.18,7.468599518459069,99.87566842744963,25.115972222222222,23165.0,11503.0,0.10173561452513966
runtime_scalability,EDF,10023,10000.0,10000,9895,9219,29.759813333331184,92.19,9.595957554320364,99.89431122310168,27.330555555555556,27619.0,10453.0,0.09289374130737135
runtime_scalability,EDF,10024,10000.0,10000,9990,9235,29.819146666664185,92.35,10.242342342342342,99.90506907126309,27.993055555555557,27856.0,11347.0,0.07199628330995793
runtime_scalability,EDF,10025,10000.0,10000,9988,9236,30.1575066666661,92.36,10.413596315578694,99.88377930177731,28.479166666666668,29581.0,10355.0,0.08049853146853146
runtime_scalability,EDF,10026,10000.0,10000,9989,9437,29.950246666664604,94.37,8.285614175593153,99.91487734045859,28.281944444444445,28939.0,10601.0,0.07380217086834734
runtime_scalability,EDF,10027,10000.0,10000,9993,9683,30.05671333333105,96.83,6.698989292504753,99.89061219071826,25.875694444444445,23867.0,11915.0,0.07534597056762439
runtime_scalability,EDF,10028,10000.0,10000,9923,9288,29.72493999999811,92.88,9.164164063287313,99.88461063236437,27.036805555555556,27163.0,10437.0,0.061282344731332865
runtime_scalability,EDF,10029,10000.0,10000,9895,9503,29.994439999999006,95.03,7.2138453764527535,99.90859912932208,27.150694444444444,26668.0,10915.0,0.03912912891986063
runtime_scalability,HPA,10000,10000.0,10000,9475,7033,28.830933333333128,70.33,36.84031662269129,99.89185690908603,34.62152777777778,41907.0,7914.0,0.04427055084745763
runtime_scalability,HPA,10001,10000.0,10000,9796,9243,34.08725333333891,92.43,24.084115965700285,99.90167824225175,46.87916666666667,64692.0,14.0,0.11503893928820655
runtime_scalability,HPA,10002,10000.0,10000,9872,9314,33.80389333333979,93.14,24.129659643435982,99.90370977713566,46.60625,64357.0,2.0,0.107521393728223
runtime_scalability,HPA,10003,10000.0,10000,9861,5981,31.964513333340204,59.81,41.78267924145624,99.92150131699681,39.36666666666667,50475.0,6154.0,0.07063615221987314
runtime_scalability,HPA,10004,10000.0,10000,9582,7978,32.37578666667617,79.78,30.690148194531414,99.91780856752594,44.865972222222226,63194.0,331.0,0.09266713384723195
runtime_scalability,HPA,10005,10000.0,10000,9871,7605,34.14768000000657,76.05,31.543916523148617,99.92579986863504,46.62291666666667,65521.0,359.0,0.07975604472396924
runtime_scalability,HPA,10006,10000.0,10000,9859,6162,31.594240000003634,61.62,43.701085302769044,99.92547983075347,39.63333333333333,51184.0,5787.0,0.0602182389937107
runtime_scalability,HPA,10007,10000.0,10000,9799,6228,33.33106666667168,62.28,38.502602306357794,99.93323886063588,44.675,62134.0,1593.0,0.07422456385205861
runtime_scalability,HPA,10008,10000.0,10000,9828,7836,33.510426666673496,78.36,30.693935693935693,99.92962242661874,45.63472222222222,63505.0,734.0,0.08932071129707114
runtime_scalability,HPA,10009,10000.0,10000,9819,7418,32.64400000000677,74.18,36.912516549546794,99.92327182018832,42.88055555555555,57484.0,3574.0,0.05640028129395218
runtime_scalability,HPA,10010,10000.0,10000,9658,4156,37.466773333294604,41.56,73.0642990267136,99.9357118366414,67.39791666666666,93325.0,3616.0,0.0961914166085136
runtime_scalability,HPA,10011,10000.0,10000,9521,6175,29.999540000003677,61.75,41.49438084234849,99.88994242570945,37.31597222222222,47451.0,6265.0,0.061282581100141044
runtime_scalability,HPA,10012,10000.0,10000,9868,8985,34.02298666667292,89.85,27.279590595865425,99.92071111415885,46.799305555555556,65772.0,28.0,0.07563296011196641
runtime_scalability,HPA,10013,10000.0,10000,9812,7101,32.15030000000397,71.01,39.685589074602525,99.92229332282787,42.394444444444446,55820.0,4927.0,0.07724521800281293
runtime_scalability,HPA,10014,10000.0,10000,9748,6198,31.027853333336004,61.98,42.331965531391056,99.92479641314702,38.36527777777778,48675.0,6560.0,0.041035347856640904
runtime_scalability,HPA,10015,10000.0,10000,9871,9316,34.30162666667157,93.16,23.937493668321345,99.90884628266066,47.105555555555554,65084.0,0.0,0.08027686932215233
runtime_scalability,HPA,10016,10000.0,10000,9871,5718,31.844426666670994,57.18,43.93070610880357,99.92920899509349,39.986805555555556,52420.0,5078.0,0.052717284814555634
runtime_scalability,HPA,10017,10000.0,10000,9838,8339,30.119106666664464,83.39,28.15541776783899,99.93545786715912,32.259027777777774,34775.0,11670.0,0.04633454291695743
runtime_scalability,HPA,10018,10000.0,10000,9627,5633,31.073733333335852,56.33,44.36397631660954,99.91158255264494,38.927083333333336,50013.0,6030.0,0.07119831932773109
runtime_scalability,HPA,10019,10000.0,10000,9868,6052,31.685233333339422,60.52,41.43585326307256,99.92922049271797,39.516666666666666,50893.0,5763.0,0.0746579020979021
runtime_scalability,HPA,10020,10000.0,10000,9688,6992,30.33696000000088,69.92,38.56471924029727,99.90383171958267,36.733333333333334,45083.0,7791.0,0.051197253521126765
runtime_scalability,HPA,10021,10000.0,10000,9681,6858,30.361786666669246,68.58,38.591261233343666,99.8901015723481,36.67638888888889,45398.0,7389.0,0.07121412587412587
runtime_scalability,HPA,10022,10000.0,10000,9836,8370,30.20725333332927,83.7,28.953334688897925,99.938958220293,32.22083333333333,34522.0,11876.0,0.08481710893854749
runtime_scalability,HPA,10023,10000.0,10000,9694,5233,31.388513333338363,52.33,45.07551062512895,99.92314394235409,39.52777777777778,51463.0,5443.0,0.06039589707927677
runtime_scalability,HPA,10024,10000.0,10000,9870,5702,32.25041333333674,57.02,42.787132725430595,99.93467028792008,40.44444444444444,52834.0,5326.0,0.06155610098176718
runtime_scalability,HPA,10025,10000.0,10000,9865,7292,31.43506666667394,72.92,37.57313735428282,99.91962739530625,38.72569444444444,49405.0,6206.0,0.0650890909090909
runtime_scalability,HPA,10026,10000.0,10000,9865,5633,32.432866666671885,56.33,44.16431829700963,99.93194823331696,41.46527777777778,54959.0,4475.0,0.06713718487394958
runtime_scalability,HPA,10027,10000.0,10000,9885,5282,44.46311999992373,52.82,47.54132524026303,99.92773055285794,96.04583333333333,137440.0,0.0,0.18155213735108622
runtime_scalability,HPA,10028,10000.0,10000,9795,8359,30.01043999999751,83.59,28.007656967840735,99.93842617298141,32.05138888888889,34326.0,11822.0,0.055214654570830426
runtime_scalability,HPA,10029,10000.0,10000,9752,8155,29.56842666666518,81.55,29.977543068088597,99.9309218180408,32.49861111111111,36001.0,10786.0,0.03471707317073171
